"","st","agec2","year","N_IPD"
"1","1","<5 years",1998,7
"2","1","<5 years",1999,6
"3","1","<5 years",2000,8
"4","1","<5 years",2001,3
"5","1","<5 years",2002,5
"6","1","<5 years",2003,1
"7","1","<5 years",2004,8
"8","1","<5 years",2005,7
"9","1","<5 years",2006,7
"10","1","<5 years",2007,4
"11","1","<5 years",2008,6
"12","1","<5 years",2009,7
"13","1","5-49 years",1998,49
"14","1","5-49 years",1999,34
"15","1","5-49 years",2000,29
"16","1","5-49 years",2001,27
"17","1","5-49 years",2002,19
"18","1","5-49 years",2003,23
"19","1","5-49 years",2004,18
"20","1","5-49 years",2005,29
"21","1","5-49 years",2006,33
"22","1","5-49 years",2007,20
"23","1","5-49 years",2008,35
"24","1","5-49 years",2009,24
"25","1","5-49 years",2010,21
"26","1","5-49 years",2011,4
"27","1","5-49 years",2012,5
"28","1","5-49 years",2013,2
"29","1","5-49 years",2016,1
"30","1","5-49 years",2018,1
"31","1","5-49 years",2019,1
"32","1","5-49 years",2022,1
"33","1","50+ years",1998,31
"34","1","50+ years",1999,19
"35","1","50+ years",2000,13
"36","1","50+ years",2001,14
"37","1","50+ years",2002,8
"38","1","50+ years",2003,16
"39","1","50+ years",2004,10
"40","1","50+ years",2005,16
"41","1","50+ years",2006,16
"42","1","50+ years",2007,18
"43","1","50+ years",2008,22
"44","1","50+ years",2009,14
"45","1","50+ years",2010,13
"46","1","50+ years",2011,6
"47","1","50+ years",2012,2
"48","1","50+ years",2013,2
"49","10A","<5 years",1998,3
"50","10A","<5 years",1999,1
"51","10A","<5 years",2000,4
"52","10A","<5 years",2001,3
"53","10A","<5 years",2002,6
"54","10A","<5 years",2003,5
"55","10A","<5 years",2004,4
"56","10A","<5 years",2005,7
"57","10A","<5 years",2006,8
"58","10A","<5 years",2007,11
"59","10A","<5 years",2008,4
"60","10A","<5 years",2009,8
"61","10A","<5 years",2010,7
"62","10A","<5 years",2011,4
"63","10A","<5 years",2012,8
"64","10A","<5 years",2013,4
"65","10A","<5 years",2014,10
"66","10A","<5 years",2015,10
"67","10A","<5 years",2016,4
"68","10A","<5 years",2017,4
"69","10A","<5 years",2018,6
"70","10A","<5 years",2019,5
"71","10A","<5 years",2020,1
"72","10A","<5 years",2021,3
"73","10A","<5 years",2022,5
"74","10A","<5 years",2023,5
"75","10A","5-49 years",1998,9
"76","10A","5-49 years",1999,8
"77","10A","5-49 years",2000,7
"78","10A","5-49 years",2001,9
"79","10A","5-49 years",2002,5
"80","10A","5-49 years",2003,9
"81","10A","5-49 years",2004,8
"82","10A","5-49 years",2005,10
"83","10A","5-49 years",2006,13
"84","10A","5-49 years",2007,15
"85","10A","5-49 years",2008,20
"86","10A","5-49 years",2009,16
"87","10A","5-49 years",2010,13
"88","10A","5-49 years",2011,13
"89","10A","5-49 years",2012,11
"90","10A","5-49 years",2013,17
"91","10A","5-49 years",2014,11
"92","10A","5-49 years",2015,8
"93","10A","5-49 years",2016,10
"94","10A","5-49 years",2017,15
"95","10A","5-49 years",2018,13
"96","10A","5-49 years",2019,13
"97","10A","5-49 years",2020,3
"98","10A","5-49 years",2021,7
"99","10A","5-49 years",2022,7
"100","10A","5-49 years",2023,7
"101","10A","50+ years",1998,15
"102","10A","50+ years",1999,7
"103","10A","50+ years",2000,10
"104","10A","50+ years",2001,10
"105","10A","50+ years",2002,15
"106","10A","50+ years",2003,15
"107","10A","50+ years",2004,14
"108","10A","50+ years",2005,27
"109","10A","50+ years",2006,28
"110","10A","50+ years",2007,28
"111","10A","50+ years",2008,24
"112","10A","50+ years",2009,31
"113","10A","50+ years",2010,28
"114","10A","50+ years",2011,23
"115","10A","50+ years",2012,17
"116","10A","50+ years",2013,43
"117","10A","50+ years",2014,28
"118","10A","50+ years",2015,34
"119","10A","50+ years",2016,31
"120","10A","50+ years",2017,41
"121","10A","50+ years",2018,31
"122","10A","50+ years",2019,37
"123","10A","50+ years",2020,25
"124","10A","50+ years",2021,14
"125","10A","50+ years",2022,23
"126","10A","50+ years",2023,27
"127","10F","<5 years",2016,1
"128","10F","<5 years",2017,1
"129","10F","5-49 years",2005,1
"130","10F","5-49 years",2009,1
"131","10F","5-49 years",2010,1
"132","10F","5-49 years",2019,1
"133","10F","5-49 years",2020,1
"134","10F","5-49 years",2023,3
"135","10F","50+ years",2002,1
"136","10F","50+ years",2003,1
"137","10F","50+ years",2004,1
"138","10F","50+ years",2006,1
"139","10F","50+ years",2011,1
"140","10F","50+ years",2013,2
"141","10F","50+ years",2015,1
"142","10F","50+ years",2016,2
"143","10F","50+ years",2017,2
"144","10F","50+ years",2018,2
"145","10F","50+ years",2019,2
"146","10F","50+ years",2020,1
"147","10F","50+ years",2021,3
"148","10F","50+ years",2022,1
"149","10F","50+ years",2023,1
"150","11A","<5 years",1998,2
"151","11A","<5 years",1999,1
"152","11A","<5 years",2000,1
"153","11A","<5 years",2001,4
"154","11A","<5 years",2002,5
"155","11A","<5 years",2003,4
"156","11A","<5 years",2004,1
"157","11A","<5 years",2005,7
"158","11A","<5 years",2006,3
"159","11A","<5 years",2007,2
"160","11A","<5 years",2008,4
"161","11A","<5 years",2009,5
"162","11A","<5 years",2010,5
"163","11A","<5 years",2011,3
"164","11A","<5 years",2012,6
"165","11A","<5 years",2013,2
"166","11A","<5 years",2014,5
"167","11A","<5 years",2015,4
"168","11A","<5 years",2016,3
"169","11A","<5 years",2017,2
"170","11A","<5 years",2018,4
"171","11A","<5 years",2019,3
"172","11A","<5 years",2021,3
"173","11A","<5 years",2022,5
"174","11A","<5 years",2023,7
"175","11A","5-49 years",1998,20
"176","11A","5-49 years",1999,21
"177","11A","5-49 years",2000,20
"178","11A","5-49 years",2001,27
"179","11A","5-49 years",2002,36
"180","11A","5-49 years",2003,42
"181","11A","5-49 years",2004,33
"182","11A","5-49 years",2005,24
"183","11A","5-49 years",2006,25
"184","11A","5-49 years",2007,18
"185","11A","5-49 years",2008,19
"186","11A","5-49 years",2009,23
"187","11A","5-49 years",2010,19
"188","11A","5-49 years",2011,18
"189","11A","5-49 years",2012,30
"190","11A","5-49 years",2013,32
"191","11A","5-49 years",2014,19
"192","11A","5-49 years",2015,20
"193","11A","5-49 years",2016,15
"194","11A","5-49 years",2017,28
"195","11A","5-49 years",2018,16
"196","11A","5-49 years",2019,15
"197","11A","5-49 years",2020,22
"198","11A","5-49 years",2021,7
"199","11A","5-49 years",2022,17
"200","11A","5-49 years",2023,16
"201","11A","50+ years",1998,37
"202","11A","50+ years",1999,37
"203","11A","50+ years",2000,38
"204","11A","50+ years",2001,40
"205","11A","50+ years",2002,64
"206","11A","50+ years",2003,70
"207","11A","50+ years",2004,65
"208","11A","50+ years",2005,70
"209","11A","50+ years",2006,79
"210","11A","50+ years",2007,69
"211","11A","50+ years",2008,59
"212","11A","50+ years",2009,59
"213","11A","50+ years",2010,62
"214","11A","50+ years",2011,78
"215","11A","50+ years",2012,68
"216","11A","50+ years",2013,80
"217","11A","50+ years",2014,87
"218","11A","50+ years",2015,67
"219","11A","50+ years",2016,69
"220","11A","50+ years",2017,97
"221","11A","50+ years",2018,87
"222","11A","50+ years",2019,81
"223","11A","50+ years",2020,47
"224","11A","50+ years",2021,34
"225","11A","50+ years",2022,52
"226","11A","50+ years",2023,76
"227","11B","<5 years",2013,1
"228","11B","5-49 years",1998,1
"229","11B","5-49 years",1999,1
"230","11B","5-49 years",2003,1
"231","11B","5-49 years",2015,1
"232","11B","50+ years",2001,1
"233","11B","50+ years",2012,1
"234","11B","50+ years",2015,1
"235","11C","5-49 years",1998,1
"236","11C","50+ years",1998,1
"237","11C","50+ years",2000,1
"238","12A","<5 years",2000,1
"239","12A","5-49 years",2000,1
"240","12A","50+ years",1999,1
"241","12A","50+ years",2001,1
"242","12B","50+ years",2000,1
"243","12F","<5 years",1998,13
"244","12F","<5 years",1999,13
"245","12F","<5 years",2000,7
"246","12F","<5 years",2001,15
"247","12F","<5 years",2002,10
"248","12F","<5 years",2003,11
"249","12F","<5 years",2004,11
"250","12F","<5 years",2005,15
"251","12F","<5 years",2006,11
"252","12F","<5 years",2007,11
"253","12F","<5 years",2008,6
"254","12F","<5 years",2009,7
"255","12F","<5 years",2010,7
"256","12F","<5 years",2011,8
"257","12F","<5 years",2012,8
"258","12F","<5 years",2013,6
"259","12F","<5 years",2014,3
"260","12F","<5 years",2015,6
"261","12F","<5 years",2016,5
"262","12F","<5 years",2017,2
"263","12F","<5 years",2018,2
"264","12F","<5 years",2019,2
"265","12F","<5 years",2022,1
"266","12F","5-49 years",1998,68
"267","12F","5-49 years",1999,93
"268","12F","5-49 years",2000,80
"269","12F","5-49 years",2001,93
"270","12F","5-49 years",2002,67
"271","12F","5-49 years",2003,80
"272","12F","5-49 years",2004,76
"273","12F","5-49 years",2005,94
"274","12F","5-49 years",2006,67
"275","12F","5-49 years",2007,62
"276","12F","5-49 years",2008,48
"277","12F","5-49 years",2009,25
"278","12F","5-49 years",2010,38
"279","12F","5-49 years",2011,42
"280","12F","5-49 years",2012,36
"281","12F","5-49 years",2013,49
"282","12F","5-49 years",2014,52
"283","12F","5-49 years",2015,44
"284","12F","5-49 years",2016,38
"285","12F","5-49 years",2017,34
"286","12F","5-49 years",2018,32
"287","12F","5-49 years",2019,32
"288","12F","5-49 years",2020,29
"289","12F","5-49 years",2021,25
"290","12F","5-49 years",2022,38
"291","12F","5-49 years",2023,66
"292","12F","50+ years",1998,58
"293","12F","50+ years",1999,70
"294","12F","50+ years",2000,62
"295","12F","50+ years",2001,65
"296","12F","50+ years",2002,54
"297","12F","50+ years",2003,63
"298","12F","50+ years",2004,51
"299","12F","50+ years",2005,77
"300","12F","50+ years",2006,83
"301","12F","50+ years",2007,69
"302","12F","50+ years",2008,39
"303","12F","50+ years",2009,42
"304","12F","50+ years",2010,48
"305","12F","50+ years",2011,64
"306","12F","50+ years",2012,59
"307","12F","50+ years",2013,97
"308","12F","50+ years",2014,107
"309","12F","50+ years",2015,90
"310","12F","50+ years",2016,63
"311","12F","50+ years",2017,74
"312","12F","50+ years",2018,64
"313","12F","50+ years",2019,68
"314","12F","50+ years",2020,31
"315","12F","50+ years",2021,25
"316","12F","50+ years",2022,55
"317","12F","50+ years",2023,66
"318","13","<5 years",2007,1
"319","13","<5 years",2009,2
"320","13","<5 years",2021,2
"321","13","5-49 years",1998,5
"322","13","5-49 years",1999,7
"323","13","5-49 years",2000,7
"324","13","5-49 years",2001,7
"325","13","5-49 years",2002,6
"326","13","5-49 years",2003,10
"327","13","5-49 years",2004,5
"328","13","5-49 years",2005,4
"329","13","5-49 years",2006,4
"330","13","5-49 years",2007,6
"331","13","5-49 years",2008,2
"332","13","5-49 years",2009,2
"333","13","5-49 years",2011,2
"334","13","5-49 years",2012,4
"335","13","5-49 years",2013,1
"336","13","5-49 years",2014,2
"337","13","5-49 years",2015,2
"338","13","5-49 years",2016,3
"339","13","5-49 years",2017,1
"340","13","5-49 years",2018,4
"341","13","5-49 years",2019,3
"342","13","5-49 years",2020,1
"343","13","5-49 years",2022,2
"344","13","5-49 years",2023,5
"345","13","50+ years",1998,5
"346","13","50+ years",1999,4
"347","13","50+ years",2000,4
"348","13","50+ years",2001,5
"349","13","50+ years",2002,4
"350","13","50+ years",2003,3
"351","13","50+ years",2004,7
"352","13","50+ years",2005,9
"353","13","50+ years",2006,7
"354","13","50+ years",2007,1
"355","13","50+ years",2008,6
"356","13","50+ years",2009,3
"357","13","50+ years",2010,9
"358","13","50+ years",2011,4
"359","13","50+ years",2012,7
"360","13","50+ years",2013,10
"361","13","50+ years",2014,5
"362","13","50+ years",2015,5
"363","13","50+ years",2016,4
"364","13","50+ years",2017,1
"365","13","50+ years",2018,4
"366","13","50+ years",2019,2
"367","13","50+ years",2020,3
"368","13","50+ years",2021,7
"369","13","50+ years",2022,6
"370","13","50+ years",2023,4
"371","14","<5 years",1998,312
"372","14","<5 years",1999,333
"373","14","<5 years",2000,302
"374","14","<5 years",2001,101
"375","14","<5 years",2002,22
"376","14","<5 years",2003,13
"377","14","<5 years",2004,3
"378","14","<5 years",2005,2
"379","14","<5 years",2007,2
"380","14","<5 years",2011,2
"381","14","<5 years",2014,1
"382","14","5-49 years",1998,116
"383","14","5-49 years",1999,171
"384","14","5-49 years",2000,147
"385","14","5-49 years",2001,123
"386","14","5-49 years",2002,61
"387","14","5-49 years",2003,53
"388","14","5-49 years",2004,20
"389","14","5-49 years",2005,15
"390","14","5-49 years",2006,8
"391","14","5-49 years",2007,5
"392","14","5-49 years",2008,5
"393","14","5-49 years",2009,4
"394","14","5-49 years",2010,2
"395","14","5-49 years",2011,1
"396","14","5-49 years",2012,2
"397","14","5-49 years",2013,1
"398","14","5-49 years",2015,1
"399","14","5-49 years",2018,1
"400","14","5-49 years",2021,1
"401","14","5-49 years",2022,1
"402","14","5-49 years",2023,4
"403","14","50+ years",1998,205
"404","14","50+ years",1999,267
"405","14","50+ years",2000,265
"406","14","50+ years",2001,191
"407","14","50+ years",2002,138
"408","14","50+ years",2003,83
"409","14","50+ years",2004,46
"410","14","50+ years",2005,37
"411","14","50+ years",2006,24
"412","14","50+ years",2007,23
"413","14","50+ years",2008,13
"414","14","50+ years",2009,11
"415","14","50+ years",2010,6
"416","14","50+ years",2011,4
"417","14","50+ years",2012,3
"418","14","50+ years",2013,1
"419","14","50+ years",2014,3
"420","14","50+ years",2015,2
"421","14","50+ years",2016,4
"422","14","50+ years",2017,4
"423","14","50+ years",2018,3
"424","14","50+ years",2019,2
"425","14","50+ years",2020,3
"426","14","50+ years",2023,1
"427","15A","<5 years",2003,2
"428","15A","<5 years",2004,1
"429","15A","<5 years",2005,1
"430","15A","<5 years",2006,6
"431","15A","<5 years",2007,12
"432","15A","<5 years",2008,7
"433","15A","<5 years",2009,5
"434","15A","<5 years",2010,6
"435","15A","<5 years",2011,9
"436","15A","<5 years",2012,6
"437","15A","<5 years",2013,3
"438","15A","<5 years",2014,9
"439","15A","<5 years",2015,9
"440","15A","<5 years",2016,11
"441","15A","<5 years",2017,4
"442","15A","<5 years",2018,6
"443","15A","<5 years",2019,5
"444","15A","<5 years",2020,6
"445","15A","<5 years",2021,9
"446","15A","<5 years",2022,7
"447","15A","<5 years",2023,9
"448","15A","5-49 years",1998,3
"449","15A","5-49 years",1999,3
"450","15A","5-49 years",2000,5
"451","15A","5-49 years",2001,2
"452","15A","5-49 years",2002,8
"453","15A","5-49 years",2003,6
"454","15A","5-49 years",2004,10
"455","15A","5-49 years",2005,16
"456","15A","5-49 years",2006,12
"457","15A","5-49 years",2007,23
"458","15A","5-49 years",2008,24
"459","15A","5-49 years",2009,30
"460","15A","5-49 years",2010,15
"461","15A","5-49 years",2011,23
"462","15A","5-49 years",2012,22
"463","15A","5-49 years",2013,26
"464","15A","5-49 years",2014,21
"465","15A","5-49 years",2015,20
"466","15A","5-49 years",2016,19
"467","15A","5-49 years",2017,13
"468","15A","5-49 years",2018,23
"469","15A","5-49 years",2019,16
"470","15A","5-49 years",2020,6
"471","15A","5-49 years",2021,15
"472","15A","5-49 years",2022,21
"473","15A","5-49 years",2023,18
"474","15A","50+ years",1998,4
"475","15A","50+ years",1999,5
"476","15A","50+ years",2000,4
"477","15A","50+ years",2001,4
"478","15A","50+ years",2002,14
"479","15A","50+ years",2003,7
"480","15A","50+ years",2004,24
"481","15A","50+ years",2005,45
"482","15A","50+ years",2006,67
"483","15A","50+ years",2007,81
"484","15A","50+ years",2008,67
"485","15A","50+ years",2009,73
"486","15A","50+ years",2010,59
"487","15A","50+ years",2011,69
"488","15A","50+ years",2012,58
"489","15A","50+ years",2013,70
"490","15A","50+ years",2014,82
"491","15A","50+ years",2015,85
"492","15A","50+ years",2016,92
"493","15A","50+ years",2017,98
"494","15A","50+ years",2018,113
"495","15A","50+ years",2019,105
"496","15A","50+ years",2020,52
"497","15A","50+ years",2021,49
"498","15A","50+ years",2022,76
"499","15A","50+ years",2023,78
"500","15B","<5 years",1998,7
"501","15B","<5 years",1999,3
"502","15B","<5 years",2000,4
"503","15B","<5 years",2001,6
"504","15B","<5 years",2002,7
"505","15B","<5 years",2003,12
"506","15B","<5 years",2004,8
"507","15B","<5 years",2005,8
"508","15B","<5 years",2006,3
"509","15B","<5 years",2007,6
"510","15B","<5 years",2008,5
"511","15B","<5 years",2009,4
"512","15B","<5 years",2010,11
"513","15B","<5 years",2011,7
"514","15B","<5 years",2012,13
"515","15B","<5 years",2013,15
"516","15B","<5 years",2014,6
"517","15B","<5 years",2015,4
"518","15B","<5 years",2016,8
"519","15B","<5 years",2017,5
"520","15B","<5 years",2018,9
"521","15B","<5 years",2019,6
"522","15B","<5 years",2020,1
"523","15B","<5 years",2021,5
"524","15B","<5 years",2022,3
"525","15B","<5 years",2023,10
"526","15B","5-49 years",1998,10
"527","15B","5-49 years",1999,6
"528","15B","5-49 years",2000,7
"529","15B","5-49 years",2001,7
"530","15B","5-49 years",2002,10
"531","15B","5-49 years",2003,10
"532","15B","5-49 years",2004,17
"533","15B","5-49 years",2005,17
"534","15B","5-49 years",2006,10
"535","15B","5-49 years",2007,13
"536","15B","5-49 years",2008,4
"537","15B","5-49 years",2009,9
"538","15B","5-49 years",2010,9
"539","15B","5-49 years",2011,11
"540","15B","5-49 years",2012,13
"541","15B","5-49 years",2013,15
"542","15B","5-49 years",2014,13
"543","15B","5-49 years",2015,12
"544","15B","5-49 years",2016,9
"545","15B","5-49 years",2017,12
"546","15B","5-49 years",2018,5
"547","15B","5-49 years",2019,10
"548","15B","5-49 years",2020,5
"549","15B","5-49 years",2021,7
"550","15B","5-49 years",2022,5
"551","15B","5-49 years",2023,23
"552","15B","50+ years",1998,12
"553","15B","50+ years",1999,17
"554","15B","50+ years",2000,8
"555","15B","50+ years",2001,9
"556","15B","50+ years",2002,24
"557","15B","50+ years",2003,30
"558","15B","50+ years",2004,20
"559","15B","50+ years",2005,27
"560","15B","50+ years",2006,19
"561","15B","50+ years",2007,23
"562","15B","50+ years",2008,20
"563","15B","50+ years",2009,27
"564","15B","50+ years",2010,18
"565","15B","50+ years",2011,37
"566","15B","50+ years",2012,35
"567","15B","50+ years",2013,35
"568","15B","50+ years",2014,31
"569","15B","50+ years",2015,33
"570","15B","50+ years",2016,36
"571","15B","50+ years",2017,37
"572","15B","50+ years",2018,23
"573","15B","50+ years",2019,32
"574","15B","50+ years",2020,20
"575","15B","50+ years",2021,19
"576","15B","50+ years",2022,33
"577","15B","50+ years",2023,36
"578","15C","<5 years",1998,5
"579","15C","<5 years",1999,3
"580","15C","<5 years",2000,4
"581","15C","<5 years",2001,15
"582","15C","<5 years",2002,29
"583","15C","<5 years",2003,13
"584","15C","<5 years",2004,22
"585","15C","<5 years",2005,18
"586","15C","<5 years",2006,14
"587","15C","<5 years",2007,9
"588","15C","<5 years",2008,14
"589","15C","<5 years",2009,9
"590","15C","<5 years",2010,12
"591","15C","<5 years",2011,11
"592","15C","<5 years",2012,12
"593","15C","<5 years",2013,14
"594","15C","<5 years",2014,9
"595","15C","<5 years",2015,11
"596","15C","<5 years",2016,11
"597","15C","<5 years",2017,8
"598","15C","<5 years",2018,12
"599","15C","<5 years",2019,8
"600","15C","<5 years",2020,10
"601","15C","<5 years",2021,7
"602","15C","<5 years",2022,13
"603","15C","<5 years",2023,9
"604","15C","5-49 years",1998,5
"605","15C","5-49 years",1999,3
"606","15C","5-49 years",2000,6
"607","15C","5-49 years",2001,12
"608","15C","5-49 years",2002,6
"609","15C","5-49 years",2003,9
"610","15C","5-49 years",2004,9
"611","15C","5-49 years",2005,10
"612","15C","5-49 years",2006,7
"613","15C","5-49 years",2007,13
"614","15C","5-49 years",2008,9
"615","15C","5-49 years",2009,6
"616","15C","5-49 years",2010,7
"617","15C","5-49 years",2011,9
"618","15C","5-49 years",2012,10
"619","15C","5-49 years",2013,6
"620","15C","5-49 years",2014,8
"621","15C","5-49 years",2015,4
"622","15C","5-49 years",2016,10
"623","15C","5-49 years",2017,8
"624","15C","5-49 years",2018,10
"625","15C","5-49 years",2019,6
"626","15C","5-49 years",2020,8
"627","15C","5-49 years",2021,4
"628","15C","5-49 years",2022,10
"629","15C","5-49 years",2023,10
"630","15C","50+ years",1998,2
"631","15C","50+ years",1999,2
"632","15C","50+ years",2000,7
"633","15C","50+ years",2001,6
"634","15C","50+ years",2002,10
"635","15C","50+ years",2003,10
"636","15C","50+ years",2004,13
"637","15C","50+ years",2005,11
"638","15C","50+ years",2006,18
"639","15C","50+ years",2007,9
"640","15C","50+ years",2008,17
"641","15C","50+ years",2009,21
"642","15C","50+ years",2010,12
"643","15C","50+ years",2011,19
"644","15C","50+ years",2012,26
"645","15C","50+ years",2013,28
"646","15C","50+ years",2014,14
"647","15C","50+ years",2015,14
"648","15C","50+ years",2016,17
"649","15C","50+ years",2017,25
"650","15C","50+ years",2018,22
"651","15C","50+ years",2019,26
"652","15C","50+ years",2020,12
"653","15C","50+ years",2021,7
"654","15C","50+ years",2022,18
"655","15C","50+ years",2023,21
"656","15D","50+ years",2018,1
"657","15F","<5 years",2016,1
"658","15F","5-49 years",1998,1
"659","15F","5-49 years",2000,1
"660","15F","5-49 years",2008,1
"661","15F","5-49 years",2019,1
"662","15F","50+ years",1998,2
"663","15F","50+ years",2007,1
"664","15F","50+ years",2021,1
"665","15F","50+ years",2022,1
"666","16A","5-49 years",2001,1
"667","16A","50+ years",2001,1
"668","16F","<5 years",1998,2
"669","16F","<5 years",1999,2
"670","16F","<5 years",2000,3
"671","16F","<5 years",2002,2
"672","16F","<5 years",2003,5
"673","16F","<5 years",2004,3
"674","16F","<5 years",2005,5
"675","16F","<5 years",2006,7
"676","16F","<5 years",2007,5
"677","16F","<5 years",2008,4
"678","16F","<5 years",2009,7
"679","16F","<5 years",2010,5
"680","16F","<5 years",2011,1
"681","16F","<5 years",2012,1
"682","16F","<5 years",2013,2
"683","16F","<5 years",2014,5
"684","16F","<5 years",2015,6
"685","16F","<5 years",2016,3
"686","16F","<5 years",2017,2
"687","16F","<5 years",2018,5
"688","16F","<5 years",2019,7
"689","16F","<5 years",2021,3
"690","16F","<5 years",2022,6
"691","16F","<5 years",2023,1
"692","16F","5-49 years",1998,18
"693","16F","5-49 years",1999,21
"694","16F","5-49 years",2000,11
"695","16F","5-49 years",2001,22
"696","16F","5-49 years",2002,22
"697","16F","5-49 years",2003,26
"698","16F","5-49 years",2004,30
"699","16F","5-49 years",2005,29
"700","16F","5-49 years",2006,26
"701","16F","5-49 years",2007,21
"702","16F","5-49 years",2008,24
"703","16F","5-49 years",2009,34
"704","16F","5-49 years",2010,16
"705","16F","5-49 years",2011,13
"706","16F","5-49 years",2012,25
"707","16F","5-49 years",2013,19
"708","16F","5-49 years",2014,18
"709","16F","5-49 years",2015,23
"710","16F","5-49 years",2016,17
"711","16F","5-49 years",2017,15
"712","16F","5-49 years",2018,23
"713","16F","5-49 years",2019,17
"714","16F","5-49 years",2020,6
"715","16F","5-49 years",2021,10
"716","16F","5-49 years",2022,14
"717","16F","5-49 years",2023,11
"718","16F","50+ years",1998,21
"719","16F","50+ years",1999,43
"720","16F","50+ years",2000,29
"721","16F","50+ years",2001,39
"722","16F","50+ years",2002,39
"723","16F","50+ years",2003,50
"724","16F","50+ years",2004,42
"725","16F","50+ years",2005,68
"726","16F","50+ years",2006,65
"727","16F","50+ years",2007,80
"728","16F","50+ years",2008,65
"729","16F","50+ years",2009,69
"730","16F","50+ years",2010,58
"731","16F","50+ years",2011,79
"732","16F","50+ years",2012,70
"733","16F","50+ years",2013,87
"734","16F","50+ years",2014,88
"735","16F","50+ years",2015,78
"736","16F","50+ years",2016,76
"737","16F","50+ years",2017,75
"738","16F","50+ years",2018,94
"739","16F","50+ years",2019,93
"740","16F","50+ years",2020,54
"741","16F","50+ years",2021,45
"742","16F","50+ years",2022,69
"743","16F","50+ years",2023,59
"744","17","50+ years",1998,1
"745","17A","5-49 years",1998,1
"746","17F","<5 years",2000,1
"747","17F","<5 years",2001,1
"748","17F","<5 years",2002,1
"749","17F","<5 years",2003,2
"750","17F","<5 years",2004,4
"751","17F","<5 years",2005,2
"752","17F","<5 years",2006,1
"753","17F","<5 years",2007,2
"754","17F","<5 years",2008,3
"755","17F","<5 years",2009,4
"756","17F","<5 years",2010,1
"757","17F","<5 years",2011,4
"758","17F","<5 years",2013,3
"759","17F","<5 years",2015,2
"760","17F","<5 years",2016,1
"761","17F","<5 years",2018,1
"762","17F","<5 years",2020,1
"763","17F","<5 years",2022,1
"764","17F","5-49 years",1998,4
"765","17F","5-49 years",1999,1
"766","17F","5-49 years",2000,3
"767","17F","5-49 years",2001,6
"768","17F","5-49 years",2002,7
"769","17F","5-49 years",2003,3
"770","17F","5-49 years",2004,12
"771","17F","5-49 years",2005,10
"772","17F","5-49 years",2006,11
"773","17F","5-49 years",2007,18
"774","17F","5-49 years",2008,19
"775","17F","5-49 years",2009,6
"776","17F","5-49 years",2010,11
"777","17F","5-49 years",2011,13
"778","17F","5-49 years",2012,12
"779","17F","5-49 years",2013,8
"780","17F","5-49 years",2014,14
"781","17F","5-49 years",2015,13
"782","17F","5-49 years",2016,10
"783","17F","5-49 years",2017,7
"784","17F","5-49 years",2018,9
"785","17F","5-49 years",2019,11
"786","17F","5-49 years",2020,4
"787","17F","5-49 years",2021,5
"788","17F","5-49 years",2022,3
"789","17F","5-49 years",2023,5
"790","17F","50+ years",1998,3
"791","17F","50+ years",1999,3
"792","17F","50+ years",2000,3
"793","17F","50+ years",2001,3
"794","17F","50+ years",2002,3
"795","17F","50+ years",2003,13
"796","17F","50+ years",2004,20
"797","17F","50+ years",2005,15
"798","17F","50+ years",2006,36
"799","17F","50+ years",2007,24
"800","17F","50+ years",2008,27
"801","17F","50+ years",2009,29
"802","17F","50+ years",2010,24
"803","17F","50+ years",2011,33
"804","17F","50+ years",2012,24
"805","17F","50+ years",2013,30
"806","17F","50+ years",2014,21
"807","17F","50+ years",2015,30
"808","17F","50+ years",2016,24
"809","17F","50+ years",2017,29
"810","17F","50+ years",2018,24
"811","17F","50+ years",2019,23
"812","17F","50+ years",2020,11
"813","17F","50+ years",2021,7
"814","17F","50+ years",2022,12
"815","17F","50+ years",2023,19
"816","18","5-49 years",2002,1
"817","18A","<5 years",2000,1
"818","18A","5-49 years",1998,1
"819","18A","5-49 years",1999,1
"820","18A","5-49 years",2003,2
"821","18A","5-49 years",2004,2
"822","18A","5-49 years",2005,4
"823","18A","5-49 years",2006,2
"824","18A","5-49 years",2011,1
"825","18A","5-49 years",2012,1
"826","18A","5-49 years",2016,1
"827","18A","50+ years",1998,1
"828","18A","50+ years",1999,1
"829","18A","50+ years",2000,1
"830","18A","50+ years",2001,1
"831","18A","50+ years",2003,2
"832","18A","50+ years",2004,1
"833","18A","50+ years",2005,2
"834","18A","50+ years",2006,1
"835","18A","50+ years",2007,1
"836","18A","50+ years",2011,2
"837","18A","50+ years",2013,1
"838","18A","50+ years",2017,1
"839","18A","50+ years",2019,1
"840","18A","50+ years",2022,2
"841","18A","50+ years",2023,1
"842","18B","<5 years",1998,2
"843","18B","<5 years",1999,3
"844","18B","<5 years",2000,6
"845","18B","<5 years",2001,1
"846","18B","<5 years",2002,2
"847","18B","<5 years",2006,1
"848","18B","5-49 years",1998,2
"849","18B","5-49 years",1999,3
"850","18B","5-49 years",2000,1
"851","18B","5-49 years",2001,3
"852","18B","5-49 years",2003,2
"853","18B","5-49 years",2006,1
"854","18B","5-49 years",2010,1
"855","18B","50+ years",2000,2
"856","18B","50+ years",2002,2
"857","18B","50+ years",2003,2
"858","18B","50+ years",2005,1
"859","18B","50+ years",2006,3
"860","18B","50+ years",2009,1
"861","18B","50+ years",2019,2
"862","18C","<5 years",1998,87
"863","18C","<5 years",1999,89
"864","18C","<5 years",2000,76
"865","18C","<5 years",2001,51
"866","18C","<5 years",2002,25
"867","18C","<5 years",2003,11
"868","18C","<5 years",2004,11
"869","18C","<5 years",2005,3
"870","18C","<5 years",2006,1
"871","18C","<5 years",2007,2
"872","18C","<5 years",2008,5
"873","18C","<5 years",2010,1
"874","18C","<5 years",2012,1
"875","18C","<5 years",2014,1
"876","18C","<5 years",2017,1
"877","18C","<5 years",2018,1
"878","18C","<5 years",2019,1
"879","18C","<5 years",2023,1
"880","18C","5-49 years",1998,50
"881","18C","5-49 years",1999,54
"882","18C","5-49 years",2000,53
"883","18C","5-49 years",2001,58
"884","18C","5-49 years",2002,41
"885","18C","5-49 years",2003,32
"886","18C","5-49 years",2004,24
"887","18C","5-49 years",2005,22
"888","18C","5-49 years",2006,16
"889","18C","5-49 years",2007,8
"890","18C","5-49 years",2008,5
"891","18C","5-49 years",2009,4
"892","18C","5-49 years",2010,1
"893","18C","5-49 years",2012,1
"894","18C","5-49 years",2014,1
"895","18C","5-49 years",2016,3
"896","18C","5-49 years",2022,1
"897","18C","5-49 years",2023,2
"898","18C","50+ years",1998,40
"899","18C","50+ years",1999,47
"900","18C","50+ years",2000,42
"901","18C","50+ years",2001,56
"902","18C","50+ years",2002,42
"903","18C","50+ years",2003,30
"904","18C","50+ years",2004,46
"905","18C","50+ years",2005,21
"906","18C","50+ years",2006,8
"907","18C","50+ years",2007,7
"908","18C","50+ years",2008,8
"909","18C","50+ years",2009,3
"910","18C","50+ years",2010,4
"911","18C","50+ years",2011,2
"912","18C","50+ years",2012,1
"913","18C","50+ years",2013,1
"914","18C","50+ years",2014,1
"915","18C","50+ years",2015,1
"916","18C","50+ years",2017,2
"917","18C","50+ years",2019,1
"918","18C","50+ years",2021,3
"919","18C","50+ years",2022,1
"920","18C","50+ years",2023,1
"921","18F","<5 years",1999,1
"922","18F","<5 years",2000,3
"923","18F","<5 years",2002,1
"924","18F","<5 years",2014,1
"925","18F","5-49 years",1998,1
"926","18F","5-49 years",1999,1
"927","18F","5-49 years",2000,1
"928","18F","5-49 years",2001,2
"929","18F","5-49 years",2002,1
"930","18F","5-49 years",2009,1
"931","18F","5-49 years",2014,1
"932","18F","5-49 years",2015,1
"933","18F","50+ years",1998,2
"934","18F","50+ years",1999,2
"935","18F","50+ years",2000,2
"936","18F","50+ years",2001,1
"937","18F","50+ years",2008,2
"938","18F","50+ years",2010,1
"939","18F","50+ years",2022,2
"940","19A","<5 years",1998,30
"941","19A","<5 years",1999,20
"942","19A","<5 years",2000,24
"943","19A","<5 years",2001,35
"944","19A","<5 years",2002,55
"945","19A","<5 years",2003,76
"946","19A","<5 years",2004,113
"947","19A","<5 years",2005,136
"948","19A","<5 years",2006,171
"949","19A","<5 years",2007,186
"950","19A","<5 years",2008,148
"951","19A","<5 years",2009,190
"952","19A","<5 years",2010,151
"953","19A","<5 years",2011,46
"954","19A","<5 years",2012,20
"955","19A","<5 years",2013,14
"956","19A","<5 years",2014,15
"957","19A","<5 years",2015,12
"958","19A","<5 years",2016,8
"959","19A","<5 years",2017,10
"960","19A","<5 years",2018,3
"961","19A","<5 years",2019,5
"962","19A","<5 years",2020,1
"963","19A","<5 years",2021,3
"964","19A","<5 years",2022,3
"965","19A","<5 years",2023,2
"966","19A","5-49 years",1998,36
"967","19A","5-49 years",1999,34
"968","19A","5-49 years",2000,31
"969","19A","5-49 years",2001,32
"970","19A","5-49 years",2002,54
"971","19A","5-49 years",2003,82
"972","19A","5-49 years",2004,105
"973","19A","5-49 years",2005,160
"974","19A","5-49 years",2006,175
"975","19A","5-49 years",2007,174
"976","19A","5-49 years",2008,177
"977","19A","5-49 years",2009,176
"978","19A","5-49 years",2010,159
"979","19A","5-49 years",2011,132
"980","19A","5-49 years",2012,63
"981","19A","5-49 years",2013,53
"982","19A","5-49 years",2014,40
"983","19A","5-49 years",2015,29
"984","19A","5-49 years",2016,28
"985","19A","5-49 years",2017,25
"986","19A","5-49 years",2018,30
"987","19A","5-49 years",2019,21
"988","19A","5-49 years",2020,6
"989","19A","5-49 years",2021,6
"990","19A","5-49 years",2022,21
"991","19A","5-49 years",2023,23
"992","19A","50+ years",1998,53
"993","19A","50+ years",1999,55
"994","19A","50+ years",2000,43
"995","19A","50+ years",2001,62
"996","19A","50+ years",2002,80
"997","19A","50+ years",2003,135
"998","19A","50+ years",2004,181
"999","19A","50+ years",2005,257
"1000","19A","50+ years",2006,292
"1001","19A","50+ years",2007,303
"1002","19A","50+ years",2008,332
"1003","19A","50+ years",2009,331
"1004","19A","50+ years",2010,290
"1005","19A","50+ years",2011,261
"1006","19A","50+ years",2012,162
"1007","19A","50+ years",2013,118
"1008","19A","50+ years",2014,87
"1009","19A","50+ years",2015,71
"1010","19A","50+ years",2016,78
"1011","19A","50+ years",2017,72
"1012","19A","50+ years",2018,52
"1013","19A","50+ years",2019,60
"1014","19A","50+ years",2020,33
"1015","19A","50+ years",2021,20
"1016","19A","50+ years",2022,30
"1017","19A","50+ years",2023,32
"1018","19B","50+ years",2021,1
"1019","19C","5-49 years",2001,1
"1020","19F","<5 years",1998,97
"1021","19F","<5 years",1999,116
"1022","19F","<5 years",2000,79
"1023","19F","<5 years",2001,58
"1024","19F","<5 years",2002,31
"1025","19F","<5 years",2003,23
"1026","19F","<5 years",2004,20
"1027","19F","<5 years",2005,15
"1028","19F","<5 years",2006,8
"1029","19F","<5 years",2007,4
"1030","19F","<5 years",2008,3
"1031","19F","<5 years",2009,3
"1032","19F","<5 years",2010,2
"1033","19F","<5 years",2011,4
"1034","19F","<5 years",2012,3
"1035","19F","<5 years",2013,2
"1036","19F","<5 years",2014,8
"1037","19F","<5 years",2015,10
"1038","19F","<5 years",2016,11
"1039","19F","<5 years",2017,9
"1040","19F","<5 years",2018,8
"1041","19F","<5 years",2019,11
"1042","19F","<5 years",2020,2
"1043","19F","<5 years",2021,11
"1044","19F","<5 years",2022,14
"1045","19F","<5 years",2023,20
"1046","19F","5-49 years",1998,43
"1047","19F","5-49 years",1999,53
"1048","19F","5-49 years",2000,44
"1049","19F","5-49 years",2001,39
"1050","19F","5-49 years",2002,31
"1051","19F","5-49 years",2003,29
"1052","19F","5-49 years",2004,22
"1053","19F","5-49 years",2005,30
"1054","19F","5-49 years",2006,13
"1055","19F","5-49 years",2007,11
"1056","19F","5-49 years",2008,5
"1057","19F","5-49 years",2009,7
"1058","19F","5-49 years",2010,5
"1059","19F","5-49 years",2011,9
"1060","19F","5-49 years",2012,12
"1061","19F","5-49 years",2013,15
"1062","19F","5-49 years",2014,13
"1063","19F","5-49 years",2015,22
"1064","19F","5-49 years",2016,27
"1065","19F","5-49 years",2017,25
"1066","19F","5-49 years",2018,30
"1067","19F","5-49 years",2019,27
"1068","19F","5-49 years",2020,17
"1069","19F","5-49 years",2021,22
"1070","19F","5-49 years",2022,47
"1071","19F","5-49 years",2023,60
"1072","19F","50+ years",1998,58
"1073","19F","50+ years",1999,72
"1074","19F","50+ years",2000,74
"1075","19F","50+ years",2001,65
"1076","19F","50+ years",2002,52
"1077","19F","50+ years",2003,47
"1078","19F","50+ years",2004,39
"1079","19F","50+ years",2005,48
"1080","19F","50+ years",2006,36
"1081","19F","50+ years",2007,22
"1082","19F","50+ years",2008,19
"1083","19F","50+ years",2009,20
"1084","19F","50+ years",2010,21
"1085","19F","50+ years",2011,13
"1086","19F","50+ years",2012,25
"1087","19F","50+ years",2013,27
"1088","19F","50+ years",2014,29
"1089","19F","50+ years",2015,44
"1090","19F","50+ years",2016,53
"1091","19F","50+ years",2017,58
"1092","19F","50+ years",2018,53
"1093","19F","50+ years",2019,64
"1094","19F","50+ years",2020,28
"1095","19F","50+ years",2021,34
"1096","19F","50+ years",2022,60
"1097","19F","50+ years",2023,96
"1098","2","5-49 years",2002,1
"1099","2","5-49 years",2003,1
"1100","20","<5 years",2001,2
"1101","20","<5 years",2004,3
"1102","20","<5 years",2006,2
"1103","20","<5 years",2008,1
"1104","20","<5 years",2010,2
"1105","20","<5 years",2011,2
"1106","20","<5 years",2014,2
"1107","20","<5 years",2015,1
"1108","20","<5 years",2017,2
"1109","20","<5 years",2023,2
"1110","20","5-49 years",1998,8
"1111","20","5-49 years",1999,9
"1112","20","5-49 years",2000,5
"1113","20","5-49 years",2001,8
"1114","20","5-49 years",2002,13
"1115","20","5-49 years",2003,10
"1116","20","5-49 years",2004,6
"1117","20","5-49 years",2005,8
"1118","20","5-49 years",2006,10
"1119","20","5-49 years",2007,11
"1120","20","5-49 years",2008,17
"1121","20","5-49 years",2009,10
"1122","20","5-49 years",2010,8
"1123","20","5-49 years",2011,13
"1124","20","5-49 years",2012,6
"1125","20","5-49 years",2013,16
"1126","20","5-49 years",2014,19
"1127","20","5-49 years",2015,22
"1128","20","5-49 years",2016,21
"1129","20","5-49 years",2017,26
"1130","20","5-49 years",2018,28
"1131","20","5-49 years",2019,31
"1132","20","5-49 years",2020,25
"1133","20","5-49 years",2021,21
"1134","20","5-49 years",2022,45
"1135","20","5-49 years",2023,36
"1136","20","50+ years",1998,7
"1137","20","50+ years",1999,10
"1138","20","50+ years",2000,4
"1139","20","50+ years",2001,10
"1140","20","50+ years",2002,16
"1141","20","50+ years",2003,8
"1142","20","50+ years",2004,11
"1143","20","50+ years",2005,18
"1144","20","50+ years",2006,14
"1145","20","50+ years",2007,16
"1146","20","50+ years",2008,18
"1147","20","50+ years",2009,23
"1148","20","50+ years",2010,29
"1149","20","50+ years",2011,33
"1150","20","50+ years",2012,32
"1151","20","50+ years",2013,49
"1152","20","50+ years",2014,46
"1153","20","50+ years",2015,58
"1154","20","50+ years",2016,68
"1155","20","50+ years",2017,67
"1156","20","50+ years",2018,72
"1157","20","50+ years",2019,67
"1158","20","50+ years",2020,40
"1159","20","50+ years",2021,43
"1160","20","50+ years",2022,80
"1161","20","50+ years",2023,94
"1162","21","<5 years",2003,2
"1163","21","<5 years",2005,3
"1164","21","<5 years",2006,1
"1165","21","<5 years",2007,4
"1166","21","<5 years",2008,5
"1167","21","<5 years",2009,3
"1168","21","<5 years",2010,4
"1169","21","<5 years",2012,3
"1170","21","<5 years",2013,5
"1171","21","<5 years",2014,4
"1172","21","<5 years",2015,2
"1173","21","<5 years",2016,5
"1174","21","<5 years",2017,3
"1175","21","<5 years",2018,5
"1176","21","<5 years",2019,2
"1177","21","<5 years",2021,3
"1178","21","<5 years",2022,2
"1179","21","<5 years",2023,2
"1180","21","5-49 years",1998,1
"1181","21","5-49 years",2000,2
"1182","21","5-49 years",2003,1
"1183","21","5-49 years",2004,1
"1184","21","5-49 years",2005,1
"1185","21","5-49 years",2006,2
"1186","21","5-49 years",2007,1
"1187","21","5-49 years",2008,3
"1188","21","5-49 years",2009,1
"1189","21","5-49 years",2010,3
"1190","21","5-49 years",2011,5
"1191","21","5-49 years",2012,2
"1192","21","5-49 years",2013,1
"1193","21","5-49 years",2014,5
"1194","21","5-49 years",2015,7
"1195","21","5-49 years",2016,2
"1196","21","5-49 years",2017,5
"1197","21","5-49 years",2018,4
"1198","21","5-49 years",2020,2
"1199","21","5-49 years",2021,2
"1200","21","5-49 years",2022,1
"1201","21","5-49 years",2023,2
"1202","21","50+ years",2001,1
"1203","21","50+ years",2004,1
"1204","21","50+ years",2006,2
"1205","21","50+ years",2007,1
"1206","21","50+ years",2008,3
"1207","21","50+ years",2009,2
"1208","21","50+ years",2010,3
"1209","21","50+ years",2011,4
"1210","21","50+ years",2012,4
"1211","21","50+ years",2013,6
"1212","21","50+ years",2014,6
"1213","21","50+ years",2015,5
"1214","21","50+ years",2016,1
"1215","21","50+ years",2017,6
"1216","21","50+ years",2018,4
"1217","21","50+ years",2019,6
"1218","21","50+ years",2020,3
"1219","21","50+ years",2021,2
"1220","21","50+ years",2022,2
"1221","21","50+ years",2023,2
"1222","22A","<5 years",2022,1
"1223","22A","5-49 years",2004,1
"1224","22A","5-49 years",2006,1
"1225","22A","50+ years",1998,1
"1226","22A","50+ years",2000,1
"1227","22F","<5 years",1998,4
"1228","22F","<5 years",1999,7
"1229","22F","<5 years",2000,7
"1230","22F","<5 years",2001,18
"1231","22F","<5 years",2002,15
"1232","22F","<5 years",2003,24
"1233","22F","<5 years",2004,21
"1234","22F","<5 years",2005,20
"1235","22F","<5 years",2006,22
"1236","22F","<5 years",2007,21
"1237","22F","<5 years",2008,26
"1238","22F","<5 years",2009,23
"1239","22F","<5 years",2010,24
"1240","22F","<5 years",2011,31
"1241","22F","<5 years",2012,22
"1242","22F","<5 years",2013,20
"1243","22F","<5 years",2014,17
"1244","22F","<5 years",2015,15
"1245","22F","<5 years",2016,10
"1246","22F","<5 years",2017,10
"1247","22F","<5 years",2018,9
"1248","22F","<5 years",2019,11
"1249","22F","<5 years",2020,8
"1250","22F","<5 years",2021,2
"1251","22F","<5 years",2022,13
"1252","22F","<5 years",2023,14
"1253","22F","5-49 years",1998,25
"1254","22F","5-49 years",1999,39
"1255","22F","5-49 years",2000,21
"1256","22F","5-49 years",2001,41
"1257","22F","5-49 years",2002,59
"1258","22F","5-49 years",2003,68
"1259","22F","5-49 years",2004,59
"1260","22F","5-49 years",2005,86
"1261","22F","5-49 years",2006,82
"1262","22F","5-49 years",2007,72
"1263","22F","5-49 years",2008,57
"1264","22F","5-49 years",2009,57
"1265","22F","5-49 years",2010,75
"1266","22F","5-49 years",2011,70
"1267","22F","5-49 years",2012,76
"1268","22F","5-49 years",2013,83
"1269","22F","5-49 years",2014,59
"1270","22F","5-49 years",2015,58
"1271","22F","5-49 years",2016,62
"1272","22F","5-49 years",2017,61
"1273","22F","5-49 years",2018,68
"1274","22F","5-49 years",2019,56
"1275","22F","5-49 years",2020,34
"1276","22F","5-49 years",2021,28
"1277","22F","5-49 years",2022,64
"1278","22F","5-49 years",2023,94
"1279","22F","50+ years",1998,88
"1280","22F","50+ years",1999,60
"1281","22F","50+ years",2000,91
"1282","22F","50+ years",2001,94
"1283","22F","50+ years",2002,112
"1284","22F","50+ years",2003,138
"1285","22F","50+ years",2004,167
"1286","22F","50+ years",2005,197
"1287","22F","50+ years",2006,144
"1288","22F","50+ years",2007,152
"1289","22F","50+ years",2008,181
"1290","22F","50+ years",2009,171
"1291","22F","50+ years",2010,183
"1292","22F","50+ years",2011,211
"1293","22F","50+ years",2012,236
"1294","22F","50+ years",2013,241
"1295","22F","50+ years",2014,156
"1296","22F","50+ years",2015,214
"1297","22F","50+ years",2016,226
"1298","22F","50+ years",2017,203
"1299","22F","50+ years",2018,222
"1300","22F","50+ years",2019,207
"1301","22F","50+ years",2020,108
"1302","22F","50+ years",2021,68
"1303","22F","50+ years",2022,136
"1304","22F","50+ years",2023,209
"1305","23A","<5 years",1998,1
"1306","23A","<5 years",1999,2
"1307","23A","<5 years",2000,2
"1308","23A","<5 years",2001,1
"1309","23A","<5 years",2003,2
"1310","23A","<5 years",2004,3
"1311","23A","<5 years",2005,4
"1312","23A","<5 years",2006,3
"1313","23A","<5 years",2007,8
"1314","23A","<5 years",2008,1
"1315","23A","<5 years",2009,1
"1316","23A","<5 years",2010,6
"1317","23A","<5 years",2011,5
"1318","23A","<5 years",2012,5
"1319","23A","<5 years",2013,4
"1320","23A","<5 years",2014,5
"1321","23A","<5 years",2015,7
"1322","23A","<5 years",2016,1
"1323","23A","<5 years",2017,1
"1324","23A","<5 years",2018,2
"1325","23A","<5 years",2019,6
"1326","23A","<5 years",2020,4
"1327","23A","<5 years",2021,3
"1328","23A","<5 years",2022,3
"1329","23A","<5 years",2023,5
"1330","23A","5-49 years",1998,2
"1331","23A","5-49 years",1999,3
"1332","23A","5-49 years",2000,2
"1333","23A","5-49 years",2001,8
"1334","23A","5-49 years",2002,6
"1335","23A","5-49 years",2003,10
"1336","23A","5-49 years",2004,14
"1337","23A","5-49 years",2005,20
"1338","23A","5-49 years",2006,25
"1339","23A","5-49 years",2007,23
"1340","23A","5-49 years",2008,26
"1341","23A","5-49 years",2009,28
"1342","23A","5-49 years",2010,27
"1343","23A","5-49 years",2011,23
"1344","23A","5-49 years",2012,25
"1345","23A","5-49 years",2013,24
"1346","23A","5-49 years",2014,28
"1347","23A","5-49 years",2015,19
"1348","23A","5-49 years",2016,27
"1349","23A","5-49 years",2017,30
"1350","23A","5-49 years",2018,18
"1351","23A","5-49 years",2019,28
"1352","23A","5-49 years",2020,18
"1353","23A","5-49 years",2021,17
"1354","23A","5-49 years",2022,22
"1355","23A","5-49 years",2023,32
"1356","23A","50+ years",1998,10
"1357","23A","50+ years",1999,14
"1358","23A","50+ years",2000,13
"1359","23A","50+ years",2001,21
"1360","23A","50+ years",2002,19
"1361","23A","50+ years",2003,31
"1362","23A","50+ years",2004,45
"1363","23A","50+ years",2005,58
"1364","23A","50+ years",2006,71
"1365","23A","50+ years",2007,74
"1366","23A","50+ years",2008,83
"1367","23A","50+ years",2009,84
"1368","23A","50+ years",2010,82
"1369","23A","50+ years",2011,92
"1370","23A","50+ years",2012,75
"1371","23A","50+ years",2013,106
"1372","23A","50+ years",2014,89
"1373","23A","50+ years",2015,109
"1374","23A","50+ years",2016,102
"1375","23A","50+ years",2017,112
"1376","23A","50+ years",2018,108
"1377","23A","50+ years",2019,105
"1378","23A","50+ years",2020,54
"1379","23A","50+ years",2021,61
"1380","23A","50+ years",2022,71
"1381","23A","50+ years",2023,106
"1382","23B","<5 years",1998,1
"1383","23B","<5 years",1999,2
"1384","23B","<5 years",2000,6
"1385","23B","<5 years",2002,1
"1386","23B","<5 years",2003,3
"1387","23B","<5 years",2004,3
"1388","23B","<5 years",2005,9
"1389","23B","<5 years",2006,5
"1390","23B","<5 years",2007,6
"1391","23B","<5 years",2008,8
"1392","23B","<5 years",2009,7
"1393","23B","<5 years",2010,5
"1394","23B","<5 years",2011,6
"1395","23B","<5 years",2012,8
"1396","23B","<5 years",2013,7
"1397","23B","<5 years",2014,16
"1398","23B","<5 years",2015,16
"1399","23B","<5 years",2016,10
"1400","23B","<5 years",2017,13
"1401","23B","<5 years",2018,10
"1402","23B","<5 years",2019,10
"1403","23B","<5 years",2020,6
"1404","23B","<5 years",2021,6
"1405","23B","<5 years",2022,7
"1406","23B","<5 years",2023,7
"1407","23B","5-49 years",2001,4
"1408","23B","5-49 years",2002,1
"1409","23B","5-49 years",2003,4
"1410","23B","5-49 years",2004,4
"1411","23B","5-49 years",2005,10
"1412","23B","5-49 years",2006,12
"1413","23B","5-49 years",2007,23
"1414","23B","5-49 years",2008,17
"1415","23B","5-49 years",2009,15
"1416","23B","5-49 years",2010,10
"1417","23B","5-49 years",2011,12
"1418","23B","5-49 years",2012,18
"1419","23B","5-49 years",2013,21
"1420","23B","5-49 years",2014,24
"1421","23B","5-49 years",2015,20
"1422","23B","5-49 years",2016,26
"1423","23B","5-49 years",2017,24
"1424","23B","5-49 years",2018,24
"1425","23B","5-49 years",2019,25
"1426","23B","5-49 years",2020,14
"1427","23B","5-49 years",2021,8
"1428","23B","5-49 years",2022,30
"1429","23B","5-49 years",2023,24
"1430","23B","50+ years",1998,1
"1431","23B","50+ years",1999,3
"1432","23B","50+ years",2000,7
"1433","23B","50+ years",2001,4
"1434","23B","50+ years",2002,4
"1435","23B","50+ years",2003,12
"1436","23B","50+ years",2004,9
"1437","23B","50+ years",2005,16
"1438","23B","50+ years",2006,28
"1439","23B","50+ years",2007,27
"1440","23B","50+ years",2008,27
"1441","23B","50+ years",2009,40
"1442","23B","50+ years",2010,33
"1443","23B","50+ years",2011,36
"1444","23B","50+ years",2012,32
"1445","23B","50+ years",2013,53
"1446","23B","50+ years",2014,60
"1447","23B","50+ years",2015,55
"1448","23B","50+ years",2016,71
"1449","23B","50+ years",2017,58
"1450","23B","50+ years",2018,60
"1451","23B","50+ years",2019,69
"1452","23B","50+ years",2020,27
"1453","23B","50+ years",2021,36
"1454","23B","50+ years",2022,67
"1455","23B","50+ years",2023,49
"1456","23F","<5 years",1998,74
"1457","23F","<5 years",1999,65
"1458","23F","<5 years",2000,63
"1459","23F","<5 years",2001,42
"1460","23F","<5 years",2002,12
"1461","23F","<5 years",2003,11
"1462","23F","<5 years",2004,3
"1463","23F","<5 years",2005,2
"1464","23F","<5 years",2009,1
"1465","23F","<5 years",2010,1
"1466","23F","<5 years",2016,1
"1467","23F","5-49 years",1998,62
"1468","23F","5-49 years",1999,90
"1469","23F","5-49 years",2000,74
"1470","23F","5-49 years",2001,67
"1471","23F","5-49 years",2002,54
"1472","23F","5-49 years",2003,40
"1473","23F","5-49 years",2004,25
"1474","23F","5-49 years",2005,15
"1475","23F","5-49 years",2006,7
"1476","23F","5-49 years",2007,5
"1477","23F","5-49 years",2008,4
"1478","23F","5-49 years",2009,3
"1479","23F","5-49 years",2010,2
"1480","23F","5-49 years",2011,1
"1481","23F","5-49 years",2013,1
"1482","23F","5-49 years",2015,1
"1483","23F","5-49 years",2016,2
"1484","23F","5-49 years",2021,1
"1485","23F","5-49 years",2022,1
"1486","23F","5-49 years",2023,1
"1487","23F","50+ years",1998,132
"1488","23F","50+ years",1999,143
"1489","23F","50+ years",2000,146
"1490","23F","50+ years",2001,130
"1491","23F","50+ years",2002,118
"1492","23F","50+ years",2003,58
"1493","23F","50+ years",2004,53
"1494","23F","50+ years",2005,31
"1495","23F","50+ years",2006,20
"1496","23F","50+ years",2007,11
"1497","23F","50+ years",2008,15
"1498","23F","50+ years",2009,6
"1499","23F","50+ years",2011,5
"1500","23F","50+ years",2012,4
"1501","23F","50+ years",2013,1
"1502","23F","50+ years",2014,1
"1503","23F","50+ years",2015,2
"1504","23F","50+ years",2016,2
"1505","23F","50+ years",2017,2
"1506","23F","50+ years",2020,1
"1507","23F","50+ years",2023,2
"1508","24A","50+ years",2002,1
"1509","24A","50+ years",2007,1
"1510","24A","50+ years",2017,1
"1511","24B","<5 years",1999,1
"1512","24B","<5 years",2001,1
"1513","24B","<5 years",2017,1
"1514","24B","50+ years",2004,1
"1515","24B","50+ years",2014,1
"1516","24F","<5 years",1998,2
"1517","24F","<5 years",2002,1
"1518","24F","<5 years",2005,1
"1519","24F","<5 years",2017,1
"1520","24F","5-49 years",1999,2
"1521","24F","5-49 years",2008,1
"1522","24F","5-49 years",2009,1
"1523","24F","5-49 years",2011,2
"1524","24F","5-49 years",2012,1
"1525","24F","5-49 years",2015,2
"1526","24F","5-49 years",2016,2
"1527","24F","5-49 years",2018,2
"1528","24F","5-49 years",2020,1
"1529","24F","50+ years",1998,2
"1530","24F","50+ years",1999,1
"1531","24F","50+ years",2001,1
"1532","24F","50+ years",2002,2
"1533","24F","50+ years",2005,1
"1534","24F","50+ years",2009,1
"1535","24F","50+ years",2010,1
"1536","24F","50+ years",2011,1
"1537","24F","50+ years",2012,3
"1538","24F","50+ years",2013,2
"1539","24F","50+ years",2014,7
"1540","24F","50+ years",2015,4
"1541","24F","50+ years",2016,4
"1542","24F","50+ years",2017,6
"1543","24F","50+ years",2018,2
"1544","24F","50+ years",2019,1
"1545","24F","50+ years",2020,1
"1546","25","<5 years",2004,1
"1547","25","50+ years",2008,1
"1548","25F","5-49 years",2006,1
"1549","27","<5 years",2006,1
"1550","27","5-49 years",2009,1
"1551","27","50+ years",2020,1
"1552","28","5-49 years",1998,1
"1553","28","50+ years",2008,1
"1554","28A","<5 years",2003,1
"1555","28A","<5 years",2005,1
"1556","28A","<5 years",2013,1
"1557","28A","<5 years",2016,1
"1558","28A","<5 years",2022,1
"1559","28A","5-49 years",2002,1
"1560","28A","5-49 years",2005,2
"1561","28A","5-49 years",2011,1
"1562","28A","5-49 years",2012,2
"1563","28A","5-49 years",2013,1
"1564","28A","5-49 years",2014,1
"1565","28A","5-49 years",2016,1
"1566","28A","5-49 years",2019,4
"1567","28A","5-49 years",2021,1
"1568","28A","5-49 years",2022,1
"1569","28A","5-49 years",2023,4
"1570","28A","50+ years",1999,1
"1571","28A","50+ years",2002,1
"1572","28A","50+ years",2003,1
"1573","28A","50+ years",2004,1
"1574","28A","50+ years",2005,1
"1575","28A","50+ years",2006,6
"1576","28A","50+ years",2007,1
"1577","28A","50+ years",2008,2
"1578","28A","50+ years",2009,3
"1579","28A","50+ years",2010,3
"1580","28A","50+ years",2011,1
"1581","28A","50+ years",2012,2
"1582","28A","50+ years",2013,5
"1583","28A","50+ years",2014,3
"1584","28A","50+ years",2015,3
"1585","28A","50+ years",2016,7
"1586","28A","50+ years",2017,4
"1587","28A","50+ years",2018,5
"1588","28A","50+ years",2019,8
"1589","28A","50+ years",2020,3
"1590","28A","50+ years",2021,5
"1591","28A","50+ years",2022,4
"1592","28A","50+ years",2023,5
"1593","28F","<5 years",2004,1
"1594","28F","5-49 years",1998,2
"1595","28F","5-49 years",2002,1
"1596","28F","5-49 years",2003,1
"1597","28F","5-49 years",2004,1
"1598","28F","50+ years",2000,1
"1599","28F","50+ years",2002,1
"1600","28F","50+ years",2005,1
"1601","29","5-49 years",1998,1
"1602","29","5-49 years",2007,1
"1603","29","50+ years",1998,1
"1604","29","50+ years",2000,2
"1605","29","50+ years",2001,1
"1606","29","50+ years",2002,1
"1607","29","50+ years",2003,3
"1608","29","50+ years",2005,1
"1609","29","50+ years",2006,2
"1610","29","50+ years",2007,1
"1611","3","<5 years",1998,3
"1612","3","<5 years",1999,6
"1613","3","<5 years",2000,11
"1614","3","<5 years",2001,9
"1615","3","<5 years",2002,10
"1616","3","<5 years",2003,28
"1617","3","<5 years",2004,21
"1618","3","<5 years",2005,13
"1619","3","<5 years",2006,20
"1620","3","<5 years",2007,21
"1621","3","<5 years",2008,10
"1622","3","<5 years",2009,14
"1623","3","<5 years",2010,21
"1624","3","<5 years",2011,14
"1625","3","<5 years",2012,5
"1626","3","<5 years",2013,10
"1627","3","<5 years",2014,7
"1628","3","<5 years",2015,9
"1629","3","<5 years",2016,9
"1630","3","<5 years",2017,12
"1631","3","<5 years",2018,13
"1632","3","<5 years",2019,14
"1633","3","<5 years",2020,3
"1634","3","<5 years",2021,3
"1635","3","<5 years",2022,17
"1636","3","<5 years",2023,21
"1637","3","5-49 years",1998,36
"1638","3","5-49 years",1999,47
"1639","3","5-49 years",2000,47
"1640","3","5-49 years",2001,47
"1641","3","5-49 years",2002,56
"1642","3","5-49 years",2003,62
"1643","3","5-49 years",2004,45
"1644","3","5-49 years",2005,70
"1645","3","5-49 years",2006,61
"1646","3","5-49 years",2007,73
"1647","3","5-49 years",2008,69
"1648","3","5-49 years",2009,70
"1649","3","5-49 years",2010,53
"1650","3","5-49 years",2011,44
"1651","3","5-49 years",2012,48
"1652","3","5-49 years",2013,57
"1653","3","5-49 years",2014,45
"1654","3","5-49 years",2015,53
"1655","3","5-49 years",2016,68
"1656","3","5-49 years",2017,70
"1657","3","5-49 years",2018,76
"1658","3","5-49 years",2019,92
"1659","3","5-49 years",2020,50
"1660","3","5-49 years",2021,41
"1661","3","5-49 years",2022,119
"1662","3","5-49 years",2023,118
"1663","3","50+ years",1998,82
"1664","3","50+ years",1999,110
"1665","3","50+ years",2000,132
"1666","3","50+ years",2001,142
"1667","3","50+ years",2002,178
"1668","3","50+ years",2003,162
"1669","3","50+ years",2004,174
"1670","3","50+ years",2005,197
"1671","3","50+ years",2006,184
"1672","3","50+ years",2007,190
"1673","3","50+ years",2008,203
"1674","3","50+ years",2009,230
"1675","3","50+ years",2010,221
"1676","3","50+ years",2011,227
"1677","3","50+ years",2012,216
"1678","3","50+ years",2013,221
"1679","3","50+ years",2014,190
"1680","3","50+ years",2015,249
"1681","3","50+ years",2016,283
"1682","3","50+ years",2017,340
"1683","3","50+ years",2018,340
"1684","3","50+ years",2019,332
"1685","3","50+ years",2020,184
"1686","3","50+ years",2021,143
"1687","3","50+ years",2022,253
"1688","3","50+ years",2023,369
"1689","30","5-49 years",1998,1
"1690","31","<5 years",2000,1
"1691","31","<5 years",2004,1
"1692","31","<5 years",2005,1
"1693","31","<5 years",2006,1
"1694","31","<5 years",2007,1
"1695","31","<5 years",2011,2
"1696","31","<5 years",2012,2
"1697","31","<5 years",2013,1
"1698","31","<5 years",2015,2
"1699","31","<5 years",2017,2
"1700","31","<5 years",2018,1
"1701","31","<5 years",2019,1
"1702","31","<5 years",2023,1
"1703","31","5-49 years",1998,8
"1704","31","5-49 years",1999,4
"1705","31","5-49 years",2000,5
"1706","31","5-49 years",2001,8
"1707","31","5-49 years",2002,8
"1708","31","5-49 years",2003,12
"1709","31","5-49 years",2004,11
"1710","31","5-49 years",2005,14
"1711","31","5-49 years",2006,18
"1712","31","5-49 years",2007,16
"1713","31","5-49 years",2008,15
"1714","31","5-49 years",2009,13
"1715","31","5-49 years",2010,11
"1716","31","5-49 years",2011,7
"1717","31","5-49 years",2012,9
"1718","31","5-49 years",2013,12
"1719","31","5-49 years",2014,9
"1720","31","5-49 years",2015,8
"1721","31","5-49 years",2016,14
"1722","31","5-49 years",2017,7
"1723","31","5-49 years",2018,4
"1724","31","5-49 years",2019,13
"1725","31","5-49 years",2020,7
"1726","31","5-49 years",2021,2
"1727","31","5-49 years",2022,10
"1728","31","5-49 years",2023,7
"1729","31","50+ years",1998,13
"1730","31","50+ years",1999,11
"1731","31","50+ years",2000,12
"1732","31","50+ years",2001,18
"1733","31","50+ years",2002,32
"1734","31","50+ years",2003,37
"1735","31","50+ years",2004,34
"1736","31","50+ years",2005,23
"1737","31","50+ years",2006,47
"1738","31","50+ years",2007,43
"1739","31","50+ years",2008,48
"1740","31","50+ years",2009,42
"1741","31","50+ years",2010,40
"1742","31","50+ years",2011,44
"1743","31","50+ years",2012,47
"1744","31","50+ years",2013,48
"1745","31","50+ years",2014,44
"1746","31","50+ years",2015,48
"1747","31","50+ years",2016,38
"1748","31","50+ years",2017,53
"1749","31","50+ years",2018,51
"1750","31","50+ years",2019,56
"1751","31","50+ years",2020,21
"1752","31","50+ years",2021,20
"1753","31","50+ years",2022,24
"1754","31","50+ years",2023,36
"1755","33","5-49 years",2008,1
"1756","33","50+ years",1998,3
"1757","33A","<5 years",2018,1
"1758","33A","<5 years",2023,2
"1759","33A","5-49 years",1998,1
"1760","33A","5-49 years",1999,2
"1761","33A","5-49 years",2005,2
"1762","33A","5-49 years",2019,1
"1763","33A","50+ years",2002,1
"1764","33A","50+ years",2007,1
"1765","33A","50+ years",2008,1
"1766","33A","50+ years",2023,1
"1767","33B","50+ years",2021,1
"1768","33F","<5 years",1998,7
"1769","33F","<5 years",1999,8
"1770","33F","<5 years",2000,9
"1771","33F","<5 years",2001,17
"1772","33F","<5 years",2002,19
"1773","33F","<5 years",2003,27
"1774","33F","<5 years",2004,23
"1775","33F","<5 years",2005,24
"1776","33F","<5 years",2006,18
"1777","33F","<5 years",2007,21
"1778","33F","<5 years",2008,24
"1779","33F","<5 years",2009,25
"1780","33F","<5 years",2010,13
"1781","33F","<5 years",2011,24
"1782","33F","<5 years",2012,14
"1783","33F","<5 years",2013,25
"1784","33F","<5 years",2014,17
"1785","33F","<5 years",2015,12
"1786","33F","<5 years",2016,13
"1787","33F","<5 years",2017,10
"1788","33F","<5 years",2018,13
"1789","33F","<5 years",2019,13
"1790","33F","<5 years",2020,4
"1791","33F","<5 years",2021,7
"1792","33F","<5 years",2022,5
"1793","33F","<5 years",2023,9
"1794","33F","5-49 years",1998,8
"1795","33F","5-49 years",1999,5
"1796","33F","5-49 years",2000,9
"1797","33F","5-49 years",2001,10
"1798","33F","5-49 years",2002,17
"1799","33F","5-49 years",2003,27
"1800","33F","5-49 years",2004,18
"1801","33F","5-49 years",2005,34
"1802","33F","5-49 years",2006,34
"1803","33F","5-49 years",2007,29
"1804","33F","5-49 years",2008,27
"1805","33F","5-49 years",2009,30
"1806","33F","5-49 years",2010,22
"1807","33F","5-49 years",2011,13
"1808","33F","5-49 years",2012,41
"1809","33F","5-49 years",2013,29
"1810","33F","5-49 years",2014,21
"1811","33F","5-49 years",2015,26
"1812","33F","5-49 years",2016,28
"1813","33F","5-49 years",2017,20
"1814","33F","5-49 years",2018,25
"1815","33F","5-49 years",2019,18
"1816","33F","5-49 years",2020,16
"1817","33F","5-49 years",2021,10
"1818","33F","5-49 years",2022,10
"1819","33F","5-49 years",2023,12
"1820","33F","50+ years",1998,17
"1821","33F","50+ years",1999,21
"1822","33F","50+ years",2000,15
"1823","33F","50+ years",2001,24
"1824","33F","50+ years",2002,31
"1825","33F","50+ years",2003,58
"1826","33F","50+ years",2004,53
"1827","33F","50+ years",2005,68
"1828","33F","50+ years",2006,62
"1829","33F","50+ years",2007,62
"1830","33F","50+ years",2008,83
"1831","33F","50+ years",2009,64
"1832","33F","50+ years",2010,54
"1833","33F","50+ years",2011,81
"1834","33F","50+ years",2012,61
"1835","33F","50+ years",2013,84
"1836","33F","50+ years",2014,44
"1837","33F","50+ years",2015,67
"1838","33F","50+ years",2016,85
"1839","33F","50+ years",2017,74
"1840","33F","50+ years",2018,76
"1841","33F","50+ years",2019,89
"1842","33F","50+ years",2020,35
"1843","33F","50+ years",2021,26
"1844","33F","50+ years",2022,50
"1845","33F","50+ years",2023,46
"1846","34","<5 years",2003,1
"1847","34","<5 years",2005,1
"1848","34","<5 years",2006,3
"1849","34","<5 years",2008,1
"1850","34","<5 years",2009,1
"1851","34","<5 years",2010,1
"1852","34","<5 years",2011,1
"1853","34","<5 years",2012,1
"1854","34","<5 years",2013,3
"1855","34","<5 years",2015,1
"1856","34","<5 years",2016,2
"1857","34","<5 years",2017,4
"1858","34","<5 years",2018,1
"1859","34","<5 years",2019,1
"1860","34","5-49 years",1998,3
"1861","34","5-49 years",1999,2
"1862","34","5-49 years",2000,1
"1863","34","5-49 years",2001,2
"1864","34","5-49 years",2002,2
"1865","34","5-49 years",2003,3
"1866","34","5-49 years",2004,7
"1867","34","5-49 years",2005,3
"1868","34","5-49 years",2006,2
"1869","34","5-49 years",2007,6
"1870","34","5-49 years",2008,2
"1871","34","5-49 years",2009,5
"1872","34","5-49 years",2010,11
"1873","34","5-49 years",2011,10
"1874","34","5-49 years",2012,6
"1875","34","5-49 years",2013,9
"1876","34","5-49 years",2014,7
"1877","34","5-49 years",2015,7
"1878","34","5-49 years",2016,7
"1879","34","5-49 years",2017,4
"1880","34","5-49 years",2018,8
"1881","34","5-49 years",2019,8
"1882","34","5-49 years",2020,5
"1883","34","5-49 years",2021,4
"1884","34","5-49 years",2022,9
"1885","34","5-49 years",2023,9
"1886","34","50+ years",1998,5
"1887","34","50+ years",1999,6
"1888","34","50+ years",2000,3
"1889","34","50+ years",2001,3
"1890","34","50+ years",2002,6
"1891","34","50+ years",2003,15
"1892","34","50+ years",2004,12
"1893","34","50+ years",2005,11
"1894","34","50+ years",2006,19
"1895","34","50+ years",2007,8
"1896","34","50+ years",2008,11
"1897","34","50+ years",2009,11
"1898","34","50+ years",2010,10
"1899","34","50+ years",2011,27
"1900","34","50+ years",2012,22
"1901","34","50+ years",2013,27
"1902","34","50+ years",2014,21
"1903","34","50+ years",2015,25
"1904","34","50+ years",2016,26
"1905","34","50+ years",2017,30
"1906","34","50+ years",2018,39
"1907","34","50+ years",2019,25
"1908","34","50+ years",2020,13
"1909","34","50+ years",2021,11
"1910","34","50+ years",2022,20
"1911","34","50+ years",2023,31
"1912","35","50+ years",2002,1
"1913","35A","5-49 years",2004,2
"1914","35A","5-49 years",2005,1
"1915","35A","5-49 years",2011,1
"1916","35A","5-49 years",2012,1
"1917","35A","50+ years",2004,1
"1918","35A","50+ years",2007,1
"1919","35A","50+ years",2008,1
"1920","35A","50+ years",2013,1
"1921","35A","50+ years",2016,1
"1922","35B","<5 years",1998,3
"1923","35B","<5 years",1999,2
"1924","35B","<5 years",2000,3
"1925","35B","<5 years",2001,2
"1926","35B","<5 years",2002,2
"1927","35B","<5 years",2003,10
"1928","35B","<5 years",2004,15
"1929","35B","<5 years",2005,11
"1930","35B","<5 years",2006,1
"1931","35B","<5 years",2007,5
"1932","35B","<5 years",2008,12
"1933","35B","<5 years",2009,8
"1934","35B","<5 years",2010,4
"1935","35B","<5 years",2011,11
"1936","35B","<5 years",2012,13
"1937","35B","<5 years",2013,15
"1938","35B","<5 years",2014,16
"1939","35B","<5 years",2015,8
"1940","35B","<5 years",2016,11
"1941","35B","<5 years",2017,6
"1942","35B","<5 years",2018,3
"1943","35B","<5 years",2019,14
"1944","35B","<5 years",2020,4
"1945","35B","<5 years",2021,1
"1946","35B","<5 years",2022,3
"1947","35B","<5 years",2023,6
"1948","35B","5-49 years",1998,4
"1949","35B","5-49 years",1999,5
"1950","35B","5-49 years",2000,8
"1951","35B","5-49 years",2001,12
"1952","35B","5-49 years",2002,11
"1953","35B","5-49 years",2003,12
"1954","35B","5-49 years",2004,15
"1955","35B","5-49 years",2005,14
"1956","35B","5-49 years",2006,17
"1957","35B","5-49 years",2007,20
"1958","35B","5-49 years",2008,18
"1959","35B","5-49 years",2009,20
"1960","35B","5-49 years",2010,14
"1961","35B","5-49 years",2011,21
"1962","35B","5-49 years",2012,22
"1963","35B","5-49 years",2013,28
"1964","35B","5-49 years",2014,15
"1965","35B","5-49 years",2015,16
"1966","35B","5-49 years",2016,23
"1967","35B","5-49 years",2017,19
"1968","35B","5-49 years",2018,21
"1969","35B","5-49 years",2019,21
"1970","35B","5-49 years",2020,9
"1971","35B","5-49 years",2021,15
"1972","35B","5-49 years",2022,16
"1973","35B","5-49 years",2023,17
"1974","35B","50+ years",1998,14
"1975","35B","50+ years",1999,13
"1976","35B","50+ years",2000,13
"1977","35B","50+ years",2001,28
"1978","35B","50+ years",2002,23
"1979","35B","50+ years",2003,37
"1980","35B","50+ years",2004,54
"1981","35B","50+ years",2005,43
"1982","35B","50+ years",2006,45
"1983","35B","50+ years",2007,63
"1984","35B","50+ years",2008,62
"1985","35B","50+ years",2009,50
"1986","35B","50+ years",2010,53
"1987","35B","50+ years",2011,57
"1988","35B","50+ years",2012,80
"1989","35B","50+ years",2013,87
"1990","35B","50+ years",2014,102
"1991","35B","50+ years",2015,101
"1992","35B","50+ years",2016,90
"1993","35B","50+ years",2017,119
"1994","35B","50+ years",2018,86
"1995","35B","50+ years",2019,109
"1996","35B","50+ years",2020,58
"1997","35B","50+ years",2021,68
"1998","35B","50+ years",2022,80
"1999","35B","50+ years",2023,73
"2000","35C","50+ years",2004,2
"2001","35C","50+ years",2005,1
"2002","35D","<5 years",2015,1
"2003","35D","<5 years",2016,1
"2004","35D","<5 years",2019,1
"2005","35D","<5 years",2020,2
"2006","35D","5-49 years",2016,1
"2007","35D","5-49 years",2021,1
"2008","35D","5-49 years",2022,1
"2009","35D","50+ years",2015,4
"2010","35D","50+ years",2016,5
"2011","35D","50+ years",2017,2
"2012","35D","50+ years",2018,4
"2013","35D","50+ years",2019,4
"2014","35D","50+ years",2020,2
"2015","35F","<5 years",1998,1
"2016","35F","<5 years",2001,2
"2017","35F","<5 years",2002,2
"2018","35F","<5 years",2003,3
"2019","35F","<5 years",2005,4
"2020","35F","<5 years",2006,2
"2021","35F","<5 years",2008,2
"2022","35F","<5 years",2009,2
"2023","35F","<5 years",2010,4
"2024","35F","<5 years",2011,2
"2025","35F","<5 years",2012,1
"2026","35F","<5 years",2013,4
"2027","35F","<5 years",2015,4
"2028","35F","<5 years",2016,2
"2029","35F","<5 years",2018,3
"2030","35F","<5 years",2019,4
"2031","35F","<5 years",2021,3
"2032","35F","<5 years",2022,2
"2033","35F","<5 years",2023,1
"2034","35F","5-49 years",1998,5
"2035","35F","5-49 years",1999,10
"2036","35F","5-49 years",2000,9
"2037","35F","5-49 years",2001,4
"2038","35F","5-49 years",2002,5
"2039","35F","5-49 years",2003,8
"2040","35F","5-49 years",2004,10
"2041","35F","5-49 years",2005,7
"2042","35F","5-49 years",2006,10
"2043","35F","5-49 years",2007,11
"2044","35F","5-49 years",2008,11
"2045","35F","5-49 years",2009,8
"2046","35F","5-49 years",2010,4
"2047","35F","5-49 years",2011,7
"2048","35F","5-49 years",2012,4
"2049","35F","5-49 years",2013,5
"2050","35F","5-49 years",2014,6
"2051","35F","5-49 years",2015,8
"2052","35F","5-49 years",2016,5
"2053","35F","5-49 years",2017,6
"2054","35F","5-49 years",2018,5
"2055","35F","5-49 years",2019,6
"2056","35F","5-49 years",2020,6
"2057","35F","5-49 years",2021,6
"2058","35F","5-49 years",2022,9
"2059","35F","5-49 years",2023,4
"2060","35F","50+ years",1998,11
"2061","35F","50+ years",1999,11
"2062","35F","50+ years",2000,4
"2063","35F","50+ years",2001,11
"2064","35F","50+ years",2002,13
"2065","35F","50+ years",2003,15
"2066","35F","50+ years",2004,22
"2067","35F","50+ years",2005,20
"2068","35F","50+ years",2006,29
"2069","35F","50+ years",2007,18
"2070","35F","50+ years",2008,25
"2071","35F","50+ years",2009,19
"2072","35F","50+ years",2010,20
"2073","35F","50+ years",2011,22
"2074","35F","50+ years",2012,25
"2075","35F","50+ years",2013,34
"2076","35F","50+ years",2014,27
"2077","35F","50+ years",2015,18
"2078","35F","50+ years",2016,35
"2079","35F","50+ years",2017,44
"2080","35F","50+ years",2018,23
"2081","35F","50+ years",2019,31
"2082","35F","50+ years",2020,17
"2083","35F","50+ years",2021,24
"2084","35F","50+ years",2022,20
"2085","35F","50+ years",2023,29
"2086","36","50+ years",1999,1
"2087","36","50+ years",2000,2
"2088","37","<5 years",2022,1
"2089","37","5-49 years",2001,2
"2090","37","5-49 years",2002,1
"2091","37","5-49 years",2003,3
"2092","37","5-49 years",2004,2
"2093","37","5-49 years",2005,1
"2094","37","5-49 years",2007,2
"2095","37","5-49 years",2008,2
"2096","37","5-49 years",2009,3
"2097","37","5-49 years",2010,2
"2098","37","5-49 years",2011,1
"2099","37","5-49 years",2012,1
"2100","37","5-49 years",2013,2
"2101","37","5-49 years",2014,2
"2102","37","5-49 years",2015,1
"2103","37","5-49 years",2018,1
"2104","37","5-49 years",2019,1
"2105","37","5-49 years",2020,1
"2106","37","5-49 years",2022,1
"2107","37","50+ years",1998,1
"2108","37","50+ years",1999,1
"2109","37","50+ years",2001,1
"2110","37","50+ years",2003,1
"2111","37","50+ years",2004,1
"2112","37","50+ years",2005,1
"2113","37","50+ years",2006,1
"2114","37","50+ years",2007,1
"2115","37","50+ years",2008,1
"2116","37","50+ years",2009,3
"2117","37","50+ years",2010,1
"2118","37","50+ years",2011,2
"2119","37","50+ years",2012,3
"2120","37","50+ years",2013,1
"2121","37","50+ years",2014,1
"2122","37","50+ years",2015,1
"2123","37","50+ years",2016,3
"2124","37","50+ years",2017,2
"2125","37","50+ years",2018,3
"2126","37","50+ years",2019,2
"2127","37","50+ years",2020,1
"2128","38","<5 years",1998,7
"2129","38","<5 years",1999,5
"2130","38","<5 years",2000,9
"2131","38","<5 years",2001,7
"2132","38","<5 years",2002,15
"2133","38","<5 years",2003,18
"2134","38","<5 years",2004,11
"2135","38","<5 years",2005,8
"2136","38","<5 years",2006,8
"2137","38","<5 years",2007,12
"2138","38","<5 years",2008,11
"2139","38","<5 years",2009,13
"2140","38","<5 years",2010,7
"2141","38","<5 years",2011,10
"2142","38","<5 years",2012,11
"2143","38","<5 years",2013,12
"2144","38","<5 years",2014,4
"2145","38","<5 years",2015,3
"2146","38","<5 years",2016,5
"2147","38","<5 years",2017,8
"2148","38","<5 years",2018,4
"2149","38","<5 years",2019,4
"2150","38","<5 years",2023,5
"2151","38","5-49 years",1998,10
"2152","38","5-49 years",1999,3
"2153","38","5-49 years",2000,10
"2154","38","5-49 years",2001,7
"2155","38","5-49 years",2002,11
"2156","38","5-49 years",2003,7
"2157","38","5-49 years",2004,7
"2158","38","5-49 years",2005,12
"2159","38","5-49 years",2006,11
"2160","38","5-49 years",2007,9
"2161","38","5-49 years",2008,15
"2162","38","5-49 years",2009,8
"2163","38","5-49 years",2010,11
"2164","38","5-49 years",2011,3
"2165","38","5-49 years",2012,4
"2166","38","5-49 years",2013,4
"2167","38","5-49 years",2014,6
"2168","38","5-49 years",2015,5
"2169","38","5-49 years",2016,1
"2170","38","5-49 years",2017,8
"2171","38","5-49 years",2018,5
"2172","38","5-49 years",2019,4
"2173","38","5-49 years",2020,1
"2174","38","5-49 years",2022,1
"2175","38","5-49 years",2023,3
"2176","38","50+ years",1998,15
"2177","38","50+ years",1999,16
"2178","38","50+ years",2000,21
"2179","38","50+ years",2001,20
"2180","38","50+ years",2002,23
"2181","38","50+ years",2003,18
"2182","38","50+ years",2004,23
"2183","38","50+ years",2005,29
"2184","38","50+ years",2006,25
"2185","38","50+ years",2007,38
"2186","38","50+ years",2008,39
"2187","38","50+ years",2009,19
"2188","38","50+ years",2010,31
"2189","38","50+ years",2011,27
"2190","38","50+ years",2012,40
"2191","38","50+ years",2013,19
"2192","38","50+ years",2014,14
"2193","38","50+ years",2015,17
"2194","38","50+ years",2016,28
"2195","38","50+ years",2017,44
"2196","38","50+ years",2018,23
"2197","38","50+ years",2019,16
"2198","38","50+ years",2020,8
"2199","38","50+ years",2021,1
"2200","38","50+ years",2022,10
"2201","38","50+ years",2023,25
"2202","39","<5 years",2001,1
"2203","39","5-49 years",2014,1
"2204","4","<5 years",1998,66
"2205","4","<5 years",1999,71
"2206","4","<5 years",2000,62
"2207","4","<5 years",2001,35
"2208","4","<5 years",2002,17
"2209","4","<5 years",2003,4
"2210","4","<5 years",2004,5
"2211","4","<5 years",2005,5
"2212","4","<5 years",2006,1
"2213","4","<5 years",2007,1
"2214","4","<5 years",2008,2
"2215","4","<5 years",2009,1
"2216","4","<5 years",2012,1
"2217","4","<5 years",2013,1
"2218","4","<5 years",2021,1
"2219","4","<5 years",2023,1
"2220","4","5-49 years",1998,155
"2221","4","5-49 years",1999,194
"2222","4","5-49 years",2000,164
"2223","4","5-49 years",2001,175
"2224","4","5-49 years",2002,128
"2225","4","5-49 years",2003,102
"2226","4","5-49 years",2004,75
"2227","4","5-49 years",2005,75
"2228","4","5-49 years",2006,63
"2229","4","5-49 years",2007,36
"2230","4","5-49 years",2008,26
"2231","4","5-49 years",2009,13
"2232","4","5-49 years",2010,19
"2233","4","5-49 years",2011,6
"2234","4","5-49 years",2012,8
"2235","4","5-49 years",2013,17
"2236","4","5-49 years",2014,11
"2237","4","5-49 years",2015,15
"2238","4","5-49 years",2016,19
"2239","4","5-49 years",2017,28
"2240","4","5-49 years",2018,63
"2241","4","5-49 years",2019,35
"2242","4","5-49 years",2020,40
"2243","4","5-49 years",2021,51
"2244","4","5-49 years",2022,102
"2245","4","5-49 years",2023,125
"2246","4","50+ years",1998,158
"2247","4","50+ years",1999,163
"2248","4","50+ years",2000,171
"2249","4","50+ years",2001,169
"2250","4","50+ years",2002,131
"2251","4","50+ years",2003,112
"2252","4","50+ years",2004,106
"2253","4","50+ years",2005,77
"2254","4","50+ years",2006,56
"2255","4","50+ years",2007,46
"2256","4","50+ years",2008,30
"2257","4","50+ years",2009,22
"2258","4","50+ years",2010,17
"2259","4","50+ years",2011,21
"2260","4","50+ years",2012,11
"2261","4","50+ years",2013,16
"2262","4","50+ years",2014,26
"2263","4","50+ years",2015,21
"2264","4","50+ years",2016,22
"2265","4","50+ years",2017,36
"2266","4","50+ years",2018,43
"2267","4","50+ years",2019,41
"2268","4","50+ years",2020,36
"2269","4","50+ years",2021,35
"2270","4","50+ years",2022,81
"2271","4","50+ years",2023,125
"2272","41A","50+ years",2003,1
"2273","43","50+ years",2008,1
"2274","45","50+ years",2019,1
"2275","47F","5-49 years",2008,1
"2276","5","<5 years",1998,1
"2277","5","<5 years",1999,1
"2278","5","<5 years",2000,1
"2279","5","<5 years",2001,1
"2280","5","<5 years",2004,1
"2281","5","<5 years",2005,1
"2282","5","<5 years",2008,2
"2283","5","<5 years",2009,2
"2284","5","5-49 years",1998,2
"2285","5","5-49 years",1999,2
"2286","5","5-49 years",2000,4
"2287","5","5-49 years",2001,14
"2288","5","5-49 years",2002,16
"2289","5","5-49 years",2003,5
"2290","5","5-49 years",2004,9
"2291","5","5-49 years",2005,2
"2292","5","5-49 years",2006,1
"2293","5","5-49 years",2007,2
"2294","5","5-49 years",2008,3
"2295","5","5-49 years",2009,1
"2296","5","5-49 years",2010,1
"2297","5","5-49 years",2013,3
"2298","5","50+ years",1998,1
"2299","5","50+ years",1999,4
"2300","5","50+ years",2000,5
"2301","5","50+ years",2001,7
"2302","5","50+ years",2002,8
"2303","5","50+ years",2003,3
"2304","5","50+ years",2004,5
"2305","5","50+ years",2005,2
"2306","5","50+ years",2006,3
"2307","5","50+ years",2007,2
"2308","5","50+ years",2008,3
"2309","5","50+ years",2010,3
"2310","5","50+ years",2012,1
"2311","5","50+ years",2014,1
"2312","5","50+ years",2017,1
"2313","6A","<5 years",1998,44
"2314","6A","<5 years",1999,54
"2315","6A","<5 years",2000,45
"2316","6A","<5 years",2001,36
"2317","6A","<5 years",2002,13
"2318","6A","<5 years",2003,24
"2319","6A","<5 years",2004,8
"2320","6A","<5 years",2005,3
"2321","6A","<5 years",2006,7
"2322","6A","<5 years",2007,3
"2323","6A","<5 years",2008,2
"2324","6A","<5 years",2010,1
"2325","6A","5-49 years",1998,43
"2326","6A","5-49 years",1999,38
"2327","6A","5-49 years",2000,51
"2328","6A","5-49 years",2001,51
"2329","6A","5-49 years",2002,56
"2330","6A","5-49 years",2003,52
"2331","6A","5-49 years",2004,30
"2332","6A","5-49 years",2005,26
"2333","6A","5-49 years",2006,30
"2334","6A","5-49 years",2007,20
"2335","6A","5-49 years",2008,16
"2336","6A","5-49 years",2009,11
"2337","6A","5-49 years",2010,5
"2338","6A","5-49 years",2011,1
"2339","6A","5-49 years",2012,4
"2340","6A","5-49 years",2015,1
"2341","6A","5-49 years",2016,1
"2342","6A","5-49 years",2018,1
"2343","6A","5-49 years",2022,1
"2344","6A","50+ years",1998,68
"2345","6A","50+ years",1999,93
"2346","6A","50+ years",2000,88
"2347","6A","50+ years",2001,80
"2348","6A","50+ years",2002,98
"2349","6A","50+ years",2003,95
"2350","6A","50+ years",2004,87
"2351","6A","50+ years",2005,62
"2352","6A","50+ years",2006,63
"2353","6A","50+ years",2007,59
"2354","6A","50+ years",2008,49
"2355","6A","50+ years",2009,53
"2356","6A","50+ years",2010,33
"2357","6A","50+ years",2011,6
"2358","6A","50+ years",2012,8
"2359","6A","50+ years",2013,3
"2360","6A","50+ years",2014,2
"2361","6A","50+ years",2015,2
"2362","6A","50+ years",2016,3
"2363","6A","50+ years",2017,3
"2364","6A","50+ years",2018,2
"2365","6A","50+ years",2019,4
"2366","6A","50+ years",2021,1
"2367","6A","50+ years",2022,2
"2368","6A","50+ years",2023,1
"2369","6B","<5 years",1998,100
"2370","6B","<5 years",1999,111
"2371","6B","<5 years",2000,113
"2372","6B","<5 years",2001,66
"2373","6B","<5 years",2002,35
"2374","6B","<5 years",2003,14
"2375","6B","<5 years",2004,4
"2376","6B","<5 years",2005,4
"2377","6B","<5 years",2006,1
"2378","6B","<5 years",2008,1
"2379","6B","<5 years",2010,1
"2380","6B","<5 years",2016,1
"2381","6B","5-49 years",1998,61
"2382","6B","5-49 years",1999,44
"2383","6B","5-49 years",2000,61
"2384","6B","5-49 years",2001,54
"2385","6B","5-49 years",2002,48
"2386","6B","5-49 years",2003,25
"2387","6B","5-49 years",2004,25
"2388","6B","5-49 years",2005,7
"2389","6B","5-49 years",2006,5
"2390","6B","5-49 years",2007,3
"2391","6B","5-49 years",2008,9
"2392","6B","5-49 years",2009,1
"2393","6B","5-49 years",2010,2
"2394","6B","5-49 years",2011,1
"2395","6B","5-49 years",2012,1
"2396","6B","5-49 years",2013,1
"2397","6B","5-49 years",2016,2
"2398","6B","5-49 years",2018,1
"2399","6B","50+ years",1998,118
"2400","6B","50+ years",1999,110
"2401","6B","50+ years",2000,128
"2402","6B","50+ years",2001,120
"2403","6B","50+ years",2002,88
"2404","6B","50+ years",2003,63
"2405","6B","50+ years",2004,38
"2406","6B","50+ years",2005,39
"2407","6B","50+ years",2006,22
"2408","6B","50+ years",2007,20
"2409","6B","50+ years",2008,19
"2410","6B","50+ years",2009,13
"2411","6B","50+ years",2010,4
"2412","6B","50+ years",2011,2
"2413","6B","50+ years",2012,3
"2414","6B","50+ years",2013,3
"2415","6B","50+ years",2014,7
"2416","6B","50+ years",2015,5
"2417","6B","50+ years",2016,3
"2418","6B","50+ years",2017,6
"2419","6B","50+ years",2018,4
"2420","6B","50+ years",2019,3
"2421","6B","50+ years",2020,2
"2422","6B","50+ years",2021,3
"2423","6C","<5 years",1998,1
"2424","6C","<5 years",2000,2
"2425","6C","<5 years",2001,2
"2426","6C","<5 years",2003,4
"2427","6C","<5 years",2004,7
"2428","6C","<5 years",2005,3
"2429","6C","<5 years",2006,9
"2430","6C","<5 years",2007,9
"2431","6C","<5 years",2008,4
"2432","6C","<5 years",2009,10
"2433","6C","<5 years",2010,8
"2434","6C","<5 years",2011,8
"2435","6C","<5 years",2012,5
"2436","6C","<5 years",2018,2
"2437","6C","<5 years",2022,1
"2438","6C","5-49 years",1999,2
"2439","6C","5-49 years",2000,7
"2440","6C","5-49 years",2001,5
"2441","6C","5-49 years",2002,7
"2442","6C","5-49 years",2003,9
"2443","6C","5-49 years",2004,17
"2444","6C","5-49 years",2005,14
"2445","6C","5-49 years",2006,23
"2446","6C","5-49 years",2007,31
"2447","6C","5-49 years",2008,29
"2448","6C","5-49 years",2009,38
"2449","6C","5-49 years",2010,44
"2450","6C","5-49 years",2011,32
"2451","6C","5-49 years",2012,26
"2452","6C","5-49 years",2013,24
"2453","6C","5-49 years",2014,10
"2454","6C","5-49 years",2015,17
"2455","6C","5-49 years",2016,15
"2456","6C","5-49 years",2017,16
"2457","6C","5-49 years",2018,19
"2458","6C","5-49 years",2019,16
"2459","6C","5-49 years",2020,3
"2460","6C","5-49 years",2021,10
"2461","6C","5-49 years",2022,14
"2462","6C","5-49 years",2023,14
"2463","6C","50+ years",1999,23
"2464","6C","50+ years",2000,19
"2465","6C","50+ years",2001,11
"2466","6C","50+ years",2002,27
"2467","6C","50+ years",2003,41
"2468","6C","50+ years",2004,36
"2469","6C","50+ years",2005,48
"2470","6C","50+ years",2006,88
"2471","6C","50+ years",2007,87
"2472","6C","50+ years",2008,114
"2473","6C","50+ years",2009,130
"2474","6C","50+ years",2010,147
"2475","6C","50+ years",2011,155
"2476","6C","50+ years",2012,128
"2477","6C","50+ years",2013,122
"2478","6C","50+ years",2014,103
"2479","6C","50+ years",2015,81
"2480","6C","50+ years",2016,62
"2481","6C","50+ years",2017,59
"2482","6C","50+ years",2018,68
"2483","6C","50+ years",2019,47
"2484","6C","50+ years",2020,24
"2485","6C","50+ years",2021,18
"2486","6C","50+ years",2022,22
"2487","6C","50+ years",2023,36
"2488","6D","5-49 years",2011,1
"2489","6D","50+ years",2010,1
"2490","6D","50+ years",2011,1
"2491","6D","50+ years",2013,1
"2492","6D","50+ years",2014,2
"2493","6D","50+ years",2016,1
"2494","6D","50+ years",2017,1
"2495","7A","5-49 years",2000,1
"2496","7A","5-49 years",2001,1
"2497","7A","5-49 years",2012,1
"2498","7A","50+ years",1998,1
"2499","7A","50+ years",1999,1
"2500","7A","50+ years",2001,1
"2501","7A","50+ years",2009,1
"2502","7B","<5 years",2023,1
"2503","7B","5-49 years",2000,1
"2504","7B","50+ years",1999,1
"2505","7B","50+ years",2013,1
"2506","7B","50+ years",2016,1
"2507","7C","<5 years",2002,3
"2508","7C","<5 years",2004,1
"2509","7C","<5 years",2005,2
"2510","7C","<5 years",2006,3
"2511","7C","<5 years",2007,3
"2512","7C","<5 years",2008,1
"2513","7C","<5 years",2010,2
"2514","7C","<5 years",2011,2
"2515","7C","<5 years",2012,1
"2516","7C","<5 years",2013,1
"2517","7C","<5 years",2014,1
"2518","7C","<5 years",2015,1
"2519","7C","<5 years",2016,2
"2520","7C","<5 years",2017,3
"2521","7C","<5 years",2018,6
"2522","7C","<5 years",2020,2
"2523","7C","<5 years",2021,1
"2524","7C","<5 years",2022,4
"2525","7C","5-49 years",1999,3
"2526","7C","5-49 years",2000,1
"2527","7C","5-49 years",2001,5
"2528","7C","5-49 years",2002,3
"2529","7C","5-49 years",2003,2
"2530","7C","5-49 years",2004,3
"2531","7C","5-49 years",2005,5
"2532","7C","5-49 years",2006,4
"2533","7C","5-49 years",2007,5
"2534","7C","5-49 years",2008,13
"2535","7C","5-49 years",2009,14
"2536","7C","5-49 years",2010,5
"2537","7C","5-49 years",2011,5
"2538","7C","5-49 years",2012,12
"2539","7C","5-49 years",2013,9
"2540","7C","5-49 years",2014,12
"2541","7C","5-49 years",2015,10
"2542","7C","5-49 years",2016,9
"2543","7C","5-49 years",2017,15
"2544","7C","5-49 years",2018,10
"2545","7C","5-49 years",2019,12
"2546","7C","5-49 years",2020,9
"2547","7C","5-49 years",2021,10
"2548","7C","5-49 years",2022,11
"2549","7C","5-49 years",2023,6
"2550","7C","50+ years",1999,3
"2551","7C","50+ years",2001,3
"2552","7C","50+ years",2002,5
"2553","7C","50+ years",2003,15
"2554","7C","50+ years",2004,11
"2555","7C","50+ years",2005,18
"2556","7C","50+ years",2006,13
"2557","7C","50+ years",2007,23
"2558","7C","50+ years",2008,22
"2559","7C","50+ years",2009,20
"2560","7C","50+ years",2010,30
"2561","7C","50+ years",2011,29
"2562","7C","50+ years",2012,20
"2563","7C","50+ years",2013,38
"2564","7C","50+ years",2014,39
"2565","7C","50+ years",2015,42
"2566","7C","50+ years",2016,38
"2567","7C","50+ years",2017,48
"2568","7C","50+ years",2018,41
"2569","7C","50+ years",2019,34
"2570","7C","50+ years",2020,27
"2571","7C","50+ years",2021,27
"2572","7C","50+ years",2022,46
"2573","7C","50+ years",2023,39
"2574","7F","<5 years",1998,5
"2575","7F","<5 years",1999,8
"2576","7F","<5 years",2000,3
"2577","7F","<5 years",2001,16
"2578","7F","<5 years",2002,14
"2579","7F","<5 years",2003,20
"2580","7F","<5 years",2004,15
"2581","7F","<5 years",2005,33
"2582","7F","<5 years",2006,27
"2583","7F","<5 years",2007,59
"2584","7F","<5 years",2008,55
"2585","7F","<5 years",2009,71
"2586","7F","<5 years",2010,61
"2587","7F","<5 years",2011,13
"2588","7F","<5 years",2012,3
"2589","7F","<5 years",2013,2
"2590","7F","<5 years",2014,1
"2591","7F","<5 years",2023,1
"2592","7F","5-49 years",1998,49
"2593","7F","5-49 years",1999,38
"2594","7F","5-49 years",2000,38
"2595","7F","5-49 years",2001,45
"2596","7F","5-49 years",2002,60
"2597","7F","5-49 years",2003,51
"2598","7F","5-49 years",2004,42
"2599","7F","5-49 years",2005,79
"2600","7F","5-49 years",2006,135
"2601","7F","5-49 years",2007,169
"2602","7F","5-49 years",2008,257
"2603","7F","5-49 years",2009,296
"2604","7F","5-49 years",2010,229
"2605","7F","5-49 years",2011,162
"2606","7F","5-49 years",2012,77
"2607","7F","5-49 years",2013,54
"2608","7F","5-49 years",2014,31
"2609","7F","5-49 years",2015,21
"2610","7F","5-49 years",2016,21
"2611","7F","5-49 years",2017,18
"2612","7F","5-49 years",2018,12
"2613","7F","5-49 years",2019,6
"2614","7F","5-49 years",2020,8
"2615","7F","5-49 years",2022,8
"2616","7F","5-49 years",2023,18
"2617","7F","50+ years",1998,46
"2618","7F","50+ years",1999,41
"2619","7F","50+ years",2000,41
"2620","7F","50+ years",2001,34
"2621","7F","50+ years",2002,39
"2622","7F","50+ years",2003,47
"2623","7F","50+ years",2004,70
"2624","7F","50+ years",2005,86
"2625","7F","50+ years",2006,144
"2626","7F","50+ years",2007,204
"2627","7F","50+ years",2008,292
"2628","7F","50+ years",2009,327
"2629","7F","50+ years",2010,301
"2630","7F","50+ years",2011,221
"2631","7F","50+ years",2012,114
"2632","7F","50+ years",2013,80
"2633","7F","50+ years",2014,37
"2634","7F","50+ years",2015,29
"2635","7F","50+ years",2016,18
"2636","7F","50+ years",2017,28
"2637","7F","50+ years",2018,24
"2638","7F","50+ years",2019,11
"2639","7F","50+ years",2020,8
"2640","7F","50+ years",2021,3
"2641","7F","50+ years",2022,5
"2642","7F","50+ years",2023,9
"2643","8","<5 years",2000,3
"2644","8","<5 years",2001,2
"2645","8","<5 years",2003,3
"2646","8","<5 years",2004,2
"2647","8","<5 years",2005,1
"2648","8","<5 years",2008,3
"2649","8","<5 years",2009,4
"2650","8","<5 years",2010,2
"2651","8","<5 years",2011,4
"2652","8","<5 years",2012,4
"2653","8","<5 years",2013,3
"2654","8","<5 years",2014,1
"2655","8","<5 years",2015,2
"2656","8","<5 years",2018,1
"2657","8","<5 years",2019,2
"2658","8","<5 years",2020,3
"2659","8","<5 years",2021,2
"2660","8","<5 years",2022,1
"2661","8","5-49 years",1998,20
"2662","8","5-49 years",1999,14
"2663","8","5-49 years",2000,17
"2664","8","5-49 years",2001,26
"2665","8","5-49 years",2002,23
"2666","8","5-49 years",2003,34
"2667","8","5-49 years",2004,34
"2668","8","5-49 years",2005,26
"2669","8","5-49 years",2006,39
"2670","8","5-49 years",2007,27
"2671","8","5-49 years",2008,31
"2672","8","5-49 years",2009,38
"2673","8","5-49 years",2010,28
"2674","8","5-49 years",2011,37
"2675","8","5-49 years",2012,28
"2676","8","5-49 years",2013,47
"2677","8","5-49 years",2014,38
"2678","8","5-49 years",2015,36
"2679","8","5-49 years",2016,45
"2680","8","5-49 years",2017,44
"2681","8","5-49 years",2018,39
"2682","8","5-49 years",2019,49
"2683","8","5-49 years",2020,14
"2684","8","5-49 years",2021,14
"2685","8","5-49 years",2022,34
"2686","8","5-49 years",2023,20
"2687","8","50+ years",1998,17
"2688","8","50+ years",1999,12
"2689","8","50+ years",2000,24
"2690","8","50+ years",2001,12
"2691","8","50+ years",2002,25
"2692","8","50+ years",2003,24
"2693","8","50+ years",2004,41
"2694","8","50+ years",2005,42
"2695","8","50+ years",2006,39
"2696","8","50+ years",2007,46
"2697","8","50+ years",2008,46
"2698","8","50+ years",2009,42
"2699","8","50+ years",2010,46
"2700","8","50+ years",2011,58
"2701","8","50+ years",2012,59
"2702","8","50+ years",2013,84
"2703","8","50+ years",2014,78
"2704","8","50+ years",2015,67
"2705","8","50+ years",2016,76
"2706","8","50+ years",2017,99
"2707","8","50+ years",2018,80
"2708","8","50+ years",2019,78
"2709","8","50+ years",2020,31
"2710","8","50+ years",2021,24
"2711","8","50+ years",2022,45
"2712","8","50+ years",2023,45
"2713","9A","<5 years",1998,11
"2714","9A","<5 years",1999,12
"2715","9A","<5 years",2000,3
"2716","9A","<5 years",2001,5
"2717","9A","5-49 years",1998,9
"2718","9A","5-49 years",1999,9
"2719","9A","5-49 years",2000,4
"2720","9A","5-49 years",2001,5
"2721","9A","5-49 years",2002,10
"2722","9A","5-49 years",2003,1
"2723","9A","5-49 years",2004,1
"2724","9A","5-49 years",2007,1
"2725","9A","50+ years",1998,14
"2726","9A","50+ years",1999,14
"2727","9A","50+ years",2000,9
"2728","9A","50+ years",2001,12
"2729","9A","50+ years",2002,17
"2730","9A","50+ years",2003,3
"2731","9A","50+ years",2006,1
"2732","9A","50+ years",2007,1
"2733","9L","<5 years",1998,1
"2734","9L","<5 years",1999,1
"2735","9L","<5 years",2000,2
"2736","9L","5-49 years",2000,1
"2737","9L","5-49 years",2012,1
"2738","9L","50+ years",1998,1
"2739","9L","50+ years",1999,2
"2740","9L","50+ years",2017,2
"2741","9L","50+ years",2018,1
"2742","9L","50+ years",2019,1
"2743","9N","<5 years",1998,4
"2744","9N","<5 years",1999,2
"2745","9N","<5 years",2000,3
"2746","9N","<5 years",2001,3
"2747","9N","<5 years",2002,1
"2748","9N","<5 years",2003,1
"2749","9N","<5 years",2005,2
"2750","9N","<5 years",2006,3
"2751","9N","<5 years",2008,2
"2752","9N","<5 years",2009,4
"2753","9N","<5 years",2010,2
"2754","9N","<5 years",2011,6
"2755","9N","<5 years",2012,2
"2756","9N","<5 years",2014,3
"2757","9N","<5 years",2015,3
"2758","9N","<5 years",2016,3
"2759","9N","<5 years",2017,3
"2760","9N","<5 years",2018,2
"2761","9N","<5 years",2021,4
"2762","9N","<5 years",2023,2
"2763","9N","5-49 years",1998,30
"2764","9N","5-49 years",1999,27
"2765","9N","5-49 years",2000,21
"2766","9N","5-49 years",2001,20
"2767","9N","5-49 years",2002,20
"2768","9N","5-49 years",2003,28
"2769","9N","5-49 years",2004,22
"2770","9N","5-49 years",2005,35
"2771","9N","5-49 years",2006,29
"2772","9N","5-49 years",2007,34
"2773","9N","5-49 years",2008,26
"2774","9N","5-49 years",2009,35
"2775","9N","5-49 years",2010,41
"2776","9N","5-49 years",2011,31
"2777","9N","5-49 years",2012,22
"2778","9N","5-49 years",2013,33
"2779","9N","5-49 years",2014,41
"2780","9N","5-49 years",2015,33
"2781","9N","5-49 years",2016,36
"2782","9N","5-49 years",2017,36
"2783","9N","5-49 years",2018,62
"2784","9N","5-49 years",2019,49
"2785","9N","5-49 years",2020,42
"2786","9N","5-49 years",2021,34
"2787","9N","5-49 years",2022,52
"2788","9N","5-49 years",2023,54
"2789","9N","50+ years",1998,24
"2790","9N","50+ years",1999,20
"2791","9N","50+ years",2000,30
"2792","9N","50+ years",2001,24
"2793","9N","50+ years",2002,27
"2794","9N","50+ years",2003,34
"2795","9N","50+ years",2004,19
"2796","9N","50+ years",2005,31
"2797","9N","50+ years",2006,34
"2798","9N","50+ years",2007,53
"2799","9N","50+ years",2008,61
"2800","9N","50+ years",2009,62
"2801","9N","50+ years",2010,84
"2802","9N","50+ years",2011,74
"2803","9N","50+ years",2012,93
"2804","9N","50+ years",2013,93
"2805","9N","50+ years",2014,78
"2806","9N","50+ years",2015,76
"2807","9N","50+ years",2016,114
"2808","9N","50+ years",2017,111
"2809","9N","50+ years",2018,130
"2810","9N","50+ years",2019,109
"2811","9N","50+ years",2020,74
"2812","9N","50+ years",2021,83
"2813","9N","50+ years",2022,107
"2814","9N","50+ years",2023,111
"2815","9V","<5 years",1998,55
"2816","9V","<5 years",1999,61
"2817","9V","<5 years",2000,40
"2818","9V","<5 years",2001,33
"2819","9V","<5 years",2002,10
"2820","9V","<5 years",2003,5
"2821","9V","<5 years",2004,1
"2822","9V","<5 years",2005,1
"2823","9V","<5 years",2006,2
"2824","9V","<5 years",2009,2
"2825","9V","5-49 years",1998,122
"2826","9V","5-49 years",1999,110
"2827","9V","5-49 years",2000,108
"2828","9V","5-49 years",2001,88
"2829","9V","5-49 years",2002,62
"2830","9V","5-49 years",2003,51
"2831","9V","5-49 years",2004,35
"2832","9V","5-49 years",2005,24
"2833","9V","5-49 years",2006,22
"2834","9V","5-49 years",2007,11
"2835","9V","5-49 years",2008,11
"2836","9V","5-49 years",2009,11
"2837","9V","5-49 years",2010,7
"2838","9V","5-49 years",2011,6
"2839","9V","5-49 years",2012,1
"2840","9V","5-49 years",2013,1
"2841","9V","5-49 years",2014,2
"2842","9V","5-49 years",2015,2
"2843","9V","5-49 years",2016,1
"2844","9V","5-49 years",2017,1
"2845","9V","5-49 years",2018,1
"2846","9V","5-49 years",2020,1
"2847","9V","5-49 years",2021,2
"2848","9V","5-49 years",2023,2
"2849","9V","50+ years",1998,138
"2850","9V","50+ years",1999,151
"2851","9V","50+ years",2000,136
"2852","9V","50+ years",2001,135
"2853","9V","50+ years",2002,104
"2854","9V","50+ years",2003,80
"2855","9V","50+ years",2004,68
"2856","9V","50+ years",2005,52
"2857","9V","50+ years",2006,38
"2858","9V","50+ years",2007,24
"2859","9V","50+ years",2008,20
"2860","9V","50+ years",2009,11
"2861","9V","50+ years",2010,12
"2862","9V","50+ years",2011,5
"2863","9V","50+ years",2012,7
"2864","9V","50+ years",2013,4
"2865","9V","50+ years",2014,4
"2866","9V","50+ years",2015,4
"2867","9V","50+ years",2016,2
"2868","9V","50+ years",2017,7
"2869","9V","50+ years",2018,3
"2870","9V","50+ years",2019,2
"2871","9V","50+ years",2020,2
"2872","9V","50+ years",2021,2
"2873","9V","50+ years",2022,1
"2874","9V","50+ years",2023,4
"2875","MISS","<5 years",1998,181
"2876","MISS","<5 years",1999,186
"2877","MISS","<5 years",2000,151
"2878","MISS","<5 years",2001,97
"2879","MISS","<5 years",2002,64
"2880","MISS","<5 years",2003,49
"2881","MISS","<5 years",2004,70
"2882","MISS","<5 years",2005,76
"2883","MISS","<5 years",2006,64
"2884","MISS","<5 years",2007,61
"2885","MISS","<5 years",2008,75
"2886","MISS","<5 years",2009,53
"2887","MISS","<5 years",2010,44
"2888","MISS","<5 years",2011,23
"2889","MISS","<5 years",2012,16
"2890","MISS","<5 years",2013,23
"2891","MISS","<5 years",2014,22
"2892","MISS","<5 years",2015,36
"2893","MISS","<5 years",2016,32
"2894","MISS","<5 years",2017,21
"2895","MISS","<5 years",2018,15
"2896","MISS","<5 years",2019,15
"2897","MISS","<5 years",2020,5
"2898","MISS","<5 years",2021,14
"2899","MISS","<5 years",2022,33
"2900","MISS","<5 years",2023,30
"2901","MISS","5-49 years",1998,144
"2902","MISS","5-49 years",1999,150
"2903","MISS","5-49 years",2000,129
"2904","MISS","5-49 years",2001,123
"2905","MISS","5-49 years",2002,124
"2906","MISS","5-49 years",2003,113
"2907","MISS","5-49 years",2004,157
"2908","MISS","5-49 years",2005,167
"2909","MISS","5-49 years",2006,133
"2910","MISS","5-49 years",2007,142
"2911","MISS","5-49 years",2008,166
"2912","MISS","5-49 years",2009,116
"2913","MISS","5-49 years",2010,89
"2914","MISS","5-49 years",2011,77
"2915","MISS","5-49 years",2012,64
"2916","MISS","5-49 years",2013,62
"2917","MISS","5-49 years",2014,68
"2918","MISS","5-49 years",2015,74
"2919","MISS","5-49 years",2016,55
"2920","MISS","5-49 years",2017,78
"2921","MISS","5-49 years",2018,104
"2922","MISS","5-49 years",2019,97
"2923","MISS","5-49 years",2020,74
"2924","MISS","5-49 years",2021,105
"2925","MISS","5-49 years",2022,142
"2926","MISS","5-49 years",2023,151
"2927","MISS","50+ years",1998,235
"2928","MISS","50+ years",1999,233
"2929","MISS","50+ years",2000,211
"2930","MISS","50+ years",2001,207
"2931","MISS","50+ years",2002,218
"2932","MISS","50+ years",2003,220
"2933","MISS","50+ years",2004,270
"2934","MISS","50+ years",2005,269
"2935","MISS","50+ years",2006,263
"2936","MISS","50+ years",2007,287
"2937","MISS","50+ years",2008,290
"2938","MISS","50+ years",2009,266
"2939","MISS","50+ years",2010,234
"2940","MISS","50+ years",2011,214
"2941","MISS","50+ years",2012,171
"2942","MISS","50+ years",2013,197
"2943","MISS","50+ years",2014,174
"2944","MISS","50+ years",2015,217
"2945","MISS","50+ years",2016,208
"2946","MISS","50+ years",2017,222
"2947","MISS","50+ years",2018,257
"2948","MISS","50+ years",2019,249
"2949","MISS","50+ years",2020,217
"2950","MISS","50+ years",2021,286
"2951","MISS","50+ years",2022,308
"2952","MISS","50+ years",2023,335
"2953","NT","<5 years",1998,4
"2954","NT","<5 years",1999,3
"2955","NT","<5 years",2000,2
"2956","NT","<5 years",2001,2
"2957","NT","<5 years",2002,3
"2958","NT","<5 years",2003,4
"2959","NT","<5 years",2004,2
"2960","NT","<5 years",2005,1
"2961","NT","<5 years",2006,4
"2962","NT","<5 years",2007,4
"2963","NT","<5 years",2008,3
"2964","NT","<5 years",2010,5
"2965","NT","<5 years",2011,2
"2966","NT","<5 years",2012,1
"2967","NT","<5 years",2016,1
"2968","NT","<5 years",2017,1
"2969","NT","<5 years",2019,1
"2970","NT","<5 years",2020,1
"2971","NT","<5 years",2021,2
"2972","NT","<5 years",2023,1
"2973","NT","5-49 years",1998,1
"2974","NT","5-49 years",1999,7
"2975","NT","5-49 years",2000,1
"2976","NT","5-49 years",2001,9
"2977","NT","5-49 years",2002,12
"2978","NT","5-49 years",2003,11
"2979","NT","5-49 years",2004,7
"2980","NT","5-49 years",2005,10
"2981","NT","5-49 years",2006,10
"2982","NT","5-49 years",2007,6
"2983","NT","5-49 years",2008,7
"2984","NT","5-49 years",2009,6
"2985","NT","5-49 years",2010,2
"2986","NT","5-49 years",2011,8
"2987","NT","5-49 years",2012,3
"2988","NT","5-49 years",2013,2
"2989","NT","5-49 years",2014,1
"2990","NT","5-49 years",2017,1
"2991","NT","5-49 years",2020,1
"2992","NT","5-49 years",2023,1
"2993","NT","50+ years",1998,7
"2994","NT","50+ years",1999,3
"2995","NT","50+ years",2000,4
"2996","NT","50+ years",2001,9
"2997","NT","50+ years",2002,7
"2998","NT","50+ years",2003,8
"2999","NT","50+ years",2004,9
"3000","NT","50+ years",2005,15
"3001","NT","50+ years",2006,19
"3002","NT","50+ years",2007,13
"3003","NT","50+ years",2008,8
"3004","NT","50+ years",2009,10
"3005","NT","50+ years",2010,21
"3006","NT","50+ years",2011,14
"3007","NT","50+ years",2012,12
"3008","NT","50+ years",2013,4
"3009","NT","50+ years",2014,3
"3010","NT","50+ years",2015,1
"3011","NT","50+ years",2017,2
"3012","NT","50+ years",2018,7
"3013","NT","50+ years",2019,7
"3014","NT","50+ years",2020,3
"3015","NT","50+ years",2021,3
"3016","NT","50+ years",2022,1
"3017","NT","50+ years",2023,3
