year,county,fips,grade,N,vax,value
2010-2011,Apache,04001,Kindergarten,955,dtap,96.8
2010-2011,Cochise,04003,Kindergarten,1559,dtap,97
2010-2011,Coconino,04005,Kindergarten,1305,dtap,93.4
2010-2011,Gila,04007,Kindergarten,654,dtap,97.9
2010-2011,Graham,04009,Kindergarten,574,dtap,94.8
2010-2011,Greenlee,04011,Kindergarten,35,dtap,91.4
2010-2011,La Paz,04012,Kindergarten,215,dtap,95.8
2010-2011,Maricopa,04013,Kindergarten,53120,dtap,95.2
2010-2011,Mohave,04015,Kindergarten,1809,dtap,92.5
2010-2011,Navajo,04017,Kindergarten,1584,dtap,94.3
2010-2011,Pima,04019,Kindergarten,11913,dtap,96
2010-2011,Pinal,04021,Kindergarten,4272,dtap,93.9
2010-2011,Santa Cruz,04023,Kindergarten,762,dtap,97.2
2010-2011,Yavapai,04025,Kindergarten,1828,dtap,90.6
2010-2011,Yuma,04027,Kindergarten,2763,dtap,98.3
2010-2011,Total,04,Kindergarten,83348,dtap,95.6
2010-2011,Apache,04001,Kindergarten,955,polio,97.5
2010-2011,Cochise,04003,Kindergarten,1559,polio,97
2010-2011,Coconino,04005,Kindergarten,1305,polio,93.3
2010-2011,Gila,04007,Kindergarten,654,polio,98.2
2010-2011,Graham,04009,Kindergarten,574,polio,95.5
2010-2011,Greenlee,04011,Kindergarten,35,polio,94.3
2010-2011,La Paz,04012,Kindergarten,215,polio,95.8
2010-2011,Maricopa,04013,Kindergarten,53120,polio,95.6
2010-2011,Mohave,04015,Kindergarten,1809,polio,93.1
2010-2011,Navajo,04017,Kindergarten,1584,polio,94.4
2010-2011,Pima,04019,Kindergarten,11913,polio,96.2
2010-2011,Pinal,04021,Kindergarten,4272,polio,94.2
2010-2011,Santa Cruz,04023,Kindergarten,762,polio,97.5
2010-2011,Yavapai,04025,Kindergarten,1828,polio,91.1
2010-2011,Yuma,04027,Kindergarten,2763,polio,98.3
2010-2011,Total,04,Kindergarten,83348,polio,95.6
2010-2011,Apache,04001,Kindergarten,955,_mmr,96.6
2010-2011,Cochise,04003,Kindergarten,1559,_mmr,96.9
2010-2011,Coconino,04005,Kindergarten,1305,_mmr,93
2010-2011,Gila,04007,Kindergarten,654,_mmr,94.3
2010-2011,Graham,04009,Kindergarten,574,_mmr,94.4
2010-2011,Greenlee,04011,Kindergarten,35,_mmr,94.3
2010-2011,La Paz,04012,Kindergarten,215,_mmr,95.8
2010-2011,Maricopa,04013,Kindergarten,53120,_mmr,95.3
2010-2011,Mohave,04015,Kindergarten,1809,_mmr,92.8
2010-2011,Navajo,04017,Kindergarten,1584,_mmr,94.1
2010-2011,Pima,04019,Kindergarten,11913,_mmr,96.6
2010-2011,Pinal,04021,Kindergarten,4272,_mmr,93.6
2010-2011,Santa Cruz,04023,Kindergarten,762,_mmr,97.1
2010-2011,Yavapai,04025,Kindergarten,1828,_mmr,90
2010-2011,Yuma,04027,Kindergarten,2763,_mmr,97.8
2010-2011,Total,04,Kindergarten,83348,_mmr,95.3
2010-2011,Apache,04001,Kindergarten,955,hep_b,98.1
2010-2011,Cochise,04003,Kindergarten,1559,hep_b,98.5
2010-2011,Coconino,04005,Kindergarten,1305,hep_b,94.6
2010-2011,Gila,04007,Kindergarten,654,hep_b,98.5
2010-2011,Graham,04009,Kindergarten,574,hep_b,96.5
2010-2011,Greenlee,04011,Kindergarten,35,hep_b,94.3
2010-2011,La Paz,04012,Kindergarten,215,hep_b,97.7
2010-2011,Maricopa,04013,Kindergarten,53120,hep_b,96.5
2010-2011,Mohave,04015,Kindergarten,1809,hep_b,94.5
2010-2011,Navajo,04017,Kindergarten,1584,hep_b,96.9
2010-2011,Pima,04019,Kindergarten,11913,hep_b,97.8
2010-2011,Pinal,04021,Kindergarten,4272,hep_b,95.7
2010-2011,Santa Cruz,04023,Kindergarten,762,hep_b,98.4
2010-2011,Yavapai,04025,Kindergarten,1828,hep_b,93.9
2010-2011,Yuma,04027,Kindergarten,2763,hep_b,99
2010-2011,Total,04,Kindergarten,83348,hep_b,96.6
2010-2011,Apache,04001,Kindergarten,955,varicella,5.3
2010-2011,Cochise,04003,Kindergarten,1559,varicella,15.4
2010-2011,Coconino,04005,Kindergarten,1305,varicella,11.2
2010-2011,Gila,04007,Kindergarten,654,varicella,9.8
2010-2011,Graham,04009,Kindergarten,574,varicella,11.7
2010-2011,Greenlee,04011,Kindergarten,35,varicella,40
2010-2011,La Paz,04012,Kindergarten,215,varicella,2.3
2010-2011,Maricopa,04013,Kindergarten,53120,varicella,15.6
2010-2011,Mohave,04015,Kindergarten,1809,varicella,17.2
2010-2011,Navajo,04017,Kindergarten,1584,varicella,17.8
2010-2011,Pima,04019,Kindergarten,11913,varicella,16.6
2010-2011,Pinal,04021,Kindergarten,4272,varicella,21.2
2010-2011,Santa Cruz,04023,Kindergarten,762,varicella,24
2010-2011,Yavapai,04025,Kindergarten,1828,varicella,29
2010-2011,Yuma,04027,Kindergarten,2763,varicella,14.5
2010-2011,Total,04,Kindergarten,83348,varicella,16.1
2010-2011,Apache,04001,Kindergarten,955,personal_exempt,1.4
2010-2011,Cochise,04003,Kindergarten,1559,personal_exempt,1.9
2010-2011,Coconino,04005,Kindergarten,1305,personal_exempt,5.1
2010-2011,Gila,04007,Kindergarten,654,personal_exempt,1.4
2010-2011,Graham,04009,Kindergarten,574,personal_exempt,2.1
2010-2011,Greenlee,04011,Kindergarten,35,personal_exempt,6
2010-2011,La Paz,04012,Kindergarten,215,personal_exempt,1.4
2010-2011,Maricopa,04013,Kindergarten,53120,personal_exempt,3.4
2010-2011,Mohave,04015,Kindergarten,1809,personal_exempt,4.8
2010-2011,Navajo,04017,Kindergarten,1584,personal_exempt,3.5
2010-2011,Pima,04019,Kindergarten,11913,personal_exempt,2.5
2010-2011,Pinal,04021,Kindergarten,4272,personal_exempt,3.6
2010-2011,Santa Cruz,04023,Kindergarten,762,personal_exempt,1.6
2010-2011,Yavapai,04025,Kindergarten,1828,personal_exempt,8.5
2010-2011,Yuma,04027,Kindergarten,2763,personal_exempt,0.6
2010-2011,Total,04,Kindergarten,83348,personal_exempt,3.2
2010-2011,Apache,04001,Kindergarten,955,medical_exempt,0.1
2010-2011,Cochise,04003,Kindergarten,1559,medical_exempt,0.2
2010-2011,Coconino,04005,Kindergarten,1305,medical_exempt,0.3
2010-2011,Gila,04007,Kindergarten,654,medical_exempt,0.2
2010-2011,Graham,04009,Kindergarten,574,medical_exempt,0.2
2010-2011,Greenlee,04011,Kindergarten,35,medical_exempt,0
2010-2011,La Paz,04012,Kindergarten,215,medical_exempt,0
2010-2011,Maricopa,04013,Kindergarten,53120,medical_exempt,0.2
2010-2011,Mohave,04015,Kindergarten,1809,medical_exempt,0.2
2010-2011,Navajo,04017,Kindergarten,1584,medical_exempt,0.1
2010-2011,Pima,04019,Kindergarten,11913,medical_exempt,0.1
2010-2011,Pinal,04021,Kindergarten,4272,medical_exempt,0.2
2010-2011,Santa Cruz,04023,Kindergarten,762,medical_exempt,0.4
2010-2011,Yavapai,04025,Kindergarten,1828,medical_exempt,0.3
2010-2011,Yuma,04027,Kindergarten,2763,medical_exempt,0
2010-2011,Total,04,Kindergarten,83348,medical_exempt,0.3
2011-2012,Apache,04001,Kindergarten,836,dtap,95.9
2011-2012,Cochise,04003,Kindergarten,1645,dtap,95
2011-2012,Coconino,04005,Kindergarten,1213,dtap,91.4
2011-2012,Gila,04007,Kindergarten,599,dtap,97.2
2011-2012,Graham,04009,Kindergarten,586,dtap,94.4
2011-2012,Greenlee,04011,Kindergarten,27,dtap,85.2
2011-2012,La Paz,04012,Kindergarten,231,dtap,97.4
2011-2012,Maricopa,04013,Kindergarten,54518,dtap,94.8
2011-2012,Mohave,04015,Kindergarten,1801,dtap,90.3
2011-2012,Navajo,04017,Kindergarten,1628,dtap,94.8
2011-2012,Pima,04019,Kindergarten,12087,dtap,96.2
2011-2012,Pinal,04021,Kindergarten,4633,dtap,93.9
2011-2012,Santa Cruz,04023,Kindergarten,735,dtap,98.2
2011-2012,Yavapai,04025,Kindergarten,1886,dtap,89.6
2011-2012,Yuma,04027,Kindergarten,2811,dtap,98.2
2011-2012,Total,04,Kindergarten,85316,dtap,94.9
2011-2012,Apache,04001,Kindergarten,836,polio,96.1
2011-2012,Cochise,04003,Kindergarten,1645,polio,95.1
2011-2012,Coconino,04005,Kindergarten,1213,polio,92
2011-2012,Gila,04007,Kindergarten,599,polio,97.3
2011-2012,Graham,04009,Kindergarten,586,polio,94.7
2011-2012,Greenlee,04011,Kindergarten,27,polio,70.4
2011-2012,La Paz,04012,Kindergarten,231,polio,97
2011-2012,Maricopa,04013,Kindergarten,54518,polio,95
2011-2012,Mohave,04015,Kindergarten,1801,polio,91.1
2011-2012,Navajo,04017,Kindergarten,1628,polio,94.3
2011-2012,Pima,04019,Kindergarten,12087,polio,96.4
2011-2012,Pinal,04021,Kindergarten,4633,polio,94.4
2011-2012,Santa Cruz,04023,Kindergarten,735,polio,98.1
2011-2012,Yavapai,04025,Kindergarten,1886,polio,85.6
2011-2012,Yuma,04027,Kindergarten,2811,polio,98.2
2011-2012,Total,04,Kindergarten,85316,polio,95
2011-2012,Apache,04001,Kindergarten,836,_mmr,95.9
2011-2012,Cochise,04003,Kindergarten,1645,_mmr,94.7
2011-2012,Coconino,04005,Kindergarten,1213,_mmr,91.4
2011-2012,Gila,04007,Kindergarten,599,_mmr,95.5
2011-2012,Graham,04009,Kindergarten,586,_mmr,93.5
2011-2012,Greenlee,04011,Kindergarten,27,_mmr,74.1
2011-2012,La Paz,04012,Kindergarten,231,_mmr,96.5
2011-2012,Maricopa,04013,Kindergarten,54518,_mmr,94.8
2011-2012,Mohave,04015,Kindergarten,1801,_mmr,89.6
2011-2012,Navajo,04017,Kindergarten,1628,_mmr,93.7
2011-2012,Pima,04019,Kindergarten,12087,_mmr,96.5
2011-2012,Pinal,04021,Kindergarten,4633,_mmr,94.1
2011-2012,Santa Cruz,04023,Kindergarten,735,_mmr,97.8
2011-2012,Yavapai,04025,Kindergarten,1886,_mmr,84.9
2011-2012,Yuma,04027,Kindergarten,2811,_mmr,97.4
2011-2012,Total,04,Kindergarten,85316,_mmr,94.7
2011-2012,Apache,04001,Kindergarten,836,hep_b,98.1
2011-2012,Cochise,04003,Kindergarten,1645,hep_b,97.3
2011-2012,Coconino,04005,Kindergarten,1213,hep_b,95.3
2011-2012,Gila,04007,Kindergarten,599,hep_b,97.7
2011-2012,Graham,04009,Kindergarten,586,hep_b,96.9
2011-2012,Greenlee,04011,Kindergarten,27,hep_b,88.9
2011-2012,La Paz,04012,Kindergarten,231,hep_b,97.8
2011-2012,Maricopa,04013,Kindergarten,54518,hep_b,96.3
2011-2012,Mohave,04015,Kindergarten,1801,hep_b,93.4
2011-2012,Navajo,04017,Kindergarten,1628,hep_b,96.9
2011-2012,Pima,04019,Kindergarten,12087,hep_b,97.7
2011-2012,Pinal,04021,Kindergarten,4633,hep_b,95.2
2011-2012,Santa Cruz,04023,Kindergarten,735,hep_b,99.2
2011-2012,Yavapai,04025,Kindergarten,1886,hep_b,87.3
2011-2012,Yuma,04027,Kindergarten,2811,hep_b,99.1
2011-2012,Total,04,Kindergarten,85316,hep_b,96.3
2011-2012,Apache,04001,Kindergarten,836,varicella,97.7
2011-2012,Cochise,04003,Kindergarten,1645,varicella,97.3
2011-2012,Coconino,04005,Kindergarten,1213,varicella,95.7
2011-2012,Gila,04007,Kindergarten,599,varicella,96
2011-2012,Graham,04009,Kindergarten,586,varicella,98.1
2011-2012,Greenlee,04011,Kindergarten,27,varicella,88.9
2011-2012,La Paz,04012,Kindergarten,231,varicella,97.8
2011-2012,Maricopa,04013,Kindergarten,54518,varicella,97.1
2011-2012,Mohave,04015,Kindergarten,1801,varicella,94.1
2011-2012,Navajo,04017,Kindergarten,1628,varicella,96.9
2011-2012,Pima,04019,Kindergarten,12087,varicella,98.2
2011-2012,Pinal,04021,Kindergarten,4633,varicella,96.1
2011-2012,Santa Cruz,04023,Kindergarten,735,varicella,99
2011-2012,Yavapai,04025,Kindergarten,1886,varicella,86.9
2011-2012,Yuma,04027,Kindergarten,2811,varicella,98.7
2011-2012,Total,04,Kindergarten,85316,varicella,96.9
2011-2012,Apache,04001,Kindergarten,836,personal_exempt,1.8
2011-2012,Cochise,04003,Kindergarten,1645,personal_exempt,2.8
2011-2012,Coconino,04005,Kindergarten,1213,personal_exempt,6.2
2011-2012,Gila,04007,Kindergarten,599,personal_exempt,2.2
2011-2012,Graham,04009,Kindergarten,586,personal_exempt,1.5
2011-2012,Greenlee,04011,Kindergarten,27,personal_exempt,11.1
2011-2012,La Paz,04012,Kindergarten,231,personal_exempt,2.6
2011-2012,Maricopa,04013,Kindergarten,54518,personal_exempt,3.7
2011-2012,Mohave,04015,Kindergarten,1801,personal_exempt,5.1
2011-2012,Navajo,04017,Kindergarten,1628,personal_exempt,3.1
2011-2012,Pima,04019,Kindergarten,12087,personal_exempt,1.9
2011-2012,Pinal,04021,Kindergarten,4633,personal_exempt,4.6
2011-2012,Santa Cruz,04023,Kindergarten,735,personal_exempt,1
2011-2012,Yavapai,04025,Kindergarten,1886,personal_exempt,9.2
2011-2012,Yuma,04027,Kindergarten,2811,personal_exempt,0.3
2011-2012,Total,04,Kindergarten,85316,personal_exempt,3.4
2011-2012,Apache,04001,Kindergarten,836,medical_exempt,0
2011-2012,Cochise,04003,Kindergarten,1645,medical_exempt,0.2
2011-2012,Coconino,04005,Kindergarten,1213,medical_exempt,0.2
2011-2012,Gila,04007,Kindergarten,599,medical_exempt,0
2011-2012,Graham,04009,Kindergarten,586,medical_exempt,0
2011-2012,Greenlee,04011,Kindergarten,27,medical_exempt,0
2011-2012,La Paz,04012,Kindergarten,231,medical_exempt,0
2011-2012,Maricopa,04013,Kindergarten,54518,medical_exempt,0.3
2011-2012,Mohave,04015,Kindergarten,1801,medical_exempt,0.1
2011-2012,Navajo,04017,Kindergarten,1628,medical_exempt,0.3
2011-2012,Pima,04019,Kindergarten,12087,medical_exempt,0.3
2011-2012,Pinal,04021,Kindergarten,4633,medical_exempt,0.2
2011-2012,Santa Cruz,04023,Kindergarten,735,medical_exempt,0.3
2011-2012,Yavapai,04025,Kindergarten,1886,medical_exempt,0.2
2011-2012,Yuma,04027,Kindergarten,2811,medical_exempt,0.1
2011-2012,Total,04,Kindergarten,85316,medical_exempt,0.3
2012-2013,Apache,04001,Kindergarten,766,dtap,97.3
2012-2013,Cochise,04003,Kindergarten,1558,dtap,94.5
2012-2013,Coconino,04005,Kindergarten,1483,dtap,93.1
2012-2013,Gila,04007,Kindergarten,666,dtap,97.1
2012-2013,Graham,04009,Kindergarten,460,dtap,94.6
2012-2013,Greenlee,04011,Kindergarten,130,dtap,95.4
2012-2013,La Paz,04012,Kindergarten,234,dtap,98.7
2012-2013,Maricopa,04013,Kindergarten,56414,dtap,94.2
2012-2013,Mohave,04015,Kindergarten,2012,dtap,91.8
2012-2013,Navajo,04017,Kindergarten,1669,dtap,94
2012-2013,Pima,04019,Kindergarten,12211,dtap,96.6
2012-2013,Pinal,04021,Kindergarten,4713,dtap,94
2012-2013,Santa Cruz,04023,Kindergarten,820,dtap,98.3
2012-2013,Yavapai,04025,Kindergarten,1914,dtap,90.9
2012-2013,Yuma,04027,Kindergarten,2859,dtap,97.5
2012-2013,Total,04,Kindergarten,87909,dtap,94.6
2012-2013,Apache,04001,Kindergarten,766,polio,97.1
2012-2013,Cochise,04003,Kindergarten,1558,polio,94.7
2012-2013,Coconino,04005,Kindergarten,1483,polio,93.1
2012-2013,Gila,04007,Kindergarten,666,polio,97.7
2012-2013,Graham,04009,Kindergarten,460,polio,95
2012-2013,Greenlee,04011,Kindergarten,130,polio,98.5
2012-2013,La Paz,04012,Kindergarten,234,polio,97.9
2012-2013,Maricopa,04013,Kindergarten,56414,polio,94.5
2012-2013,Mohave,04015,Kindergarten,2012,polio,91.5
2012-2013,Navajo,04017,Kindergarten,1669,polio,94.9
2012-2013,Pima,04019,Kindergarten,12211,polio,96.4
2012-2013,Pinal,04021,Kindergarten,4713,polio,93.9
2012-2013,Santa Cruz,04023,Kindergarten,820,polio,97.8
2012-2013,Yavapai,04025,Kindergarten,1914,polio,89.7
2012-2013,Yuma,04027,Kindergarten,2859,polio,97.7
2012-2013,Total,04,Kindergarten,87909,polio,94.7
2012-2013,Apache,04001,Kindergarten,766,_mmr,96.2
2012-2013,Cochise,04003,Kindergarten,1558,_mmr,94.6
2012-2013,Coconino,04005,Kindergarten,1483,_mmr,93
2012-2013,Gila,04007,Kindergarten,666,_mmr,97.4
2012-2013,Graham,04009,Kindergarten,460,_mmr,94.3
2012-2013,Greenlee,04011,Kindergarten,130,_mmr,97.7
2012-2013,La Paz,04012,Kindergarten,234,_mmr,97.9
2012-2013,Maricopa,04013,Kindergarten,56414,_mmr,94.2
2012-2013,Mohave,04015,Kindergarten,2012,_mmr,90.6
2012-2013,Navajo,04017,Kindergarten,1669,_mmr,94.1
2012-2013,Pima,04019,Kindergarten,12211,_mmr,96.3
2012-2013,Pinal,04021,Kindergarten,4713,_mmr,93.5
2012-2013,Santa Cruz,04023,Kindergarten,820,_mmr,98.2
2012-2013,Yavapai,04025,Kindergarten,1914,_mmr,89.6
2012-2013,Yuma,04027,Kindergarten,2859,_mmr,97.7
2012-2013,Total,04,Kindergarten,87909,_mmr,94.5
2012-2013,Apache,04001,Kindergarten,766,hep_b,98.3
2012-2013,Cochise,04003,Kindergarten,1558,hep_b,96.5
2012-2013,Coconino,04005,Kindergarten,1483,hep_b,94.8
2012-2013,Gila,04007,Kindergarten,666,hep_b,98.3
2012-2013,Graham,04009,Kindergarten,460,hep_b,96.1
2012-2013,Greenlee,04011,Kindergarten,130,hep_b,96.9
2012-2013,La Paz,04012,Kindergarten,234,hep_b,99.1
2012-2013,Maricopa,04013,Kindergarten,56414,hep_b,95.6
2012-2013,Mohave,04015,Kindergarten,2012,hep_b,94.6
2012-2013,Navajo,04017,Kindergarten,1669,hep_b,95.8
2012-2013,Pima,04019,Kindergarten,12211,hep_b,97.5
2012-2013,Pinal,04021,Kindergarten,4713,hep_b,95.5
2012-2013,Santa Cruz,04023,Kindergarten,820,hep_b,98.8
2012-2013,Yavapai,04025,Kindergarten,1914,hep_b,91.9
2012-2013,Yuma,04027,Kindergarten,2859,hep_b,98.8
2012-2013,Total,04,Kindergarten,87909,hep_b,95.9
2012-2013,Apache,04001,Kindergarten,766,varicella,98
2012-2013,Cochise,04003,Kindergarten,1558,varicella,97
2012-2013,Coconino,04005,Kindergarten,1483,varicella,94.7
2012-2013,Gila,04007,Kindergarten,666,varicella,98.3
2012-2013,Graham,04009,Kindergarten,460,varicella,97.4
2012-2013,Greenlee,04011,Kindergarten,130,varicella,99.2
2012-2013,La Paz,04012,Kindergarten,234,varicella,98.7
2012-2013,Maricopa,04013,Kindergarten,56414,varicella,96.6
2012-2013,Mohave,04015,Kindergarten,2012,varicella,95.9
2012-2013,Navajo,04017,Kindergarten,1669,varicella,96.7
2012-2013,Pima,04019,Kindergarten,12211,varicella,98
2012-2013,Pinal,04021,Kindergarten,4713,varicella,96.1
2012-2013,Santa Cruz,04023,Kindergarten,820,varicella,98.9
2012-2013,Yavapai,04025,Kindergarten,1914,varicella,92.4
2012-2013,Yuma,04027,Kindergarten,2859,varicella,98.5
2012-2013,Total,04,Kindergarten,87909,varicella,96.8
2012-2013,Apache,04001,Kindergarten,766,personal_exempt,1.4
2012-2013,Cochise,04003,Kindergarten,1558,personal_exempt,1.7
2012-2013,Coconino,04005,Kindergarten,1483,personal_exempt,5
2012-2013,Gila,04007,Kindergarten,666,personal_exempt,2.3
2012-2013,Graham,04009,Kindergarten,460,personal_exempt,2.4
2012-2013,Greenlee,04011,Kindergarten,130,personal_exempt,1.5
2012-2013,La Paz,04012,Kindergarten,234,personal_exempt,0.9
2012-2013,Maricopa,04013,Kindergarten,56414,personal_exempt,4.3
2012-2013,Mohave,04015,Kindergarten,2012,personal_exempt,4.7
2012-2013,Navajo,04017,Kindergarten,1669,personal_exempt,3.9
2012-2013,Pima,04019,Kindergarten,12211,personal_exempt,2.4
2012-2013,Pinal,04021,Kindergarten,4713,personal_exempt,4.7
2012-2013,Santa Cruz,04023,Kindergarten,820,personal_exempt,1.3
2012-2013,Yavapai,04025,Kindergarten,1914,personal_exempt,7.5
2012-2013,Yuma,04027,Kindergarten,2859,personal_exempt,0.7
2012-2013,Total,04,Kindergarten,87909,personal_exempt,3.9
2012-2013,Apache,04001,Kindergarten,766,medical_exempt,0.1
2012-2013,Cochise,04003,Kindergarten,1558,medical_exempt,0.3
2012-2013,Coconino,04005,Kindergarten,1483,medical_exempt,0.3
2012-2013,Gila,04007,Kindergarten,666,medical_exempt,0.2
2012-2013,Graham,04009,Kindergarten,460,medical_exempt,0.2
2012-2013,Greenlee,04011,Kindergarten,130,medical_exempt,0
2012-2013,La Paz,04012,Kindergarten,234,medical_exempt,0
2012-2013,Maricopa,04013,Kindergarten,56414,medical_exempt,0.4
2012-2013,Mohave,04015,Kindergarten,2012,medical_exempt,0
2012-2013,Navajo,04017,Kindergarten,1669,medical_exempt,0.1
2012-2013,Pima,04019,Kindergarten,12211,medical_exempt,0.3
2012-2013,Pinal,04021,Kindergarten,4713,medical_exempt,0.4
2012-2013,Santa Cruz,04023,Kindergarten,820,medical_exempt,0.2
2012-2013,Yavapai,04025,Kindergarten,1914,medical_exempt,0.8
2012-2013,Yuma,04027,Kindergarten,2859,medical_exempt,0.3
2012-2013,Total,04,Kindergarten,87909,medical_exempt,0.3
2013-2014,Apache,04001,Kindergarten,946,dtap,97.4
2013-2014,Cochise,04003,Kindergarten,1560,dtap,96
2013-2014,Coconino,04005,Kindergarten,1448,dtap,89.9
2013-2014,Gila,04007,Kindergarten,430,dtap,96.3
2013-2014,Graham,04009,Kindergarten,648,dtap,92.4
2013-2014,Greenlee,04011,Kindergarten,183,dtap,95.8
2013-2014,La Paz,04012,Kindergarten,224,dtap,95.1
2013-2014,Maricopa,04013,Kindergarten,55155,dtap,94.2
2013-2014,Mohave,04015,Kindergarten,1902,dtap,90.3
2013-2014,Navajo,04017,Kindergarten,1675,dtap,93.9
2013-2014,Pima,04019,Kindergarten,11893,dtap,96
2013-2014,Pinal,04021,Kindergarten,4379,dtap,92.4
2013-2014,Santa Cruz,04023,Kindergarten,794,dtap,98.7
2013-2014,Yavapai,04025,Kindergarten,1712,dtap,89.8
2013-2014,Yuma,04027,Kindergarten,2912,dtap,97.6
2013-2014,Total,04,Kindergarten,85861,dtap,94.3
2013-2014,Apache,04001,Kindergarten,946,polio,97.6
2013-2014,Cochise,04003,Kindergarten,1560,polio,96.2
2013-2014,Coconino,04005,Kindergarten,1448,polio,81.8
2013-2014,Gila,04007,Kindergarten,430,polio,97
2013-2014,Graham,04009,Kindergarten,648,polio,93.8
2013-2014,Greenlee,04011,Kindergarten,183,polio,95.6
2013-2014,La Paz,04012,Kindergarten,224,polio,95.5
2013-2014,Maricopa,04013,Kindergarten,55155,polio,94.7
2013-2014,Mohave,04015,Kindergarten,1902,polio,91
2013-2014,Navajo,04017,Kindergarten,1675,polio,92.8
2013-2014,Pima,04019,Kindergarten,11893,polio,96.9
2013-2014,Pinal,04021,Kindergarten,4379,polio,93.1
2013-2014,Santa Cruz,04023,Kindergarten,794,polio,98.1
2013-2014,Yavapai,04025,Kindergarten,1712,polio,90.5
2013-2014,Yuma,04027,Kindergarten,2912,polio,97.9
2013-2014,Total,04,Kindergarten,85861,polio,94.7
2013-2014,Apache,04001,Kindergarten,946,_mmr,97.5
2013-2014,Cochise,04003,Kindergarten,1560,_mmr,95.3
2013-2014,Coconino,04005,Kindergarten,1448,_mmr,86.3
2013-2014,Gila,04007,Kindergarten,430,_mmr,94.7
2013-2014,Graham,04009,Kindergarten,648,_mmr,91.8
2013-2014,Greenlee,04011,Kindergarten,183,_mmr,97.3
2013-2014,La Paz,04012,Kindergarten,224,_mmr,96.4
2013-2014,Maricopa,04013,Kindergarten,55155,_mmr,93.7
2013-2014,Mohave,04015,Kindergarten,1902,_mmr,90.9
2013-2014,Navajo,04017,Kindergarten,1675,_mmr,93.1
2013-2014,Pima,04019,Kindergarten,11893,_mmr,96.6
2013-2014,Pinal,04021,Kindergarten,4379,_mmr,92.6
2013-2014,Santa Cruz,04023,Kindergarten,794,_mmr,97.1
2013-2014,Yavapai,04025,Kindergarten,1712,_mmr,86.8
2013-2014,Yuma,04027,Kindergarten,2912,_mmr,97.7
2013-2014,Total,04,Kindergarten,85861,_mmr,93.9
2013-2014,Apache,04001,Kindergarten,946,hep_b,98.3
2013-2014,Cochise,04003,Kindergarten,1560,hep_b,97.2
2013-2014,Coconino,04005,Kindergarten,1448,hep_b,93
2013-2014,Gila,04007,Kindergarten,430,hep_b,97.4
2013-2014,Graham,04009,Kindergarten,648,hep_b,96.1
2013-2014,Greenlee,04011,Kindergarten,183,hep_b,98.4
2013-2014,La Paz,04012,Kindergarten,224,hep_b,97.3
2013-2014,Maricopa,04013,Kindergarten,55155,hep_b,95.6
2013-2014,Mohave,04015,Kindergarten,1902,hep_b,93.8
2013-2014,Navajo,04017,Kindergarten,1675,hep_b,95.4
2013-2014,Pima,04019,Kindergarten,11893,hep_b,97.5
2013-2014,Pinal,04021,Kindergarten,4379,hep_b,95.4
2013-2014,Santa Cruz,04023,Kindergarten,794,hep_b,99.2
2013-2014,Yavapai,04025,Kindergarten,1712,hep_b,91.2
2013-2014,Yuma,04027,Kindergarten,2912,hep_b,98.9
2013-2014,Total,04,Kindergarten,85861,hep_b,95.9
2013-2014,Apache,04001,Kindergarten,946,varicella,98.3
2013-2014,Cochise,04003,Kindergarten,1560,varicella,97.6
2013-2014,Coconino,04005,Kindergarten,1448,varicella,93.7
2013-2014,Gila,04007,Kindergarten,430,varicella,97
2013-2014,Graham,04009,Kindergarten,648,varicella,97.4
2013-2014,Greenlee,04011,Kindergarten,183,varicella,99.5
2013-2014,La Paz,04012,Kindergarten,224,varicella,99.1
2013-2014,Maricopa,04013,Kindergarten,55155,varicella,96.2
2013-2014,Mohave,04015,Kindergarten,1902,varicella,94.8
2013-2014,Navajo,04017,Kindergarten,1675,varicella,95
2013-2014,Pima,04019,Kindergarten,11893,varicella,97.8
2013-2014,Pinal,04021,Kindergarten,4379,varicella,95.8
2013-2014,Santa Cruz,04023,Kindergarten,794,varicella,98.1
2013-2014,Yavapai,04025,Kindergarten,1712,varicella,92.3
2013-2014,Yuma,04027,Kindergarten,2912,varicella,98.7
2013-2014,Total,04,Kindergarten,85861,varicella,96.4
2013-2014,Apache,04001,Kindergarten,946,personal_exempt,1.6
2013-2014,Cochise,04003,Kindergarten,1560,personal_exempt,3.1
2013-2014,Coconino,04005,Kindergarten,1448,personal_exempt,6.4
2013-2014,Gila,04007,Kindergarten,430,personal_exempt,2.3
2013-2014,Graham,04009,Kindergarten,648,personal_exempt,4.3
2013-2014,Greenlee,04011,Kindergarten,183,personal_exempt,1.6
2013-2014,La Paz,04012,Kindergarten,224,personal_exempt,2.2
2013-2014,Maricopa,04013,Kindergarten,55155,personal_exempt,5.1
2013-2014,Mohave,04015,Kindergarten,1902,personal_exempt,6.5
2013-2014,Navajo,04017,Kindergarten,1675,personal_exempt,7.9
2013-2014,Pima,04019,Kindergarten,11893,personal_exempt,2.6
2013-2014,Pinal,04021,Kindergarten,4379,personal_exempt,4.9
2013-2014,Santa Cruz,04023,Kindergarten,794,personal_exempt,1.5
2013-2014,Yavapai,04025,Kindergarten,1712,personal_exempt,11.6
2013-2014,Yuma,04027,Kindergarten,2912,personal_exempt,0.7
2013-2014,Total,04,Kindergarten,85861,personal_exempt,4.7
2013-2014,Apache,04001,Kindergarten,946,medical_exempt,0.4
2013-2014,Cochise,04003,Kindergarten,1560,medical_exempt,0.1
2013-2014,Coconino,04005,Kindergarten,1448,medical_exempt,0.2
2013-2014,Gila,04007,Kindergarten,430,medical_exempt,0.7
2013-2014,Graham,04009,Kindergarten,648,medical_exempt,0
2013-2014,Greenlee,04011,Kindergarten,183,medical_exempt,0
2013-2014,La Paz,04012,Kindergarten,224,medical_exempt,0
2013-2014,Maricopa,04013,Kindergarten,55155,medical_exempt,0.4
2013-2014,Mohave,04015,Kindergarten,1902,medical_exempt,0.2
2013-2014,Navajo,04017,Kindergarten,1675,medical_exempt,0.2
2013-2014,Pima,04019,Kindergarten,11893,medical_exempt,0.2
2013-2014,Pinal,04021,Kindergarten,4379,medical_exempt,0.1
2013-2014,Santa Cruz,04023,Kindergarten,794,medical_exempt,1.3
2013-2014,Yavapai,04025,Kindergarten,1712,medical_exempt,0.2
2013-2014,Yuma,04027,Kindergarten,2912,medical_exempt,0.2
2013-2014,Total,04,Kindergarten,85861,medical_exempt,0.3
2014-2015,Apache,04001,Kindergarten,997,dtap,96.9
2014-2015,Cochise,04003,Kindergarten,1577,dtap,96.6
2014-2015,Coconino,04005,Kindergarten,1414,dtap,93.9
2014-2015,Gila,04007,Kindergarten,694,dtap,94.7
2014-2015,Graham,04009,Kindergarten,605,dtap,91.6
2014-2015,Greenlee,04011,Kindergarten,175,dtap,94.3
2014-2015,La Paz,04012,Kindergarten,179,dtap,92.2
2014-2015,Maricopa,04013,Kindergarten,54292,dtap,93.9
2014-2015,Mohave,04015,Kindergarten,1817,dtap,92.1
2014-2015,Navajo,04017,Kindergarten,1239,dtap,93.9
2014-2015,Pima,04019,Kindergarten,11704,dtap,96.3
2014-2015,Pinal,04021,Kindergarten,4322,dtap,94.1
2014-2015,Santa Cruz,04023,Kindergarten,769,dtap,98.3
2014-2015,Yavapai,04025,Kindergarten,1936,dtap,88.4
2014-2015,Yuma,04027,Kindergarten,2802,dtap,98.3
2014-2015,Total,04,Kindergarten,84651,dtap,94.3
2014-2015,Apache,04001,Kindergarten,997,polio,95.7
2014-2015,Cochise,04003,Kindergarten,1577,polio,96.7
2014-2015,Coconino,04005,Kindergarten,1414,polio,94.3
2014-2015,Gila,04007,Kindergarten,694,polio,94.8
2014-2015,Graham,04009,Kindergarten,605,polio,93.1
2014-2015,Greenlee,04011,Kindergarten,175,polio,93.1
2014-2015,La Paz,04012,Kindergarten,179,polio,92.2
2014-2015,Maricopa,04013,Kindergarten,54292,polio,94.3
2014-2015,Mohave,04015,Kindergarten,1817,polio,92.1
2014-2015,Navajo,04017,Kindergarten,1239,polio,93.9
2014-2015,Pima,04019,Kindergarten,11704,polio,96.8
2014-2015,Pinal,04021,Kindergarten,4322,polio,93.9
2014-2015,Santa Cruz,04023,Kindergarten,769,polio,98.8
2014-2015,Yavapai,04025,Kindergarten,1936,polio,89.6
2014-2015,Yuma,04027,Kindergarten,2802,polio,98.4
2014-2015,Total,04,Kindergarten,84651,polio,94.7
2014-2015,Apache,04001,Kindergarten,997,_mmr,96.3
2014-2015,Cochise,04003,Kindergarten,1577,_mmr,95.9
2014-2015,Coconino,04005,Kindergarten,1414,_mmr,94.1
2014-2015,Gila,04007,Kindergarten,694,_mmr,94.7
2014-2015,Graham,04009,Kindergarten,605,_mmr,90.9
2014-2015,Greenlee,04011,Kindergarten,175,_mmr,94.3
2014-2015,La Paz,04012,Kindergarten,179,_mmr,92.7
2014-2015,Maricopa,04013,Kindergarten,54292,_mmr,93.8
2014-2015,Mohave,04015,Kindergarten,1817,_mmr,91.5
2014-2015,Navajo,04017,Kindergarten,1239,_mmr,93.6
2014-2015,Pima,04019,Kindergarten,11704,_mmr,96.7
2014-2015,Pinal,04021,Kindergarten,4322,_mmr,93.5
2014-2015,Santa Cruz,04023,Kindergarten,769,_mmr,98
2014-2015,Yavapai,04025,Kindergarten,1936,_mmr,87.7
2014-2015,Yuma,04027,Kindergarten,2802,_mmr,97.9
2014-2015,Total,04,Kindergarten,84651,_mmr,94.2
2014-2015,Apache,04001,Kindergarten,997,hep_b,97.6
2014-2015,Cochise,04003,Kindergarten,1577,hep_b,97.4
2014-2015,Coconino,04005,Kindergarten,1414,hep_b,95.7
2014-2015,Gila,04007,Kindergarten,694,hep_b,96.3
2014-2015,Graham,04009,Kindergarten,605,hep_b,95.7
2014-2015,Greenlee,04011,Kindergarten,175,hep_b,94.3
2014-2015,La Paz,04012,Kindergarten,179,hep_b,94.4
2014-2015,Maricopa,04013,Kindergarten,54292,hep_b,95.4
2014-2015,Mohave,04015,Kindergarten,1817,hep_b,94.3
2014-2015,Navajo,04017,Kindergarten,1239,hep_b,96.2
2014-2015,Pima,04019,Kindergarten,11704,hep_b,97.1
2014-2015,Pinal,04021,Kindergarten,4322,hep_b,95.1
2014-2015,Santa Cruz,04023,Kindergarten,769,hep_b,96.7
2014-2015,Yavapai,04025,Kindergarten,1936,hep_b,91.1
2014-2015,Yuma,04027,Kindergarten,2802,hep_b,99.2
2014-2015,Total,04,Kindergarten,84651,hep_b,95.7
2014-2015,Apache,04001,Kindergarten,997,varicella,96.8
2014-2015,Cochise,04003,Kindergarten,1577,varicella,97.7
2014-2015,Coconino,04005,Kindergarten,1414,varicella,96.3
2014-2015,Gila,04007,Kindergarten,694,varicella,96.8
2014-2015,Graham,04009,Kindergarten,605,varicella,97.9
2014-2015,Greenlee,04011,Kindergarten,175,varicella,96.6
2014-2015,La Paz,04012,Kindergarten,179,varicella,91.6
2014-2015,Maricopa,04013,Kindergarten,54292,varicella,96.4
2014-2015,Mohave,04015,Kindergarten,1817,varicella,95.4
2014-2015,Navajo,04017,Kindergarten,1239,varicella,96.3
2014-2015,Pima,04019,Kindergarten,11704,varicella,98
2014-2015,Pinal,04021,Kindergarten,4322,varicella,96
2014-2015,Santa Cruz,04023,Kindergarten,769,varicella,99.5
2014-2015,Yavapai,04025,Kindergarten,1936,varicella,92.3
2014-2015,Yuma,04027,Kindergarten,2802,varicella,99.4
2014-2015,Total,04,Kindergarten,84651,varicella,96.6
2014-2015,Apache,04001,Kindergarten,997,personal_exempt,2.2
2014-2015,Cochise,04003,Kindergarten,1577,personal_exempt,1.8
2014-2015,Coconino,04005,Kindergarten,1414,personal_exempt,5.1
2014-2015,Gila,04007,Kindergarten,694,personal_exempt,4.2
2014-2015,Graham,04009,Kindergarten,605,personal_exempt,3.8
2014-2015,Greenlee,04011,Kindergarten,175,personal_exempt,3.4
2014-2015,La Paz,04012,Kindergarten,179,personal_exempt,2.8
2014-2015,Maricopa,04013,Kindergarten,54292,personal_exempt,5.1
2014-2015,Mohave,04015,Kindergarten,1817,personal_exempt,5.1
2014-2015,Navajo,04017,Kindergarten,1239,personal_exempt,4.5
2014-2015,Pima,04019,Kindergarten,11704,personal_exempt,2.8
2014-2015,Pinal,04021,Kindergarten,4322,personal_exempt,5.6
2014-2015,Santa Cruz,04023,Kindergarten,769,personal_exempt,1.2
2014-2015,Yavapai,04025,Kindergarten,1936,personal_exempt,10
2014-2015,Yuma,04027,Kindergarten,2802,personal_exempt,0.7
2014-2015,Total,04,Kindergarten,84651,personal_exempt,4.6
2014-2015,Apache,04001,Kindergarten,997,medical_exempt,0.6
2014-2015,Cochise,04003,Kindergarten,1577,medical_exempt,0.2
2014-2015,Coconino,04005,Kindergarten,1414,medical_exempt,0.7
2014-2015,Gila,04007,Kindergarten,694,medical_exempt,0.1
2014-2015,Graham,04009,Kindergarten,605,medical_exempt,0
2014-2015,Greenlee,04011,Kindergarten,175,medical_exempt,0.6
2014-2015,La Paz,04012,Kindergarten,179,medical_exempt,0
2014-2015,Maricopa,04013,Kindergarten,54292,medical_exempt,0.3
2014-2015,Mohave,04015,Kindergarten,1817,medical_exempt,0.1
2014-2015,Navajo,04017,Kindergarten,1239,medical_exempt,1.2
2014-2015,Pima,04019,Kindergarten,11704,medical_exempt,0.4
2014-2015,Pinal,04021,Kindergarten,4322,medical_exempt,0.1
2014-2015,Santa Cruz,04023,Kindergarten,769,medical_exempt,0.4
2014-2015,Yavapai,04025,Kindergarten,1936,medical_exempt,0.7
2014-2015,Yuma,04027,Kindergarten,2802,medical_exempt,0.2
2014-2015,Total,04,Kindergarten,84651,medical_exempt,0.3
2015-2016,Apache,04001,Kindergarten,858,dtap,97.1
2015-2016,Cochise,04003,Kindergarten,1309,dtap,96.1
2015-2016,Coconino,04005,Kindergarten,1303,dtap,92.2
2015-2016,Gila,04007,Kindergarten,616,dtap,94.2
2015-2016,Graham,04009,Kindergarten,530,dtap,89.6
2015-2016,Greenlee,04011,Kindergarten,159,dtap,96.9
2015-2016,La Paz,04012,Kindergarten,199,dtap,96.5
2015-2016,Maricopa,04013,Kindergarten,54019,dtap,93.7
2015-2016,Mohave,04015,Kindergarten,1831,dtap,92.6
2015-2016,Navajo,04017,Kindergarten,1687,dtap,94.7
2015-2016,Pima,04019,Kindergarten,11362,dtap,96.9
2015-2016,Pinal,04021,Kindergarten,4201,dtap,94.4
2015-2016,Santa Cruz,04023,Kindergarten,699,dtap,97.7
2015-2016,Yavapai,04025,Kindergarten,1706,dtap,84.1
2015-2016,Yuma,04027,Kindergarten,2609,dtap,98.5
2015-2016,Total,04,Kindergarten,83088,dtap,94.2
2015-2016,Apache,04001,Kindergarten,858,polio,96.9
2015-2016,Cochise,04003,Kindergarten,1309,polio,96.3
2015-2016,Coconino,04005,Kindergarten,1303,polio,92.8
2015-2016,Gila,04007,Kindergarten,616,polio,94.8
2015-2016,Graham,04009,Kindergarten,530,polio,90.8
2015-2016,Greenlee,04011,Kindergarten,159,polio,96.9
2015-2016,La Paz,04012,Kindergarten,199,polio,96.5
2015-2016,Maricopa,04013,Kindergarten,54019,polio,94.3
2015-2016,Mohave,04015,Kindergarten,1831,polio,93.1
2015-2016,Navajo,04017,Kindergarten,1687,polio,94.4
2015-2016,Pima,04019,Kindergarten,11362,polio,96.9
2015-2016,Pinal,04021,Kindergarten,4201,polio,94.7
2015-2016,Santa Cruz,04023,Kindergarten,699,polio,98.1
2015-2016,Yavapai,04025,Kindergarten,1706,polio,85.6
2015-2016,Yuma,04027,Kindergarten,2609,polio,98.4
2015-2016,Total,04,Kindergarten,83088,polio,94.6
2015-2016,Apache,04001,Kindergarten,858,_mmr,96.2
2015-2016,Cochise,04003,Kindergarten,1309,_mmr,95.6
2015-2016,Coconino,04005,Kindergarten,1303,_mmr,92.2
2015-2016,Gila,04007,Kindergarten,616,_mmr,93.7
2015-2016,Graham,04009,Kindergarten,530,_mmr,88.7
2015-2016,Greenlee,04011,Kindergarten,159,_mmr,95
2015-2016,La Paz,04012,Kindergarten,199,_mmr,94.5
2015-2016,Maricopa,04013,Kindergarten,54019,_mmr,93.8
2015-2016,Mohave,04015,Kindergarten,1831,_mmr,92.9
2015-2016,Navajo,04017,Kindergarten,1687,_mmr,94.1
2015-2016,Pima,04019,Kindergarten,11362,_mmr,96.8
2015-2016,Pinal,04021,Kindergarten,4201,_mmr,94.5
2015-2016,Santa Cruz,04023,Kindergarten,699,_mmr,98.6
2015-2016,Yavapai,04025,Kindergarten,1706,_mmr,83.8
2015-2016,Yuma,04027,Kindergarten,2609,_mmr,97.5
2015-2016,Total,04,Kindergarten,83088,_mmr,94.2
2015-2016,Apache,04001,Kindergarten,858,hep_b,97.8
2015-2016,Cochise,04003,Kindergarten,1309,hep_b,96
2015-2016,Coconino,04005,Kindergarten,1303,hep_b,93.5
2015-2016,Gila,04007,Kindergarten,616,hep_b,96.8
2015-2016,Graham,04009,Kindergarten,530,hep_b,94.2
2015-2016,Greenlee,04011,Kindergarten,159,hep_b,98.1
2015-2016,La Paz,04012,Kindergarten,199,hep_b,99
2015-2016,Maricopa,04013,Kindergarten,54019,hep_b,95.2
2015-2016,Mohave,04015,Kindergarten,1831,hep_b,94.6
2015-2016,Navajo,04017,Kindergarten,1687,hep_b,96
2015-2016,Pima,04019,Kindergarten,11362,hep_b,97.2
2015-2016,Pinal,04021,Kindergarten,4201,hep_b,95.9
2015-2016,Santa Cruz,04023,Kindergarten,699,hep_b,98
2015-2016,Yavapai,04025,Kindergarten,1706,hep_b,88.1
2015-2016,Yuma,04027,Kindergarten,2609,hep_b,98.8
2015-2016,Total,04,Kindergarten,83088,hep_b,95.5
2015-2016,Apache,04001,Kindergarten,858,varicella,99
2015-2016,Cochise,04003,Kindergarten,1309,varicella,97.6
2015-2016,Coconino,04005,Kindergarten,1303,varicella,94.6
2015-2016,Gila,04007,Kindergarten,616,varicella,96.1
2015-2016,Graham,04009,Kindergarten,530,varicella,96
2015-2016,Greenlee,04011,Kindergarten,159,varicella,98.1
2015-2016,La Paz,04012,Kindergarten,199,varicella,99.5
2015-2016,Maricopa,04013,Kindergarten,54019,varicella,96.6
2015-2016,Mohave,04015,Kindergarten,1831,varicella,95.4
2015-2016,Navajo,04017,Kindergarten,1687,varicella,96
2015-2016,Pima,04019,Kindergarten,11362,varicella,98.1
2015-2016,Pinal,04021,Kindergarten,4201,varicella,96.6
2015-2016,Santa Cruz,04023,Kindergarten,699,varicella,99
2015-2016,Yavapai,04025,Kindergarten,1706,varicella,89.6
2015-2016,Yuma,04027,Kindergarten,2609,varicella,99.1
2015-2016,Total,04,Kindergarten,83088,varicella,96.7
2015-2016,Apache,04001,Kindergarten,858,personal_exempt,1
2015-2016,Cochise,04003,Kindergarten,1309,personal_exempt,2.6
2015-2016,Coconino,04005,Kindergarten,1303,personal_exempt,7.1
2015-2016,Gila,04007,Kindergarten,616,personal_exempt,4.4
2015-2016,Graham,04009,Kindergarten,530,personal_exempt,4.2
2015-2016,Greenlee,04011,Kindergarten,159,personal_exempt,1.9
2015-2016,La Paz,04012,Kindergarten,199,personal_exempt,0.5
2015-2016,Maricopa,04013,Kindergarten,54019,personal_exempt,4.9
2015-2016,Mohave,04015,Kindergarten,1831,personal_exempt,5.2
2015-2016,Navajo,04017,Kindergarten,1687,personal_exempt,4.3
2015-2016,Pima,04019,Kindergarten,11362,personal_exempt,2.6
2015-2016,Pinal,04021,Kindergarten,4201,personal_exempt,4.1
2015-2016,Santa Cruz,04023,Kindergarten,699,personal_exempt,1.1
2015-2016,Yavapai,04025,Kindergarten,1706,personal_exempt,13.5
2015-2016,Yuma,04027,Kindergarten,2609,personal_exempt,1.1
2015-2016,Total,04,Kindergarten,83088,personal_exempt,4.5
2015-2016,Apache,04001,Kindergarten,858,medical_exempt,1.5
2015-2016,Cochise,04003,Kindergarten,1309,medical_exempt,0.4
2015-2016,Coconino,04005,Kindergarten,1303,medical_exempt,0.3
2015-2016,Gila,04007,Kindergarten,616,medical_exempt,0.2
2015-2016,Graham,04009,Kindergarten,530,medical_exempt,0
2015-2016,Greenlee,04011,Kindergarten,159,medical_exempt,0
2015-2016,La Paz,04012,Kindergarten,199,medical_exempt,0
2015-2016,Maricopa,04013,Kindergarten,54019,medical_exempt,0.3
2015-2016,Mohave,04015,Kindergarten,1831,medical_exempt,0.4
2015-2016,Navajo,04017,Kindergarten,1687,medical_exempt,0.5
2015-2016,Pima,04019,Kindergarten,11362,medical_exempt,0.4
2015-2016,Pinal,04021,Kindergarten,4201,medical_exempt,0.3
2015-2016,Santa Cruz,04023,Kindergarten,699,medical_exempt,0
2015-2016,Yavapai,04025,Kindergarten,1706,medical_exempt,0.2
2015-2016,Yuma,04027,Kindergarten,2609,medical_exempt,0.1
2015-2016,Total,04,Kindergarten,83088,medical_exempt,0.3
2015-2016,Apache,04001,Kindergarten,858,full_exempt,0.7
2015-2016,Cochise,04003,Kindergarten,1309,full_exempt,1.2
2015-2016,Coconino,04005,Kindergarten,1303,full_exempt,2.5
2015-2016,Gila,04007,Kindergarten,616,full_exempt,2.1
2015-2016,Graham,04009,Kindergarten,530,full_exempt,1.7
2015-2016,Greenlee,04011,Kindergarten,159,full_exempt,1.9
2015-2016,La Paz,04012,Kindergarten,199,full_exempt,0
2015-2016,Maricopa,04013,Kindergarten,54019,full_exempt,1.9
2015-2016,Mohave,04015,Kindergarten,1831,full_exempt,2.1
2015-2016,Navajo,04017,Kindergarten,1687,full_exempt,3
2015-2016,Pima,04019,Kindergarten,11362,full_exempt,1.1
2015-2016,Pinal,04021,Kindergarten,4201,full_exempt,1.8
2015-2016,Santa Cruz,04023,Kindergarten,699,full_exempt,0.3
2015-2016,Yavapai,04025,Kindergarten,1706,full_exempt,5.5
2015-2016,Yuma,04027,Kindergarten,2609,full_exempt,0.3
2015-2016,Total,04,Kindergarten,83088,full_exempt,1.8
2016-2017,Apache,04001,Kindergarten,783,dtap,96.7
2016-2017,Cochise,04003,Kindergarten,1490,dtap,95.4
2016-2017,Coconino,04005,Kindergarten,1258,dtap,92.8
2016-2017,Gila,04007,Kindergarten,566,dtap,94
2016-2017,Graham,04009,Kindergarten,523,dtap,96.2
2016-2017,Greenlee,04011,Kindergarten,150,dtap,96.7
2016-2017,La Paz,04012,Kindergarten,173,dtap,96.5
2016-2017,Maricopa,04013,Kindergarten,54567,dtap,93.5
2016-2017,Mohave,04015,Kindergarten,1974,dtap,92.6
2016-2017,Navajo,04017,Kindergarten,1404,dtap,91
2016-2017,Pima,04019,Kindergarten,11170,dtap,96.2
2016-2017,Pinal,04021,Kindergarten,4197,dtap,92.4
2016-2017,Santa Cruz,04023,Kindergarten,776,dtap,97.8
2016-2017,Yavapai,04025,Kindergarten,1869,dtap,87.1
2016-2017,Yuma,04027,Kindergarten,2727,dtap,97.7
2016-2017,State Totals,NA,Kindergarten,83627,dtap,93.9
2016-2017,Apache,04001,Kindergarten,783,polio,96.3
2016-2017,Cochise,04003,Kindergarten,1490,polio,96.4
2016-2017,Coconino,04005,Kindergarten,1258,polio,93.2
2016-2017,Gila,04007,Kindergarten,566,polio,90.1
2016-2017,Graham,04009,Kindergarten,523,polio,96.9
2016-2017,Greenlee,04011,Kindergarten,150,polio,96.7
2016-2017,La Paz,04012,Kindergarten,173,polio,94.8
2016-2017,Maricopa,04013,Kindergarten,54567,polio,94.1
2016-2017,Mohave,04015,Kindergarten,1974,polio,93.4
2016-2017,Navajo,04017,Kindergarten,1404,polio,91.5
2016-2017,Pima,04019,Kindergarten,11170,polio,96.7
2016-2017,Pinal,04021,Kindergarten,4197,polio,93.4
2016-2017,Santa Cruz,04023,Kindergarten,776,polio,97.4
2016-2017,Yavapai,04025,Kindergarten,1869,polio,87.3
2016-2017,Yuma,04027,Kindergarten,2727,polio,97.6
2016-2017,State Totals,NA,Kindergarten,83627,polio,94.4
2016-2017,Apache,04001,Kindergarten,783,_mmr,96
2016-2017,Cochise,04003,Kindergarten,1490,_mmr,96
2016-2017,Coconino,04005,Kindergarten,1258,_mmr,93.1
2016-2017,Gila,04007,Kindergarten,566,_mmr,89.6
2016-2017,Graham,04009,Kindergarten,523,_mmr,96.9
2016-2017,Greenlee,04011,Kindergarten,150,_mmr,97.3
2016-2017,La Paz,04012,Kindergarten,173,_mmr,93.6
2016-2017,Maricopa,04013,Kindergarten,54567,_mmr,93.8
2016-2017,Mohave,04015,Kindergarten,1974,_mmr,86.1
2016-2017,Navajo,04017,Kindergarten,1404,_mmr,90.6
2016-2017,Pima,04019,Kindergarten,11170,_mmr,96.5
2016-2017,Pinal,04021,Kindergarten,4197,_mmr,93.3
2016-2017,Santa Cruz,04023,Kindergarten,776,_mmr,97.8
2016-2017,Yavapai,04025,Kindergarten,1869,_mmr,86.7
2016-2017,Yuma,04027,Kindergarten,2727,_mmr,97.5
2016-2017,State Totals,NA,Kindergarten,83627,_mmr,94
2016-2017,Apache,04001,Kindergarten,783,hep_b,97.3
2016-2017,Cochise,04003,Kindergarten,1490,hep_b,96.9
2016-2017,Coconino,04005,Kindergarten,1258,hep_b,94
2016-2017,Gila,04007,Kindergarten,566,hep_b,94.3
2016-2017,Graham,04009,Kindergarten,523,hep_b,97.9
2016-2017,Greenlee,04011,Kindergarten,150,hep_b,98
2016-2017,La Paz,04012,Kindergarten,173,hep_b,94.8
2016-2017,Maricopa,04013,Kindergarten,54567,hep_b,94.9
2016-2017,Mohave,04015,Kindergarten,1974,hep_b,93.2
2016-2017,Navajo,04017,Kindergarten,1404,hep_b,94.2
2016-2017,Pima,04019,Kindergarten,11170,hep_b,96.8
2016-2017,Pinal,04021,Kindergarten,4197,hep_b,95.2
2016-2017,Santa Cruz,04023,Kindergarten,776,hep_b,99
2016-2017,Yavapai,04025,Kindergarten,1869,hep_b,89.7
2016-2017,Yuma,04027,Kindergarten,2727,hep_b,98.5
2016-2017,State Totals,NA,Kindergarten,83627,hep_b,95.3
2016-2017,Apache,04001,Kindergarten,783,varicella,98.1
2016-2017,Cochise,04003,Kindergarten,1490,varicella,97.9
2016-2017,Coconino,04005,Kindergarten,1258,varicella,95
2016-2017,Gila,04007,Kindergarten,566,varicella,97.3
2016-2017,Graham,04009,Kindergarten,523,varicella,98.9
2016-2017,Greenlee,04011,Kindergarten,150,varicella,98.7
2016-2017,La Paz,04012,Kindergarten,173,varicella,98.3
2016-2017,Maricopa,04013,Kindergarten,54567,varicella,96.5
2016-2017,Mohave,04015,Kindergarten,1974,varicella,96.3
2016-2017,Navajo,04017,Kindergarten,1404,varicella,95.4
2016-2017,Pima,04019,Kindergarten,11170,varicella,98
2016-2017,Pinal,04021,Kindergarten,4197,varicella,96.1
2016-2017,Santa Cruz,04023,Kindergarten,776,varicella,98.8
2016-2017,Yavapai,04025,Kindergarten,1869,varicella,91.5
2016-2017,Yuma,04027,Kindergarten,2727,varicella,98.9
2016-2017,State Totals,NA,Kindergarten,83627,varicella,96.7
2016-2017,Apache,04001,Kindergarten,783,personal_exempt,2.3
2016-2017,Cochise,04003,Kindergarten,1490,personal_exempt,1.9
2016-2017,Coconino,04005,Kindergarten,1258,personal_exempt,7.4
2016-2017,Gila,04007,Kindergarten,566,personal_exempt,3.2
2016-2017,Graham,04009,Kindergarten,523,personal_exempt,3.1
2016-2017,Greenlee,04011,Kindergarten,150,personal_exempt,0.7
2016-2017,La Paz,04012,Kindergarten,173,personal_exempt,1.7
2016-2017,Maricopa,04013,Kindergarten,54567,personal_exempt,5.4
2016-2017,Mohave,04015,Kindergarten,1974,personal_exempt,5.2
2016-2017,Navajo,04017,Kindergarten,1404,personal_exempt,5.2
2016-2017,Pima,04019,Kindergarten,11170,personal_exempt,2.6
2016-2017,Pinal,04021,Kindergarten,4197,personal_exempt,6.1
2016-2017,Santa Cruz,04023,Kindergarten,776,personal_exempt,0.8
2016-2017,Yavapai,04025,Kindergarten,1869,personal_exempt,11.5
2016-2017,Yuma,04027,Kindergarten,2727,personal_exempt,1
2016-2017,State Totals,NA,Kindergarten,83627,personal_exempt,4.9
2016-2017,Apache,04001,Kindergarten,783,medical_exempt,0.4
2016-2017,Cochise,04003,Kindergarten,1490,medical_exempt,0.1
2016-2017,Coconino,04005,Kindergarten,1258,medical_exempt,0.5
2016-2017,Gila,04007,Kindergarten,566,medical_exempt,0.5
2016-2017,Graham,04009,Kindergarten,523,medical_exempt,0.2
2016-2017,Greenlee,04011,Kindergarten,150,medical_exempt,0
2016-2017,La Paz,04012,Kindergarten,173,medical_exempt,0
2016-2017,Maricopa,04013,Kindergarten,54567,medical_exempt,0.4
2016-2017,Mohave,04015,Kindergarten,1974,medical_exempt,0.2
2016-2017,Navajo,04017,Kindergarten,1404,medical_exempt,0.1
2016-2017,Pima,04019,Kindergarten,11170,medical_exempt,0.3
2016-2017,Pinal,04021,Kindergarten,4197,medical_exempt,0.3
2016-2017,Santa Cruz,04023,Kindergarten,776,medical_exempt,0.1
2016-2017,Yavapai,04025,Kindergarten,1869,medical_exempt,0.4
2016-2017,Yuma,04027,Kindergarten,2727,medical_exempt,0.1
2016-2017,State Totals,NA,Kindergarten,83627,medical_exempt,0.3
2016-2017,Apache,04001,Kindergarten,783,full_exempt,0.5
2016-2017,Cochise,04003,Kindergarten,1490,full_exempt,1.1
2016-2017,Coconino,04005,Kindergarten,1258,full_exempt,3.9
2016-2017,Gila,04007,Kindergarten,566,full_exempt,1.2
2016-2017,Graham,04009,Kindergarten,523,full_exempt,1.7
2016-2017,Greenlee,04011,Kindergarten,150,full_exempt,0.7
2016-2017,La Paz,04012,Kindergarten,173,full_exempt,0.6
2016-2017,Maricopa,04013,Kindergarten,54567,full_exempt,2.6
2016-2017,Mohave,04015,Kindergarten,1974,full_exempt,2.5
2016-2017,Navajo,04017,Kindergarten,1404,full_exempt,3.3
2016-2017,Pima,04019,Kindergarten,11170,full_exempt,1.3
2016-2017,Pinal,04021,Kindergarten,4197,full_exempt,2.5
2016-2017,Santa Cruz,04023,Kindergarten,776,full_exempt,0.3
2016-2017,Yavapai,04025,Kindergarten,1869,full_exempt,6.5
2016-2017,Yuma,04027,Kindergarten,2727,full_exempt,0.4
2016-2017,State Totals,NA,Kindergarten,83627,full_exempt,2.4
2017-2018,Apache,04001,Kindergarten,798,dtap,96.7
2017-2018,Cochise,04003,Kindergarten,1305,dtap,96.2
2017-2018,Coconino,04005,Kindergarten,1005,dtap,91
2017-2018,Gila,04007,Kindergarten,766,dtap,94
2017-2018,Graham,04009,Kindergarten,475,dtap,95.4
2017-2018,Greenlee,04011,Kindergarten,157,dtap,94.3
2017-2018,La Paz,04012,Kindergarten,158,dtap,97.5
2017-2018,Maricopa,04013,Kindergarten,53503,dtap,93
2017-2018,Mohave,04015,Kindergarten,1792,dtap,91.6
2017-2018,Navajo,04017,Kindergarten,1302,dtap,91
2017-2018,Pima,04019,Kindergarten,10818,dtap,96.2
2017-2018,Pinal,04021,Kindergarten,4323,dtap,93.9
2017-2018,Santa Cruz,04023,Kindergarten,757,dtap,97.9
2017-2018,Yavapai,04025,Kindergarten,1734,dtap,83
2017-2018,Yuma,04027,Kindergarten,2801,dtap,97.4
2017-2018,State Totals,NA,Kindergarten,81710,dtap,93.5
2017-2018,Apache,04001,Kindergarten,798,polio,96.5
2017-2018,Cochise,04003,Kindergarten,1305,polio,96.7
2017-2018,Coconino,04005,Kindergarten,1005,polio,90.9
2017-2018,Gila,04007,Kindergarten,766,polio,91.8
2017-2018,Graham,04009,Kindergarten,475,polio,94.1
2017-2018,Greenlee,04011,Kindergarten,157,polio,93.6
2017-2018,La Paz,04012,Kindergarten,158,polio,98.7
2017-2018,Maricopa,04013,Kindergarten,53503,polio,93.5
2017-2018,Mohave,04015,Kindergarten,1792,polio,92.1
2017-2018,Navajo,04017,Kindergarten,1302,polio,91.5
2017-2018,Pima,04019,Kindergarten,10818,polio,96.5
2017-2018,Pinal,04021,Kindergarten,4323,polio,94.1
2017-2018,Santa Cruz,04023,Kindergarten,757,polio,97.4
2017-2018,Yavapai,04025,Kindergarten,1734,polio,83.9
2017-2018,Yuma,04027,Kindergarten,2801,polio,97.5
2017-2018,State Totals,NA,Kindergarten,81710,polio,93.9
2017-2018,Apache,04001,Kindergarten,798,_mmr,96.5
2017-2018,Cochise,04003,Kindergarten,1305,_mmr,95.6
2017-2018,Coconino,04005,Kindergarten,1005,_mmr,90.2
2017-2018,Gila,04007,Kindergarten,766,_mmr,90.9
2017-2018,Graham,04009,Kindergarten,475,_mmr,94.5
2017-2018,Greenlee,04011,Kindergarten,157,_mmr,93.6
2017-2018,La Paz,04012,Kindergarten,158,_mmr,98.1
2017-2018,Maricopa,04013,Kindergarten,53503,_mmr,93.1
2017-2018,Mohave,04015,Kindergarten,1792,_mmr,92.1
2017-2018,Navajo,04017,Kindergarten,1302,_mmr,90.4
2017-2018,Pima,04019,Kindergarten,10818,_mmr,96.4
2017-2018,Pinal,04021,Kindergarten,4323,_mmr,93.7
2017-2018,Santa Cruz,04023,Kindergarten,757,_mmr,97
2017-2018,Yavapai,04025,Kindergarten,1734,_mmr,81.1
2017-2018,Yuma,04027,Kindergarten,2801,_mmr,97
2017-2018,State Totals,NA,Kindergarten,81710,_mmr,93.4
2017-2018,Apache,04001,Kindergarten,798,hep_b,97.4
2017-2018,Cochise,04003,Kindergarten,1305,hep_b,96.5
2017-2018,Coconino,04005,Kindergarten,1005,hep_b,91.6
2017-2018,Gila,04007,Kindergarten,766,hep_b,94
2017-2018,Graham,04009,Kindergarten,475,hep_b,98.1
2017-2018,Greenlee,04011,Kindergarten,157,hep_b,97.5
2017-2018,La Paz,04012,Kindergarten,158,hep_b,98.1
2017-2018,Maricopa,04013,Kindergarten,53503,hep_b,94.6
2017-2018,Mohave,04015,Kindergarten,1792,hep_b,94.1
2017-2018,Navajo,04017,Kindergarten,1302,hep_b,94.1
2017-2018,Pima,04019,Kindergarten,10818,hep_b,96.8
2017-2018,Pinal,04021,Kindergarten,4323,hep_b,95
2017-2018,Santa Cruz,04023,Kindergarten,757,hep_b,98.2
2017-2018,Yavapai,04025,Kindergarten,1734,hep_b,86.8
2017-2018,Yuma,04027,Kindergarten,2801,hep_b,98.4
2017-2018,State Totals,NA,Kindergarten,81710,hep_b,94.9
2017-2018,Apache,04001,Kindergarten,798,varicella,97.6
2017-2018,Cochise,04003,Kindergarten,1305,varicella,97.4
2017-2018,Coconino,04005,Kindergarten,1005,varicella,93.4
2017-2018,Gila,04007,Kindergarten,766,varicella,96.2
2017-2018,Graham,04009,Kindergarten,475,varicella,97.3
2017-2018,Greenlee,04011,Kindergarten,157,varicella,98.1
2017-2018,La Paz,04012,Kindergarten,158,varicella,98.7
2017-2018,Maricopa,04013,Kindergarten,53503,varicella,95.9
2017-2018,Mohave,04015,Kindergarten,1792,varicella,95.4
2017-2018,Navajo,04017,Kindergarten,1302,varicella,94.5
2017-2018,Pima,04019,Kindergarten,10818,varicella,97.7
2017-2018,Pinal,04021,Kindergarten,4323,varicella,95.8
2017-2018,Santa Cruz,04023,Kindergarten,757,varicella,98.3
2017-2018,Yavapai,04025,Kindergarten,1734,varicella,87.7
2017-2018,Yuma,04027,Kindergarten,2801,varicella,96.3
2017-2018,State Totals,NA,Kindergarten,81710,varicella,96
2017-2018,Apache,04001,Kindergarten,798,personal_exempt,2.5
2017-2018,Cochise,04003,Kindergarten,1305,personal_exempt,2.7
2017-2018,Coconino,04005,Kindergarten,1005,personal_exempt,10.3
2017-2018,Gila,04007,Kindergarten,766,personal_exempt,4.7
2017-2018,Graham,04009,Kindergarten,475,personal_exempt,2.7
2017-2018,Greenlee,04011,Kindergarten,157,personal_exempt,2.5
2017-2018,La Paz,04012,Kindergarten,158,personal_exempt,1.3
2017-2018,Maricopa,04013,Kindergarten,53503,personal_exempt,5.9
2017-2018,Mohave,04015,Kindergarten,1792,personal_exempt,6.8
2017-2018,Navajo,04017,Kindergarten,1302,personal_exempt,5.1
2017-2018,Pima,04019,Kindergarten,10818,personal_exempt,2.7
2017-2018,Pinal,04021,Kindergarten,4323,personal_exempt,5
2017-2018,Santa Cruz,04023,Kindergarten,757,personal_exempt,1.3
2017-2018,Yavapai,04025,Kindergarten,1734,personal_exempt,14
2017-2018,Yuma,04027,Kindergarten,2801,personal_exempt,1.2
2017-2018,State Totals,NA,Kindergarten,81710,personal_exempt,5.4
2017-2018,Apache,04001,Kindergarten,798,medical_exempt,0
2017-2018,Cochise,04003,Kindergarten,1305,medical_exempt,0.2
2017-2018,Coconino,04005,Kindergarten,1005,medical_exempt,0.3
2017-2018,Gila,04007,Kindergarten,766,medical_exempt,0.9
2017-2018,Graham,04009,Kindergarten,475,medical_exempt,0
2017-2018,Greenlee,04011,Kindergarten,157,medical_exempt,0
2017-2018,La Paz,04012,Kindergarten,158,medical_exempt,0
2017-2018,Maricopa,04013,Kindergarten,53503,medical_exempt,0.6
2017-2018,Mohave,04015,Kindergarten,1792,medical_exempt,0.9
2017-2018,Navajo,04017,Kindergarten,1302,medical_exempt,1.1
2017-2018,Pima,04019,Kindergarten,10818,medical_exempt,0.5
2017-2018,Pinal,04021,Kindergarten,4323,medical_exempt,0.2
2017-2018,Santa Cruz,04023,Kindergarten,757,medical_exempt,0.1
2017-2018,Yavapai,04025,Kindergarten,1734,medical_exempt,0.2
2017-2018,Yuma,04027,Kindergarten,2801,medical_exempt,0.1
2017-2018,State Totals,NA,Kindergarten,81710,medical_exempt,0.7
2017-2018,Apache,04001,Kindergarten,798,full_exempt,2.3
2017-2018,Cochise,04003,Kindergarten,1305,full_exempt,1.8
2017-2018,Coconino,04005,Kindergarten,1005,full_exempt,6.5
2017-2018,Gila,04007,Kindergarten,766,full_exempt,2.2
2017-2018,Graham,04009,Kindergarten,475,full_exempt,1.1
2017-2018,Greenlee,04011,Kindergarten,157,full_exempt,2.5
2017-2018,La Paz,04012,Kindergarten,158,full_exempt,1.3
2017-2018,Maricopa,04013,Kindergarten,53503,full_exempt,3.7
2017-2018,Mohave,04015,Kindergarten,1792,full_exempt,4.2
2017-2018,Navajo,04017,Kindergarten,1302,full_exempt,4
2017-2018,Pima,04019,Kindergarten,10818,full_exempt,1.8
2017-2018,Pinal,04021,Kindergarten,4323,full_exempt,3.4
2017-2018,Santa Cruz,04023,Kindergarten,757,full_exempt,0.5
2017-2018,Yavapai,04025,Kindergarten,1734,full_exempt,10
2017-2018,Yuma,04027,Kindergarten,2801,full_exempt,0.5
2017-2018,State Totals,NA,Kindergarten,81710,full_exempt,3.5
2018-2019,Apache,04001,Kindergarten,544,dtap,91.9
2018-2019,Cochise,04003,Kindergarten,1301,dtap,94.2
2018-2019,Coconino,04005,Kindergarten,1102,dtap,92.8
2018-2019,Gila,04007,Kindergarten,591,dtap,93.1
2018-2019,Graham,04009,Kindergarten,534,dtap,92.5
2018-2019,Greenlee,04011,Kindergarten,159,dtap,95.6
2018-2019,La Paz,04012,Kindergarten,154,dtap,97.4
2018-2019,Maricopa,04013,Kindergarten,52867,dtap,92.5
2018-2019,Mohave,04015,Kindergarten,1856,dtap,88.4
2018-2019,Navajo,04017,Kindergarten,1013,dtap,88.5
2018-2019,Pima,04019,Kindergarten,10727,dtap,95.5
2018-2019,Pinal,04021,Kindergarten,3986,dtap,91.4
2018-2019,Santa Cruz,04023,Kindergarten,582,dtap,96.7
2018-2019,Yavapai,04025,Kindergarten,1737,dtap,84.3
2018-2019,Yuma,04027,Kindergarten,2828,dtap,97.1
2018-2019,Total,04,Kindergarten,79981,dtap,92.7
2018-2019,Apache,04001,Kindergarten,544,polio,92.8
2018-2019,Cochise,04003,Kindergarten,1301,polio,95.1
2018-2019,Coconino,04005,Kindergarten,1102,polio,93.1
2018-2019,Gila,04007,Kindergarten,591,polio,92.6
2018-2019,Graham,04009,Kindergarten,534,polio,92.5
2018-2019,Greenlee,04011,Kindergarten,159,polio,96.2
2018-2019,La Paz,04012,Kindergarten,154,polio,97.4
2018-2019,Maricopa,04013,Kindergarten,52867,polio,93.1
2018-2019,Mohave,04015,Kindergarten,1856,polio,90.5
2018-2019,Navajo,04017,Kindergarten,1013,polio,89.3
2018-2019,Pima,04019,Kindergarten,10727,polio,96
2018-2019,Pinal,04021,Kindergarten,3986,polio,92.1
2018-2019,Santa Cruz,04023,Kindergarten,582,polio,96.9
2018-2019,Yavapai,04025,Kindergarten,1737,polio,84.5
2018-2019,Yuma,04027,Kindergarten,2828,polio,97.7
2018-2019,Total,04,Kindergarten,79981,polio,93.3
2018-2019,Apache,04001,Kindergarten,544,_mmr,93.4
2018-2019,Cochise,04003,Kindergarten,1301,_mmr,95.5
2018-2019,Coconino,04005,Kindergarten,1102,_mmr,91
2018-2019,Gila,04007,Kindergarten,591,_mmr,91.4
2018-2019,Graham,04009,Kindergarten,534,_mmr,92.9
2018-2019,Greenlee,04011,Kindergarten,159,_mmr,95
2018-2019,La Paz,04012,Kindergarten,154,_mmr,96.8
2018-2019,Maricopa,04013,Kindergarten,52867,_mmr,92.7
2018-2019,Mohave,04015,Kindergarten,1856,_mmr,88.4
2018-2019,Navajo,04017,Kindergarten,1013,_mmr,88.4
2018-2019,Pima,04019,Kindergarten,10727,_mmr,95.9
2018-2019,Pinal,04021,Kindergarten,3986,_mmr,92.2
2018-2019,Santa Cruz,04023,Kindergarten,582,_mmr,97.1
2018-2019,Yavapai,04025,Kindergarten,1737,_mmr,83.3
2018-2019,Yuma,04027,Kindergarten,2828,_mmr,97.3
2018-2019,Total,04,Kindergarten,79981,_mmr,93
2018-2019,Apache,04001,Kindergarten,544,hep_b,94.9
2018-2019,Cochise,04003,Kindergarten,1301,hep_b,93.9
2018-2019,Coconino,04005,Kindergarten,1102,hep_b,93.2
2018-2019,Gila,04007,Kindergarten,591,hep_b,95.1
2018-2019,Graham,04009,Kindergarten,534,hep_b,94.8
2018-2019,Greenlee,04011,Kindergarten,159,hep_b,98.7
2018-2019,La Paz,04012,Kindergarten,154,hep_b,97.4
2018-2019,Maricopa,04013,Kindergarten,52867,hep_b,94.1
2018-2019,Mohave,04015,Kindergarten,1856,hep_b,91.5
2018-2019,Navajo,04017,Kindergarten,1013,hep_b,91
2018-2019,Pima,04019,Kindergarten,10727,hep_b,96.5
2018-2019,Pinal,04021,Kindergarten,3986,hep_b,94.6
2018-2019,Santa Cruz,04023,Kindergarten,582,hep_b,98.5
2018-2019,Yavapai,04025,Kindergarten,1737,hep_b,88.2
2018-2019,Yuma,04027,Kindergarten,2828,hep_b,98.5
2018-2019,Total,04,Kindergarten,79981,hep_b,94.4
2018-2019,Apache,04001,Kindergarten,544,varicella,95.4
2018-2019,Cochise,04003,Kindergarten,1301,varicella,97
2018-2019,Coconino,04005,Kindergarten,1102,varicella,93.9
2018-2019,Gila,04007,Kindergarten,591,varicella,95.3
2018-2019,Graham,04009,Kindergarten,534,varicella,96.4
2018-2019,Greenlee,04011,Kindergarten,159,varicella,98.7
2018-2019,La Paz,04012,Kindergarten,154,varicella,98.1
2018-2019,Maricopa,04013,Kindergarten,52867,varicella,95.4
2018-2019,Mohave,04015,Kindergarten,1856,varicella,91.8
2018-2019,Navajo,04017,Kindergarten,1013,varicella,92.6
2018-2019,Pima,04019,Kindergarten,10727,varicella,97.3
2018-2019,Pinal,04021,Kindergarten,3986,varicella,95.3
2018-2019,Santa Cruz,04023,Kindergarten,582,varicella,97.8
2018-2019,Yavapai,04025,Kindergarten,1737,varicella,89.5
2018-2019,Yuma,04027,Kindergarten,2828,varicella,98.7
2018-2019,Total,04,Kindergarten,79981,varicella,95.6
2018-2019,Apache,04001,Kindergarten,544,personal_exempt,6.1
2018-2019,Cochise,04003,Kindergarten,1301,personal_exempt,2.8
2018-2019,Coconino,04005,Kindergarten,1102,personal_exempt,5.9
2018-2019,Gila,04007,Kindergarten,591,personal_exempt,5.9
2018-2019,Graham,04009,Kindergarten,534,personal_exempt,5.8
2018-2019,Greenlee,04011,Kindergarten,159,personal_exempt,1.3
2018-2019,La Paz,04012,Kindergarten,154,personal_exempt,1.9
2018-2019,Maricopa,04013,Kindergarten,52867,personal_exempt,6.5
2018-2019,Mohave,04015,Kindergarten,1856,personal_exempt,10.3
2018-2019,Navajo,04017,Kindergarten,1013,personal_exempt,7.8
2018-2019,Pima,04019,Kindergarten,10727,personal_exempt,3.2
2018-2019,Pinal,04021,Kindergarten,3986,personal_exempt,5.5
2018-2019,Santa Cruz,04023,Kindergarten,582,personal_exempt,1.7
2018-2019,Yavapai,04025,Kindergarten,1737,personal_exempt,12.5
2018-2019,Yuma,04027,Kindergarten,2828,personal_exempt,1.3
2018-2019,Total,04,Kindergarten,79981,personal_exempt,5.9
2018-2019,Apache,04001,Kindergarten,544,medical_exempt,0
2018-2019,Cochise,04003,Kindergarten,1301,medical_exempt,0.5
2018-2019,Coconino,04005,Kindergarten,1102,medical_exempt,0.1
2018-2019,Gila,04007,Kindergarten,591,medical_exempt,0.2
2018-2019,Graham,04009,Kindergarten,534,medical_exempt,0.2
2018-2019,Greenlee,04011,Kindergarten,159,medical_exempt,0
2018-2019,La Paz,04012,Kindergarten,154,medical_exempt,0
2018-2019,Maricopa,04013,Kindergarten,52867,medical_exempt,0.3
2018-2019,Mohave,04015,Kindergarten,1856,medical_exempt,0.4
2018-2019,Navajo,04017,Kindergarten,1013,medical_exempt,0.1
2018-2019,Pima,04019,Kindergarten,10727,medical_exempt,0.3
2018-2019,Pinal,04021,Kindergarten,3986,medical_exempt,0.3
2018-2019,Santa Cruz,04023,Kindergarten,582,medical_exempt,0.9
2018-2019,Yavapai,04025,Kindergarten,1737,medical_exempt,0.3
2018-2019,Yuma,04027,Kindergarten,2828,medical_exempt,0
2018-2019,Total,04,Kindergarten,79981,medical_exempt,0.3
2018-2019,Apache,04001,Kindergarten,544,full_exempt,4.4
2018-2019,Cochise,04003,Kindergarten,1301,full_exempt,2.3
2018-2019,Coconino,04005,Kindergarten,1102,full_exempt,4.8
2018-2019,Gila,04007,Kindergarten,591,full_exempt,3.6
2018-2019,Graham,04009,Kindergarten,534,full_exempt,5.4
2018-2019,Greenlee,04011,Kindergarten,159,full_exempt,1.3
2018-2019,La Paz,04012,Kindergarten,154,full_exempt,1.9
2018-2019,Maricopa,04013,Kindergarten,52867,full_exempt,4
2018-2019,Mohave,04015,Kindergarten,1856,full_exempt,7.9
2018-2019,Navajo,04017,Kindergarten,1013,full_exempt,5.7
2018-2019,Pima,04019,Kindergarten,10727,full_exempt,2.1
2018-2019,Pinal,04021,Kindergarten,3986,full_exempt,4.3
2018-2019,Santa Cruz,04023,Kindergarten,582,full_exempt,1.2
2018-2019,Yavapai,04025,Kindergarten,1737,full_exempt,7.7
2018-2019,Yuma,04027,Kindergarten,2828,full_exempt,0.7
2018-2019,Total,04,Kindergarten,79981,full_exempt,3.8
2019-2020,Apache,04001,Kindergarten,613,dtap,92.3
2019-2020,Cochise,04003,Kindergarten,1350,dtap,95
2019-2020,Coconino,04005,Kindergarten,982,dtap,92.5
2019-2020,Gila,04007,Kindergarten,604,dtap,91.9
2019-2020,Graham,04009,Kindergarten,580,dtap,94.7
2019-2020,Greenlee,04011,Kindergarten,174,dtap,96
2019-2020,La Paz,04012,Kindergarten,154,dtap,96.1
2019-2020,Maricopa,04013,Kindergarten,54405,dtap,93
2019-2020,Mohave,04015,Kindergarten,1816,dtap,90.3
2019-2020,Navajo,04017,Kindergarten,935,dtap,93.8
2019-2020,Pima,04019,Kindergarten,11301,dtap,95
2019-2020,Pinal,04021,Kindergarten,4241,dtap,92.2
2019-2020,Santa Cruz,04023,Kindergarten,750,dtap,97.3
2019-2020,Yavapai,04025,Kindergarten,1737,dtap,84.1
2019-2020,Yuma,04027,Kindergarten,2716,dtap,96.9
2019-2020,Total,04,Kindergarten,82358,dtap,93.2
2019-2020,Apache,04001,Kindergarten,613,polio,92.8
2019-2020,Cochise,04003,Kindergarten,1350,polio,95.1
2019-2020,Coconino,04005,Kindergarten,982,polio,93
2019-2020,Gila,04007,Kindergarten,604,polio,93.9
2019-2020,Graham,04009,Kindergarten,580,polio,95.5
2019-2020,Greenlee,04011,Kindergarten,174,polio,97.7
2019-2020,La Paz,04012,Kindergarten,154,polio,97.4
2019-2020,Maricopa,04013,Kindergarten,54405,polio,93.5
2019-2020,Mohave,04015,Kindergarten,1816,polio,91
2019-2020,Navajo,04017,Kindergarten,935,polio,94.3
2019-2020,Pima,04019,Kindergarten,11301,polio,95.6
2019-2020,Pinal,04021,Kindergarten,4241,polio,92.9
2019-2020,Santa Cruz,04023,Kindergarten,750,polio,97.2
2019-2020,Yavapai,04025,Kindergarten,1737,polio,85.1
2019-2020,Yuma,04027,Kindergarten,2716,polio,97.7
2019-2020,Total,04,Kindergarten,82358,polio,93.8
2019-2020,Apache,04001,Kindergarten,613,_mmr,92.3
2019-2020,Cochise,04003,Kindergarten,1350,_mmr,95.2
2019-2020,Coconino,04005,Kindergarten,982,_mmr,92.5
2019-2020,Gila,04007,Kindergarten,604,_mmr,93
2019-2020,Graham,04009,Kindergarten,580,_mmr,94.7
2019-2020,Greenlee,04011,Kindergarten,174,_mmr,97.7
2019-2020,La Paz,04012,Kindergarten,154,_mmr,95.5
2019-2020,Maricopa,04013,Kindergarten,54405,_mmr,93.2
2019-2020,Mohave,04015,Kindergarten,1816,_mmr,90.3
2019-2020,Navajo,04017,Kindergarten,935,_mmr,93.7
2019-2020,Pima,04019,Kindergarten,11301,_mmr,95.6
2019-2020,Pinal,04021,Kindergarten,4241,_mmr,93.2
2019-2020,Santa Cruz,04023,Kindergarten,750,_mmr,97.1
2019-2020,Yavapai,04025,Kindergarten,1737,_mmr,83.4
2019-2020,Yuma,04027,Kindergarten,2716,_mmr,97.7
2019-2020,Total,04,Kindergarten,82358,_mmr,93.5
2019-2020,Apache,04001,Kindergarten,613,hep_b,93.3
2019-2020,Cochise,04003,Kindergarten,1350,hep_b,96.4
2019-2020,Coconino,04005,Kindergarten,982,hep_b,93.9
2019-2020,Gila,04007,Kindergarten,604,hep_b,95.4
2019-2020,Graham,04009,Kindergarten,580,hep_b,96.7
2019-2020,Greenlee,04011,Kindergarten,174,hep_b,98.3
2019-2020,La Paz,04012,Kindergarten,154,hep_b,95.5
2019-2020,Maricopa,04013,Kindergarten,54405,hep_b,94.5
2019-2020,Mohave,04015,Kindergarten,1816,hep_b,92.6
2019-2020,Navajo,04017,Kindergarten,935,hep_b,94.9
2019-2020,Pima,04019,Kindergarten,11301,hep_b,96.4
2019-2020,Pinal,04021,Kindergarten,4241,hep_b,95.1
2019-2020,Santa Cruz,04023,Kindergarten,750,hep_b,98.1
2019-2020,Yavapai,04025,Kindergarten,1737,hep_b,87.6
2019-2020,Yuma,04027,Kindergarten,2716,hep_b,98.1
2019-2020,Total,04,Kindergarten,82358,hep_b,94.8
2019-2020,Apache,04001,Kindergarten,613,varicella,94.8
2019-2020,Cochise,04003,Kindergarten,1350,varicella,95.9
2019-2020,Coconino,04005,Kindergarten,982,varicella,95.1
2019-2020,Gila,04007,Kindergarten,604,varicella,96
2019-2020,Graham,04009,Kindergarten,580,varicella,97.4
2019-2020,Greenlee,04011,Kindergarten,174,varicella,98.9
2019-2020,La Paz,04012,Kindergarten,154,varicella,97.4
2019-2020,Maricopa,04013,Kindergarten,54405,varicella,95.9
2019-2020,Mohave,04015,Kindergarten,1816,varicella,93.4
2019-2020,Navajo,04017,Kindergarten,935,varicella,94.5
2019-2020,Pima,04019,Kindergarten,11301,varicella,96.7
2019-2020,Pinal,04021,Kindergarten,4241,varicella,96
2019-2020,Santa Cruz,04023,Kindergarten,750,varicella,98.7
2019-2020,Yavapai,04025,Kindergarten,1737,varicella,90
2019-2020,Yuma,04027,Kindergarten,2716,varicella,98.6
2019-2020,Total,04,Kindergarten,82358,varicella,95.9
2019-2020,Apache,04001,Kindergarten,613,personal_exempt,4.9
2019-2020,Cochise,04003,Kindergarten,1350,personal_exempt,2.6
2019-2020,Coconino,04005,Kindergarten,982,personal_exempt,6.4
2019-2020,Gila,04007,Kindergarten,604,personal_exempt,4.1
2019-2020,Graham,04009,Kindergarten,580,personal_exempt,4.1
2019-2020,Greenlee,04011,Kindergarten,174,personal_exempt,1.1
2019-2020,La Paz,04012,Kindergarten,154,personal_exempt,2.6
2019-2020,Maricopa,04013,Kindergarten,54405,personal_exempt,5.9
2019-2020,Mohave,04015,Kindergarten,1816,personal_exempt,8.3
2019-2020,Navajo,04017,Kindergarten,935,personal_exempt,5.8
2019-2020,Pima,04019,Kindergarten,11301,personal_exempt,3.1
2019-2020,Pinal,04021,Kindergarten,4241,personal_exempt,4.8
2019-2020,Santa Cruz,04023,Kindergarten,750,personal_exempt,1.5
2019-2020,Yavapai,04025,Kindergarten,1737,personal_exempt,12.3
2019-2020,Yuma,04027,Kindergarten,2716,personal_exempt,1.3
2019-2020,Total,04,Kindergarten,82358,personal_exempt,5.4
2019-2020,Apache,04001,Kindergarten,613,medical_exempt,0
2019-2020,Cochise,04003,Kindergarten,1350,medical_exempt,0.2
2019-2020,Coconino,04005,Kindergarten,982,medical_exempt,0.2
2019-2020,Gila,04007,Kindergarten,604,medical_exempt,0
2019-2020,Graham,04009,Kindergarten,580,medical_exempt,0.9
2019-2020,Greenlee,04011,Kindergarten,174,medical_exempt,0
2019-2020,La Paz,04012,Kindergarten,154,medical_exempt,0
2019-2020,Maricopa,04013,Kindergarten,54405,medical_exempt,0.2
2019-2020,Mohave,04015,Kindergarten,1816,medical_exempt,0.3
2019-2020,Navajo,04017,Kindergarten,935,medical_exempt,0.1
2019-2020,Pima,04019,Kindergarten,11301,medical_exempt,1.1
2019-2020,Pinal,04021,Kindergarten,4241,medical_exempt,0.3
2019-2020,Santa Cruz,04023,Kindergarten,750,medical_exempt,0.3
2019-2020,Yavapai,04025,Kindergarten,1737,medical_exempt,0.5
2019-2020,Yuma,04027,Kindergarten,2716,medical_exempt,0
2019-2020,Total,04,Kindergarten,82358,medical_exempt,0.3
2019-2020,Apache,04001,Kindergarten,613,full_exempt,4.1
2019-2020,Cochise,04003,Kindergarten,1350,full_exempt,1.6
2019-2020,Coconino,04005,Kindergarten,982,full_exempt,4.9
2019-2020,Gila,04007,Kindergarten,604,full_exempt,3
2019-2020,Graham,04009,Kindergarten,580,full_exempt,2.6
2019-2020,Greenlee,04011,Kindergarten,174,full_exempt,1.1
2019-2020,La Paz,04012,Kindergarten,154,full_exempt,2.6
2019-2020,Maricopa,04013,Kindergarten,54405,full_exempt,3.7
2019-2020,Mohave,04015,Kindergarten,1816,full_exempt,5.6
2019-2020,Navajo,04017,Kindergarten,935,full_exempt,4.5
2019-2020,Pima,04019,Kindergarten,11301,full_exempt,2.1
2019-2020,Pinal,04021,Kindergarten,4241,full_exempt,3
2019-2020,Santa Cruz,04023,Kindergarten,750,full_exempt,1.3
2019-2020,Yavapai,04025,Kindergarten,1737,full_exempt,7.8
2019-2020,Yuma,04027,Kindergarten,2716,full_exempt,0.7
2019-2020,Total,04,Kindergarten,82358,full_exempt,3.4
2021-2022,Apache,04001,Kindergarten,676,dtap,88.2
2021-2022,Cochise,04003,Kindergarten,1398,dtap,90.3
2021-2022,Coconino,04005,Kindergarten,1195,dtap,90.9
2021-2022,Gila,04007,Kindergarten,472,dtap,86.9
2021-2022,Graham,04009,Kindergarten,552,dtap,91.8
2021-2022,Greenlee,04011,Kindergarten,153,dtap,90.2
2021-2022,La Paz,04012,Kindergarten,144,dtap,90.3
2021-2022,Maricopa,04013,Kindergarten,53476,dtap,90.4
2021-2022,Mohave,04015,Kindergarten,1874,dtap,84.4
2021-2022,Navajo,04017,Kindergarten,1258,dtap,88.5
2021-2022,Pima,04019,Kindergarten,10147,dtap,94
2021-2022,Pinal,04021,Kindergarten,4493,dtap,89.2
2021-2022,Santa Cruz,04023,Kindergarten,698,dtap,96.8
2021-2022,Yavapai,04025,Kindergarten,1754,dtap,78.3
2021-2022,Yuma,04027,Kindergarten,2628,dtap,94.8
2021-2022,Total,04,Kindergarten,80918,dtap,90.6
2021-2022,Apache,04001,Kindergarten,676,polio,88
2021-2022,Cochise,04003,Kindergarten,1398,polio,91.4
2021-2022,Coconino,04005,Kindergarten,1195,polio,91.5
2021-2022,Gila,04007,Kindergarten,472,polio,87.5
2021-2022,Graham,04009,Kindergarten,552,polio,93.1
2021-2022,Greenlee,04011,Kindergarten,153,polio,90.2
2021-2022,La Paz,04012,Kindergarten,144,polio,90.3
2021-2022,Maricopa,04013,Kindergarten,53476,polio,90.8
2021-2022,Mohave,04015,Kindergarten,1874,polio,85.8
2021-2022,Navajo,04017,Kindergarten,1258,polio,87.5
2021-2022,Pima,04019,Kindergarten,10147,polio,94
2021-2022,Pinal,04021,Kindergarten,4493,polio,89.9
2021-2022,Santa Cruz,04023,Kindergarten,698,polio,96
2021-2022,Yavapai,04025,Kindergarten,1754,polio,77.3
2021-2022,Yuma,04027,Kindergarten,2628,polio,95.2
2021-2022,Total,04,Kindergarten,80918,polio,90.9
2021-2022,Apache,04001,Kindergarten,676,_mmr,88.5
2021-2022,Cochise,04003,Kindergarten,1398,_mmr,90.1
2021-2022,Coconino,04005,Kindergarten,1195,_mmr,89.2
2021-2022,Gila,04007,Kindergarten,472,_mmr,85.8
2021-2022,Graham,04009,Kindergarten,552,_mmr,92.2
2021-2022,Greenlee,04011,Kindergarten,153,_mmr,89.5
2021-2022,La Paz,04012,Kindergarten,144,_mmr,90.3
2021-2022,Maricopa,04013,Kindergarten,53476,_mmr,90.6
2021-2022,Mohave,04015,Kindergarten,1874,_mmr,84.3
2021-2022,Navajo,04017,Kindergarten,1258,_mmr,87
2021-2022,Pima,04019,Kindergarten,10147,_mmr,93.8
2021-2022,Pinal,04021,Kindergarten,4493,_mmr,89.4
2021-2022,Santa Cruz,04023,Kindergarten,698,_mmr,96.6
2021-2022,Yavapai,04025,Kindergarten,1754,_mmr,77.3
2021-2022,Yuma,04027,Kindergarten,2628,_mmr,95.4
2021-2022,Total,04,Kindergarten,80918,_mmr,90.6
2021-2022,Apache,04001,Kindergarten,676,hep_b,93.6
2021-2022,Cochise,04003,Kindergarten,1398,hep_b,92.8
2021-2022,Coconino,04005,Kindergarten,1195,hep_b,93.3
2021-2022,Gila,04007,Kindergarten,472,hep_b,89.8
2021-2022,Graham,04009,Kindergarten,552,hep_b,95.7
2021-2022,Greenlee,04011,Kindergarten,153,hep_b,90.2
2021-2022,La Paz,04012,Kindergarten,144,hep_b,90.3
2021-2022,Maricopa,04013,Kindergarten,53476,hep_b,93.1
2021-2022,Mohave,04015,Kindergarten,1874,hep_b,89.8
2021-2022,Navajo,04017,Kindergarten,1258,hep_b,92.9
2021-2022,Pima,04019,Kindergarten,10147,hep_b,96
2021-2022,Pinal,04021,Kindergarten,4493,hep_b,93.1
2021-2022,Santa Cruz,04023,Kindergarten,698,hep_b,99.3
2021-2022,Yavapai,04025,Kindergarten,1754,hep_b,84.4
2021-2022,Yuma,04027,Kindergarten,2628,hep_b,97.2
2021-2022,Total,04,Kindergarten,80918,hep_b,93.4
2021-2022,Apache,04001,Kindergarten,676,varicella,93.3
2021-2022,Cochise,04003,Kindergarten,1398,varicella,94.4
2021-2022,Coconino,04005,Kindergarten,1195,varicella,94.4
2021-2022,Gila,04007,Kindergarten,472,varicella,90.7
2021-2022,Graham,04009,Kindergarten,552,varicella,96.4
2021-2022,Greenlee,04011,Kindergarten,153,varicella,90.2
2021-2022,La Paz,04012,Kindergarten,144,varicella,96.5
2021-2022,Maricopa,04013,Kindergarten,53476,varicella,94.5
2021-2022,Mohave,04015,Kindergarten,1874,varicella,90.8
2021-2022,Navajo,04017,Kindergarten,1258,varicella,92.9
2021-2022,Pima,04019,Kindergarten,10147,varicella,96.6
2021-2022,Pinal,04021,Kindergarten,4493,varicella,94.6
2021-2022,Santa Cruz,04023,Kindergarten,698,varicella,99.4
2021-2022,Yavapai,04025,Kindergarten,1754,varicella,86.1
2021-2022,Yuma,04027,Kindergarten,2628,varicella,97.8
2021-2022,Total,04,Kindergarten,80918,varicella,94.6
2021-2022,Apache,04001,Kindergarten,676,personal_exempt,9.8
2021-2022,Cochise,04003,Kindergarten,1398,personal_exempt,6.3
2021-2022,Coconino,04005,Kindergarten,1195,personal_exempt,6
2021-2022,Gila,04007,Kindergarten,472,personal_exempt,11.2
2021-2022,Graham,04009,Kindergarten,552,personal_exempt,3.4
2021-2022,Greenlee,04011,Kindergarten,153,personal_exempt,2
2021-2022,La Paz,04012,Kindergarten,144,personal_exempt,3.5
2021-2022,Maricopa,04013,Kindergarten,53476,personal_exempt,7
2021-2022,Mohave,04015,Kindergarten,1874,personal_exempt,10.6
2021-2022,Navajo,04017,Kindergarten,1258,personal_exempt,6.7
2021-2022,Pima,04019,Kindergarten,10147,personal_exempt,3.3
2021-2022,Pinal,04021,Kindergarten,4493,personal_exempt,6.4
2021-2022,Santa Cruz,04023,Kindergarten,698,personal_exempt,0.9
2021-2022,Yavapai,04025,Kindergarten,1754,personal_exempt,15.1
2021-2022,Yuma,04027,Kindergarten,2628,personal_exempt,2.5
2021-2022,Total,04,Kindergarten,80918,personal_exempt,6.6
2021-2022,Apache,04001,Kindergarten,676,medical_exempt,1
2021-2022,Cochise,04003,Kindergarten,1398,medical_exempt,0.4
2021-2022,Coconino,04005,Kindergarten,1195,medical_exempt,0.6
2021-2022,Gila,04007,Kindergarten,472,medical_exempt,0.4
2021-2022,Graham,04009,Kindergarten,552,medical_exempt,0.5
2021-2022,Greenlee,04011,Kindergarten,153,medical_exempt,1.3
2021-2022,La Paz,04012,Kindergarten,144,medical_exempt,0
2021-2022,Maricopa,04013,Kindergarten,53476,medical_exempt,0.4
2021-2022,Mohave,04015,Kindergarten,1874,medical_exempt,0.3
2021-2022,Navajo,04017,Kindergarten,1258,medical_exempt,2.2
2021-2022,Pima,04019,Kindergarten,10147,medical_exempt,0.3
2021-2022,Pinal,04021,Kindergarten,4493,medical_exempt,0.9
2021-2022,Santa Cruz,04023,Kindergarten,698,medical_exempt,0
2021-2022,Yavapai,04025,Kindergarten,1754,medical_exempt,1.6
2021-2022,Yuma,04027,Kindergarten,2628,medical_exempt,0.1
2021-2022,Total,04,Kindergarten,80918,medical_exempt,0.5
2021-2022,Apache,04001,Kindergarten,676,full_exempt,2.5
2021-2022,Cochise,04003,Kindergarten,1398,full_exempt,3.9
2021-2022,Coconino,04005,Kindergarten,1195,full_exempt,3.3
2021-2022,Gila,04007,Kindergarten,472,full_exempt,6.4
2021-2022,Graham,04009,Kindergarten,552,full_exempt,1.8
2021-2022,Greenlee,04011,Kindergarten,153,full_exempt,0
2021-2022,La Paz,04012,Kindergarten,144,full_exempt,0
2021-2022,Maricopa,04013,Kindergarten,53476,full_exempt,3.9
2021-2022,Mohave,04015,Kindergarten,1874,full_exempt,6.9
2021-2022,Navajo,04017,Kindergarten,1258,full_exempt,5.3
2021-2022,Pima,04019,Kindergarten,10147,full_exempt,1.9
2021-2022,Pinal,04021,Kindergarten,4493,full_exempt,3.8
2021-2022,Santa Cruz,04023,Kindergarten,698,full_exempt,0.3
2021-2022,Yavapai,04025,Kindergarten,1754,full_exempt,9.5
2021-2022,Yuma,04027,Kindergarten,2628,full_exempt,1.5
2021-2022,Total,04,Kindergarten,80918,full_exempt,3.7
2022-2023,Apache,04001,Kindergarten,673,dtap,87.4
2022-2023,Cochise,04003,Kindergarten,1041,dtap,88.7
2022-2023,Coconino,04005,Kindergarten,1087,dtap,88.7
2022-2023,Gila,04007,Kindergarten,433,dtap,86.1
2022-2023,Graham,04009,Kindergarten,601,dtap,91.3
2022-2023,Greenlee,04011,Kindergarten,161,dtap,78.9
2022-2023,La Paz,04012,Kindergarten,149,dtap,92.6
2022-2023,Maricopa,04013,Kindergarten,52553,dtap,89.3
2022-2023,Mohave,04015,Kindergarten,1799,dtap,84.1
2022-2023,Navajo,04017,Kindergarten,1093,dtap,79.9
2022-2023,Pima,04019,Kindergarten,10034,dtap,93.7
2022-2023,Pinal,04021,Kindergarten,4339,dtap,89.5
2022-2023,Santa Cruz,04023,Kindergarten,729,dtap,97.3
2022-2023,Yavapai,04025,Kindergarten,1617,dtap,78.5
2022-2023,Yuma,04027,Kindergarten,2628,dtap,95.4
2022-2023,Total,04,Kindergarten,78937,dtap,89.6
2022-2023,Apache,04001,Kindergarten,673,polio,87.8
2022-2023,Cochise,04003,Kindergarten,1041,polio,88.1
2022-2023,Coconino,04005,Kindergarten,1087,polio,89.4
2022-2023,Gila,04007,Kindergarten,433,polio,86.6
2022-2023,Graham,04009,Kindergarten,601,polio,92.3
2022-2023,Greenlee,04011,Kindergarten,161,polio,75.8
2022-2023,La Paz,04012,Kindergarten,149,polio,93.3
2022-2023,Maricopa,04013,Kindergarten,52553,polio,90.1
2022-2023,Mohave,04015,Kindergarten,1799,polio,84.8
2022-2023,Navajo,04017,Kindergarten,1093,polio,78.5
2022-2023,Pima,04019,Kindergarten,10034,polio,94.2
2022-2023,Pinal,04021,Kindergarten,4339,polio,89.1
2022-2023,Santa Cruz,04023,Kindergarten,729,polio,97.1
2022-2023,Yavapai,04025,Kindergarten,1617,polio,80.7
2022-2023,Yuma,04027,Kindergarten,2628,polio,96.1
2022-2023,Total,04,Kindergarten,78937,polio,90.3
2022-2023,Apache,04001,Kindergarten,673,_mmr,88.3
2022-2023,Cochise,04003,Kindergarten,1041,_mmr,86.5
2022-2023,Coconino,04005,Kindergarten,1087,_mmr,87.3
2022-2023,Gila,04007,Kindergarten,433,_mmr,85.7
2022-2023,Graham,04009,Kindergarten,601,_mmr,91.3
2022-2023,Greenlee,04011,Kindergarten,161,_mmr,82
2022-2023,La Paz,04012,Kindergarten,149,_mmr,92.6
2022-2023,Maricopa,04013,Kindergarten,52553,_mmr,89.8
2022-2023,Mohave,04015,Kindergarten,1799,_mmr,82.8
2022-2023,Navajo,04017,Kindergarten,1093,_mmr,80.5
2022-2023,Pima,04019,Kindergarten,10034,_mmr,93.7
2022-2023,Pinal,04021,Kindergarten,4339,_mmr,90.1
2022-2023,Santa Cruz,04023,Kindergarten,729,_mmr,97.4
2022-2023,Yavapai,04025,Kindergarten,1617,_mmr,76.5
2022-2023,Yuma,04027,Kindergarten,2628,_mmr,95.7
2022-2023,Total,04,Kindergarten,78937,_mmr,89.9
2022-2023,Apache,04001,Kindergarten,673,hep_b,92.7
2022-2023,Cochise,04003,Kindergarten,1041,hep_b,93.1
2022-2023,Coconino,04005,Kindergarten,1087,hep_b,92.9
2022-2023,Gila,04007,Kindergarten,433,hep_b,89.1
2022-2023,Graham,04009,Kindergarten,601,hep_b,95
2022-2023,Greenlee,04011,Kindergarten,161,hep_b,94.4
2022-2023,La Paz,04012,Kindergarten,149,hep_b,94.6
2022-2023,Maricopa,04013,Kindergarten,52553,hep_b,92.6
2022-2023,Mohave,04015,Kindergarten,1799,hep_b,87
2022-2023,Navajo,04017,Kindergarten,1093,hep_b,86.3
2022-2023,Pima,04019,Kindergarten,10034,hep_b,96.1
2022-2023,Pinal,04021,Kindergarten,4339,hep_b,92.9
2022-2023,Santa Cruz,04023,Kindergarten,729,hep_b,98.5
2022-2023,Yavapai,04025,Kindergarten,1617,hep_b,85.5
2022-2023,Yuma,04027,Kindergarten,2628,hep_b,97.3
2022-2023,Total,04,Kindergarten,78937,hep_b,92.9
2022-2023,Apache,04001,Kindergarten,673,varicella,93.6
2022-2023,Cochise,04003,Kindergarten,1041,varicella,94.5
2022-2023,Coconino,04005,Kindergarten,1087,varicella,93.8
2022-2023,Gila,04007,Kindergarten,433,varicella,89.8
2022-2023,Graham,04009,Kindergarten,601,varicella,95.2
2022-2023,Greenlee,04011,Kindergarten,161,varicella,95
2022-2023,La Paz,04012,Kindergarten,149,varicella,92.6
2022-2023,Maricopa,04013,Kindergarten,52553,varicella,94
2022-2023,Mohave,04015,Kindergarten,1799,varicella,88.9
2022-2023,Navajo,04017,Kindergarten,1093,varicella,86.6
2022-2023,Pima,04019,Kindergarten,10034,varicella,96.8
2022-2023,Pinal,04021,Kindergarten,4339,varicella,93.7
2022-2023,Santa Cruz,04023,Kindergarten,729,varicella,99
2022-2023,Yavapai,04025,Kindergarten,1617,varicella,85.8
2022-2023,Yuma,04027,Kindergarten,2628,varicella,97.5
2022-2023,Total,04,Kindergarten,78937,varicella,94.1
2022-2023,Apache,04001,Kindergarten,673,personal_exempt,8.5
2022-2023,Cochise,04003,Kindergarten,1041,personal_exempt,5
2022-2023,Coconino,04005,Kindergarten,1087,personal_exempt,6.9
2022-2023,Gila,04007,Kindergarten,433,personal_exempt,12.7
2022-2023,Graham,04009,Kindergarten,601,personal_exempt,6.5
2022-2023,Greenlee,04011,Kindergarten,161,personal_exempt,3.7
2022-2023,La Paz,04012,Kindergarten,149,personal_exempt,4
2022-2023,Maricopa,04013,Kindergarten,52553,personal_exempt,8
2022-2023,Mohave,04015,Kindergarten,1799,personal_exempt,12.2
2022-2023,Navajo,04017,Kindergarten,1093,personal_exempt,9.3
2022-2023,Pima,04019,Kindergarten,10034,personal_exempt,3.4
2022-2023,Pinal,04021,Kindergarten,4339,personal_exempt,6.9
2022-2023,Santa Cruz,04023,Kindergarten,729,personal_exempt,1.2
2022-2023,Yavapai,04025,Kindergarten,1617,personal_exempt,15.7
2022-2023,Yuma,04027,Kindergarten,2628,personal_exempt,2.5
2022-2023,Total,04,Kindergarten,78937,personal_exempt,7.3
2022-2023,Apache,04001,Kindergarten,673,medical_exempt,0.3
2022-2023,Cochise,04003,Kindergarten,1041,medical_exempt,0.2
2022-2023,Coconino,04005,Kindergarten,1087,medical_exempt,0.1
2022-2023,Gila,04007,Kindergarten,433,medical_exempt,0.2
2022-2023,Graham,04009,Kindergarten,601,medical_exempt,0
2022-2023,Greenlee,04011,Kindergarten,161,medical_exempt,0
2022-2023,La Paz,04012,Kindergarten,149,medical_exempt,0
2022-2023,Maricopa,04013,Kindergarten,52553,medical_exempt,0.2
2022-2023,Mohave,04015,Kindergarten,1799,medical_exempt,0.1
2022-2023,Navajo,04017,Kindergarten,1093,medical_exempt,0
2022-2023,Pima,04019,Kindergarten,10034,medical_exempt,0.2
2022-2023,Pinal,04021,Kindergarten,4339,medical_exempt,0.2
2022-2023,Santa Cruz,04023,Kindergarten,729,medical_exempt,0
2022-2023,Yavapai,04025,Kindergarten,1617,medical_exempt,0.1
2022-2023,Yuma,04027,Kindergarten,2628,medical_exempt,0.2
2022-2023,Total,04,Kindergarten,78937,medical_exempt,0.2
2022-2023,Apache,04001,Kindergarten,673,full_exempt,5.9
2022-2023,Cochise,04003,Kindergarten,1041,full_exempt,2.7
2022-2023,Coconino,04005,Kindergarten,1087,full_exempt,3.6
2022-2023,Gila,04007,Kindergarten,433,full_exempt,8.8
2022-2023,Graham,04009,Kindergarten,601,full_exempt,5.5
2022-2023,Greenlee,04011,Kindergarten,161,full_exempt,1.9
2022-2023,La Paz,04012,Kindergarten,149,full_exempt,3.4
2022-2023,Maricopa,04013,Kindergarten,52553,full_exempt,4.8
2022-2023,Mohave,04015,Kindergarten,1799,full_exempt,9.1
2022-2023,Navajo,04017,Kindergarten,1093,full_exempt,7
2022-2023,Pima,04019,Kindergarten,10034,full_exempt,2.2
2022-2023,Pinal,04021,Kindergarten,4339,full_exempt,4.6
2022-2023,Santa Cruz,04023,Kindergarten,729,full_exempt,0.7
2022-2023,Yavapai,04025,Kindergarten,1617,full_exempt,10.4
2022-2023,Yuma,04027,Kindergarten,2628,full_exempt,1.8
2022-2023,Total,04,Kindergarten,78937,full_exempt,4.6
2023-2024,Apache,04001,Kindergarten,619,dtap,92.6
2023-2024,Cochise,04003,Kindergarten,1003,dtap,90.3
2023-2024,Coconino,04005,Kindergarten,997,dtap,88.4
2023-2024,Gila,04007,Kindergarten,471,dtap,84.6
2023-2024,Graham,04009,Kindergarten,477,dtap,90.1
2023-2024,Greenlee,04011,Kindergarten,158,dtap,83.5
2023-2024,La Paz,04012,Kindergarten,120,dtap,94.7
2023-2024,Maricopa,04013,Kindergarten,49022,dtap,87.9
2023-2024,Mohave,04015,Kindergarten,1686,dtap,78
2023-2024,Navajo,04017,Kindergarten,1032,dtap,80.8
2023-2024,Pima,04019,Kindergarten,9830,dtap,93.5
2023-2024,Pinal,04021,Kindergarten,4265,dtap,89.7
2023-2024,Santa Cruz,04023,Kindergarten,641,dtap,95.8
2023-2024,Yavapai,04025,Kindergarten,1514,dtap,78.7
2023-2024,Yuma,04027,Kindergarten,2700,dtap,94.5
2023-2024,Total,04,Kindergarten,74535,dtap,88.7
2023-2024,Apache,04001,Kindergarten,619,polio,92.9
2023-2024,Cochise,04003,Kindergarten,1003,polio,91.6
2023-2024,Coconino,04005,Kindergarten,997,polio,89.1
2023-2024,Gila,04007,Kindergarten,471,polio,87.7
2023-2024,Graham,04009,Kindergarten,477,polio,91.3
2023-2024,Greenlee,04011,Kindergarten,158,polio,83.5
2023-2024,La Paz,04012,Kindergarten,120,polio,94.7
2023-2024,Maricopa,04013,Kindergarten,49022,polio,88.5
2023-2024,Mohave,04015,Kindergarten,1686,polio,78.9
2023-2024,Navajo,04017,Kindergarten,1032,polio,82.2
2023-2024,Pima,04019,Kindergarten,9830,polio,93.9
2023-2024,Pinal,04021,Kindergarten,4265,polio,90.6
2023-2024,Santa Cruz,04023,Kindergarten,641,polio,96.4
2023-2024,Yavapai,04025,Kindergarten,1514,polio,78.6
2023-2024,Yuma,04027,Kindergarten,2700,polio,95.1
2023-2024,Total,04,Kindergarten,74535,polio,89.3
2023-2024,Apache,04001,Kindergarten,619,_mmr,90
2023-2024,Cochise,04003,Kindergarten,1003,_mmr,89.1
2023-2024,Coconino,04005,Kindergarten,997,_mmr,86.8
2023-2024,Gila,04007,Kindergarten,471,_mmr,79.9
2023-2024,Graham,04009,Kindergarten,477,_mmr,91.3
2023-2024,Greenlee,04011,Kindergarten,158,_mmr,84.2
2023-2024,La Paz,04012,Kindergarten,120,_mmr,95.2
2023-2024,Maricopa,04013,Kindergarten,49022,_mmr,87.5
2023-2024,Mohave,04015,Kindergarten,1686,_mmr,76
2023-2024,Navajo,04017,Kindergarten,1032,_mmr,79.7
2023-2024,Pima,04019,Kindergarten,9830,_mmr,92.8
2023-2024,Pinal,04021,Kindergarten,4265,_mmr,89
2023-2024,Santa Cruz,04023,Kindergarten,641,_mmr,96.4
2023-2024,Yavapai,04025,Kindergarten,1514,_mmr,75.2
2023-2024,Yuma,04027,Kindergarten,2700,_mmr,95.4
2023-2024,Total,04,Kindergarten,74535,_mmr,88.1
2023-2024,Apache,04001,Kindergarten,619,hep_b,94.9
2023-2024,Cochise,04003,Kindergarten,1003,hep_b,94
2023-2024,Coconino,04005,Kindergarten,997,hep_b,91.9
2023-2024,Gila,04007,Kindergarten,471,hep_b,87
2023-2024,Graham,04009,Kindergarten,477,hep_b,93.2
2023-2024,Greenlee,04011,Kindergarten,158,hep_b,91.6
2023-2024,La Paz,04012,Kindergarten,120,hep_b,95.6
2023-2024,Maricopa,04013,Kindergarten,49022,hep_b,91.4
2023-2024,Mohave,04015,Kindergarten,1686,hep_b,82.5
2023-2024,Navajo,04017,Kindergarten,1032,hep_b,86.7
2023-2024,Pima,04019,Kindergarten,9830,hep_b,95.9
2023-2024,Pinal,04021,Kindergarten,4265,hep_b,93
2023-2024,Santa Cruz,04023,Kindergarten,641,hep_b,97.7
2023-2024,Yavapai,04025,Kindergarten,1514,hep_b,83.1
2023-2024,Yuma,04027,Kindergarten,2700,hep_b,97.1
2023-2024,Total,04,Kindergarten,74535,hep_b,92
2023-2024,Apache,04001,Kindergarten,619,varicella,95
2023-2024,Cochise,04003,Kindergarten,1003,varicella,94.3
2023-2024,Coconino,04005,Kindergarten,997,varicella,93.6
2023-2024,Gila,04007,Kindergarten,471,varicella,86.4
2023-2024,Graham,04009,Kindergarten,477,varicella,94.8
2023-2024,Greenlee,04011,Kindergarten,158,varicella,92.3
2023-2024,La Paz,04012,Kindergarten,120,varicella,95.2
2023-2024,Maricopa,04013,Kindergarten,49022,varicella,92.9
2023-2024,Mohave,04015,Kindergarten,1686,varicella,84.8
2023-2024,Navajo,04017,Kindergarten,1032,varicella,86.5
2023-2024,Pima,04019,Kindergarten,9830,varicella,96.5
2023-2024,Pinal,04021,Kindergarten,4265,varicella,94.2
2023-2024,Santa Cruz,04023,Kindergarten,641,varicella,97.8
2023-2024,Yavapai,04025,Kindergarten,1514,varicella,84.9
2023-2024,Yuma,04027,Kindergarten,2700,varicella,97.6
2023-2024,Total,04,Kindergarten,74535,varicella,93.3
2023-2024,Apache,04001,Kindergarten,619,personal_exempt,4.5
2023-2024,Cochise,04003,Kindergarten,1003,personal_exempt,6.7
2023-2024,Coconino,04005,Kindergarten,997,personal_exempt,7.5
2023-2024,Gila,04007,Kindergarten,471,personal_exempt,7.3
2023-2024,Graham,04009,Kindergarten,477,personal_exempt,6.8
2023-2024,Greenlee,04011,Kindergarten,158,personal_exempt,7.3
2023-2024,La Paz,04012,Kindergarten,120,personal_exempt,4.4
2023-2024,Maricopa,04013,Kindergarten,49022,personal_exempt,9.4
2023-2024,Mohave,04015,Kindergarten,1686,personal_exempt,14.1
2023-2024,Navajo,04017,Kindergarten,1032,personal_exempt,10.8
2023-2024,Pima,04019,Kindergarten,9830,personal_exempt,5.4
2023-2024,Pinal,04021,Kindergarten,4265,personal_exempt,6.7
2023-2024,Santa Cruz,04023,Kindergarten,641,personal_exempt,2.9
2023-2024,Yavapai,04025,Kindergarten,1514,personal_exempt,21.6
2023-2024,Yuma,04027,Kindergarten,2700,personal_exempt,4.3
2023-2024,Total,04,Kindergarten,74535,personal_exempt,8.7
2023-2024,Apache,04001,Kindergarten,619,medical_exempt,0.3
2023-2024,Cochise,04003,Kindergarten,1003,medical_exempt,0.2
2023-2024,Coconino,04005,Kindergarten,997,medical_exempt,0.5
2023-2024,Gila,04007,Kindergarten,471,medical_exempt,0
2023-2024,Graham,04009,Kindergarten,477,medical_exempt,0.7
2023-2024,Greenlee,04011,Kindergarten,158,medical_exempt,0.7
2023-2024,La Paz,04012,Kindergarten,120,medical_exempt,4.4
2023-2024,Maricopa,04013,Kindergarten,49022,medical_exempt,0.5
2023-2024,Mohave,04015,Kindergarten,1686,medical_exempt,0.8
2023-2024,Navajo,04017,Kindergarten,1032,medical_exempt,0.2
2023-2024,Pima,04019,Kindergarten,9830,medical_exempt,0.4
2023-2024,Pinal,04021,Kindergarten,4265,medical_exempt,0.8
2023-2024,Santa Cruz,04023,Kindergarten,641,medical_exempt,0.6
2023-2024,Yavapai,04025,Kindergarten,1514,medical_exempt,1.6
2023-2024,Yuma,04027,Kindergarten,2700,medical_exempt,0.7
2023-2024,Total,04,Kindergarten,74535,medical_exempt,0.6
2023-2024,Apache,04001,Kindergarten,619,full_exempt,2
2023-2024,Cochise,04003,Kindergarten,1003,full_exempt,5.8
2023-2024,Coconino,04005,Kindergarten,997,full_exempt,4.5
2023-2024,Gila,04007,Kindergarten,471,full_exempt,5.1
2023-2024,Graham,04009,Kindergarten,477,full_exempt,5.2
2023-2024,Greenlee,04011,Kindergarten,158,full_exempt,6.5
2023-2024,La Paz,04012,Kindergarten,120,full_exempt,4.4
2023-2024,Maricopa,04013,Kindergarten,49022,full_exempt,5.8
2023-2024,Mohave,04015,Kindergarten,1686,full_exempt,11.4
2023-2024,Navajo,04017,Kindergarten,1032,full_exempt,9.6
2023-2024,Pima,04019,Kindergarten,9830,full_exempt,2.7
2023-2024,Pinal,04021,Kindergarten,4265,full_exempt,4.1
2023-2024,Santa Cruz,04023,Kindergarten,641,full_exempt,1.7
2023-2024,Yavapai,04025,Kindergarten,1514,full_exempt,14.7
2023-2024,Yuma,04027,Kindergarten,2700,full_exempt,1.5
2023-2024,Total,04,Kindergarten,74535,full_exempt,5.4
