Session Title,Number of Patients by Age at Encounter in Years Range and State of Residence (U.S.),,
Session Description,"long format of base patients with all obesity ICD10s, split by age and state",,
Session ID,2727675,,
Sneak Peek,The data is from the Sneak Peek sample set,,
Data Model,Patients,,
Population Base,All Patients,,
Population Criteria Filters: These criteria are a summary and do not fully reflect the content of the exported session.,,,
Session Date Range,1/6/2019 - 3/26/2025,,
Measure,Number of Patients,,
Export User,Stephanie Perniciaro,,
Date of Export,4/11/2025,,
,,,
,,,
,,,Number of Patients
State of Residence (U.S.),Age at Encounter in Years,Year,
Ohio,Less than 10 Years,Jan 6 – Dec 31 2019,6645
,, 2020,6499
,, 2021,7043
,, 2022,7538
,, 2023,8699
,, 2024,9105
,,Jan 1 – Mar 26 2025,5273
,≥ 10 and < 15 Years,Jan 6 – Dec 31 2019,2976
,, 2020,3097
,, 2021,3441
,, 2022,3600
,, 2023,4197
,, 2024,4551
,,Jan 1 – Mar 26 2025,2268
,≥ 15 and < 20 Years,Jan 6 – Dec 31 2019,3518
,, 2020,3765
,, 2021,4275
,, 2022,4238
,, 2023,4726
,, 2024,4980
,,Jan 1 – Mar 26 2025,2545
,≥ 20 and < 40 Years,Jan 6 – Dec 31 2019,15348
,, 2020,16465
,, 2021,18017
,, 2022,17689
,, 2023,19251
,, 2024,19858
,,Jan 1 – Mar 26 2025,11693
,≥ 40 and < 65 Years,Jan 6 – Dec 31 2019,22418
,, 2020,23630
,, 2021,25568
,, 2022,24925
,, 2023,27020
,, 2024,27295
,,Jan 1 – Mar 26 2025,19084
,65 Years or more,Jan 6 – Dec 31 2019,13906
,, 2020,14953
,, 2021,16877
,, 2022,17104
,, 2023,19032
,, 2024,19654
,,Jan 1 – Mar 26 2025,15561
,No value,Jan 6 – Dec 31 2019,102388
,, 2020,98947
,, 2021,92469
,, 2022,92644
,, 2023,84997
,, 2024,82673
,,Jan 1 – Mar 26 2025,109612
,"Total: Total includes all data under the Ohio bucket, including data from rows not currently displayed.",Jan 6 – Dec 31 2019,165782
,, 2020,165782
,, 2021,165782
,, 2022,165782
,, 2023,165782
,, 2024,165782
,,Jan 1 – Mar 26 2025,165782
Texas,Less than 10 Years,Jan 6 – Dec 31 2019,12702
,, 2020,12002
,, 2021,13999
,, 2022,15286
,, 2023,15384
,, 2024,15913
,,Jan 1 – Mar 26 2025,7682
,≥ 10 and < 15 Years,Jan 6 – Dec 31 2019,5670
,, 2020,5595
,, 2021,6746
,, 2022,6943
,, 2023,7001
,, 2024,7290
,,Jan 1 – Mar 26 2025,3045
,≥ 15 and < 20 Years,Jan 6 – Dec 31 2019,4789
,, 2020,5150
,, 2021,7391
,, 2022,6429
,, 2023,6638
,, 2024,6948
,,Jan 1 – Mar 26 2025,2860
,≥ 20 and < 40 Years,Jan 6 – Dec 31 2019,15647
,, 2020,18035
,, 2021,25099
,, 2022,21300
,, 2023,22197
,, 2024,23426
,,Jan 1 – Mar 26 2025,11018
,≥ 40 and < 65 Years,Jan 6 – Dec 31 2019,22285
,, 2020,24148
,, 2021,32128
,, 2022,28297
,, 2023,29578
,, 2024,31726
,,Jan 1 – Mar 26 2025,18269
,65 Years or more,Jan 6 – Dec 31 2019,12855
,, 2020,13523
,, 2021,18535
,, 2022,16791
,, 2023,17954
,, 2024,19250
,,Jan 1 – Mar 26 2025,13140
,No value,Jan 6 – Dec 31 2019,185762
,, 2020,181363
,, 2021,156276
,, 2022,165192
,, 2023,161601
,, 2024,155970
,,Jan 1 – Mar 26 2025,202323
,"Total: Total includes all data under the Texas bucket, including data from rows not currently displayed.",Jan 6 – Dec 31 2019,258152
,, 2020,258152
,, 2021,258152
,, 2022,258152
,, 2023,258152
,, 2024,258152
,,Jan 1 – Mar 26 2025,258152
Florida,Less than 10 Years,Jan 6 – Dec 31 2019,4922
,, 2020,4637
,, 2021,6000
,, 2022,8337
,, 2023,9614
,, 2024,9501
,,Jan 1 – Mar 26 2025,4449
,≥ 10 and < 15 Years,Jan 6 – Dec 31 2019,2069
,, 2020,2065
,, 2021,2748
,, 2022,3677
,, 2023,4159
,, 2024,4257
,,Jan 1 – Mar 26 2025,1802
,≥ 15 and < 20 Years,Jan 6 – Dec 31 2019,1984
,, 2020,2227
,, 2021,3052
,, 2022,3935
,, 2023,4478
,, 2024,4555
,,Jan 1 – Mar 26 2025,1899
,≥ 20 and < 40 Years,Jan 6 – Dec 31 2019,7412
,, 2020,9022
,, 2021,11981
,, 2022,15705
,, 2023,18162
,, 2024,18891
,,Jan 1 – Mar 26 2025,8559
,≥ 40 and < 65 Years,Jan 6 – Dec 31 2019,12553
,, 2020,14635
,, 2021,18424
,, 2022,23689
,, 2023,26664
,, 2024,26933
,,Jan 1 – Mar 26 2025,15067
,65 Years or more,Jan 6 – Dec 31 2019,8955
,, 2020,10695
,, 2021,13566
,, 2022,17774
,, 2023,20134
,, 2024,20931
,,Jan 1 – Mar 26 2025,13666
,No value,Jan 6 – Dec 31 2019,158515
,, 2020,153254
,, 2021,141030
,, 2022,123957
,, 2023,114134
,, 2024,112302
,,Jan 1 – Mar 26 2025,150491
,"Total: Total includes all data under the Florida bucket, including data from rows not currently displayed.",Jan 6 – Dec 31 2019,195809
,, 2020,195809
,, 2021,195809
,, 2022,195809
,, 2023,195809
,, 2024,195809
,,Jan 1 – Mar 26 2025,195809
California,Less than 10 Years,Jan 6 – Dec 31 2019,6987
,, 2020,7688
,, 2021,8222
,, 2022,8946
,, 2023,9139
,, 2024,9504
,,Jan 1 – Mar 26 2025,4480
,≥ 10 and < 15 Years,Jan 6 – Dec 31 2019,3355
,, 2020,4015
,, 2021,4713
,, 2022,4875
,, 2023,4724
,, 2024,5099
,,Jan 1 – Mar 26 2025,2140
,≥ 15 and < 20 Years,Jan 6 – Dec 31 2019,3761
,, 2020,4356
,, 2021,5283
,, 2022,5165
,, 2023,5199
,, 2024,5601
,,Jan 1 – Mar 26 2025,2349
,≥ 20 and < 40 Years,Jan 6 – Dec 31 2019,16728
,, 2020,21145
,, 2021,22620
,, 2022,20841
,, 2023,21369
,, 2024,24191
,,Jan 1 – Mar 26 2025,10578
,≥ 40 and < 65 Years,Jan 6 – Dec 31 2019,20630
,, 2020,24687
,, 2021,27634
,, 2022,25407
,, 2023,26155
,, 2024,28739
,,Jan 1 – Mar 26 2025,15434
,65 Years or more,Jan 6 – Dec 31 2019,11864
,, 2020,13406
,, 2021,15725
,, 2022,15348
,, 2023,16307
,, 2024,18067
,,Jan 1 – Mar 26 2025,11399
,No value,Jan 6 – Dec 31 2019,164223
,, 2020,152508
,, 2021,143939
,, 2022,147631
,, 2023,145319
,, 2024,137353
,,Jan 1 – Mar 26 2025,180259
,"Total: Total includes all data under the California bucket, including data from rows not currently displayed.",Jan 6 – Dec 31 2019,226497
,, 2020,226497
,, 2021,226497
,, 2022,226497
,, 2023,226497
,, 2024,226497
,,Jan 1 – Mar 26 2025,226497
Pennsylvania,Less than 10 Years,Jan 6 – Dec 31 2019,4807
,, 2020,4501
,, 2021,5807
,, 2022,5650
,, 2023,5718
,, 2024,5853
,,Jan 1 – Mar 26 2025,3032
,≥ 10 and < 15 Years,Jan 6 – Dec 31 2019,2266
,, 2020,2193
,, 2021,3037
,, 2022,2663
,, 2023,2764
,, 2024,2829
,,Jan 1 – Mar 26 2025,1306
,≥ 15 and < 20 Years,Jan 6 – Dec 31 2019,2652
,, 2020,2581
,, 2021,3719
,, 2022,3170
,, 2023,3171
,, 2024,3311
,,Jan 1 – Mar 26 2025,1566
,≥ 20 and < 40 Years,Jan 6 – Dec 31 2019,12068
,, 2020,12751
,, 2021,18574
,, 2022,14761
,, 2023,15187
,, 2024,16315
,,Jan 1 – Mar 26 2025,9076
,≥ 40 and < 65 Years,Jan 6 – Dec 31 2019,18440
,, 2020,18754
,, 2021,25128
,, 2022,21278
,, 2023,21465
,, 2024,22572
,,Jan 1 – Mar 26 2025,15243
,65 Years or more,Jan 6 – Dec 31 2019,12697
,, 2020,13048
,, 2021,19834
,, 2022,15454
,, 2023,15993
,, 2024,16903
,,Jan 1 – Mar 26 2025,12772
,No value,Jan 6 – Dec 31 2019,80944
,, 2020,80144
,, 2021,58237
,, 2022,71324
,, 2023,70053
,, 2024,66708
,,Jan 1 – Mar 26 2025,89983
,"Total: Total includes all data under the Pennsylvania bucket, including data from rows not currently displayed.",Jan 6 – Dec 31 2019,132805
,, 2020,132805
,, 2021,132805
,, 2022,132805
,, 2023,132805
,, 2024,132805
,,Jan 1 – Mar 26 2025,132805
Illinois,Less than 10 Years,Jan 6 – Dec 31 2019,5508
,, 2020,5095
,, 2021,5559
,, 2022,5885
,, 2023,5998
,, 2024,6015
,,Jan 1 – Mar 26 2025,2868
,≥ 10 and < 15 Years,Jan 6 – Dec 31 2019,2692
,, 2020,2541
,, 2021,3066
,, 2022,3060
,, 2023,2891
,, 2024,2944
,,Jan 1 – Mar 26 2025,1132
,≥ 15 and < 20 Years,Jan 6 – Dec 31 2019,2914
,, 2020,2845
,, 2021,3585
,, 2022,3375
,, 2023,3351
,, 2024,3365
,,Jan 1 – Mar 26 2025,1432
,≥ 20 and < 40 Years,Jan 6 – Dec 31 2019,10668
,, 2020,12010
,, 2021,14969
,, 2022,12976
,, 2023,13494
,, 2024,13752
,,Jan 1 – Mar 26 2025,6791
,≥ 40 and < 65 Years,Jan 6 – Dec 31 2019,15382
,, 2020,16104
,, 2021,18602
,, 2022,17165
,, 2023,17833
,, 2024,18042
,,Jan 1 – Mar 26 2025,10909
,65 Years or more,Jan 6 – Dec 31 2019,9889
,, 2020,10198
,, 2021,12455
,, 2022,11483
,, 2023,12343
,, 2024,12906
,,Jan 1 – Mar 26 2025,9053
,No value,Jan 6 – Dec 31 2019,94332
,, 2020,92632
,, 2021,83377
,, 2022,87747
,, 2023,85721
,, 2024,84742
,,Jan 1 – Mar 26 2025,108327
,"Total: Total includes all data under the Illinois bucket, including data from rows not currently displayed.",Jan 6 – Dec 31 2019,140405
,, 2020,140405
,, 2021,140405
,, 2022,140405
,, 2023,140405
,, 2024,140405
,,Jan 1 – Mar 26 2025,140405
North Carolina,Less than 10 Years,Jan 6 – Dec 31 2019,4749
,, 2020,4593
,, 2021,5218
,, 2022,5625
,, 2023,5867
,, 2024,6149
,,Jan 1 – Mar 26 2025,2897
,≥ 10 and < 15 Years,Jan 6 – Dec 31 2019,1990
,, 2020,1924
,, 2021,2369
,, 2022,2484
,, 2023,2539
,, 2024,2858
,,Jan 1 – Mar 26 2025,1166
,≥ 15 and < 20 Years,Jan 6 – Dec 31 2019,2283
,, 2020,2303
,, 2021,2732
,, 2022,2731
,, 2023,2825
,, 2024,3171
,,Jan 1 – Mar 26 2025,1351
,≥ 20 and < 40 Years,Jan 6 – Dec 31 2019,9854
,, 2020,10643
,, 2021,12121
,, 2022,11647
,, 2023,12010
,, 2024,13379
,,Jan 1 – Mar 26 2025,6453
,≥ 40 and < 65 Years,Jan 6 – Dec 31 2019,15066
,, 2020,15492
,, 2021,17306
,, 2022,17051
,, 2023,17470
,, 2024,18802
,,Jan 1 – Mar 26 2025,11398
,65 Years or more,Jan 6 – Dec 31 2019,9424
,, 2020,9647
,, 2021,11162
,, 2022,11374
,, 2023,12139
,, 2024,13320
,,Jan 1 – Mar 26 2025,9397
,No value,Jan 6 – Dec 31 2019,70167
,, 2020,68920
,, 2021,62796
,, 2022,62913
,, 2023,60945
,, 2024,56289
,,Jan 1 – Mar 26 2025,80125
,"Total: Total includes all data under the North Carolina bucket, including data from rows not currently displayed.",Jan 6 – Dec 31 2019,112696
,, 2020,112696
,, 2021,112696
,, 2022,112696
,, 2023,112696
,, 2024,112696
,,Jan 1 – Mar 26 2025,112696
Michigan,Less than 10 Years,Jan 6 – Dec 31 2019,3420
,, 2020,4073
,, 2021,4304
,, 2022,4534
,, 2023,4627
,, 2024,5437
,,Jan 1 – Mar 26 2025,2986
,≥ 10 and < 15 Years,Jan 6 – Dec 31 2019,1613
,, 2020,1931
,, 2021,2195
,, 2022,2129
,, 2023,2181
,, 2024,2652
,,Jan 1 – Mar 26 2025,1194
,≥ 15 and < 20 Years,Jan 6 – Dec 31 2019,1795
,, 2020,2284
,, 2021,2495
,, 2022,2468
,, 2023,2485
,, 2024,3008
,,Jan 1 – Mar 26 2025,1438
,≥ 20 and < 40 Years,Jan 6 – Dec 31 2019,7370
,, 2020,9763
,, 2021,10489
,, 2022,9843
,, 2023,10272
,, 2024,12489
,,Jan 1 – Mar 26 2025,7029
,≥ 40 and < 65 Years,Jan 6 – Dec 31 2019,10284
,, 2020,13364
,, 2021,14111
,, 2022,13235
,, 2023,13538
,, 2024,16786
,,Jan 1 – Mar 26 2025,11269
,65 Years or more,Jan 6 – Dec 31 2019,6605
,, 2020,8628
,, 2021,9437
,, 2022,9267
,, 2023,9482
,, 2024,12138
,,Jan 1 – Mar 26 2025,9130
,No value,Jan 6 – Dec 31 2019,67131
,, 2020,58352
,, 2021,55534
,, 2022,57096
,, 2023,56012
,, 2024,46231
,,Jan 1 – Mar 26 2025,64619
,"Total: Total includes all data under the Michigan bucket, including data from rows not currently displayed.",Jan 6 – Dec 31 2019,97544
,, 2020,97544
,, 2021,97544
,, 2022,97544
,, 2023,97544
,, 2024,97544
,,Jan 1 – Mar 26 2025,97544
New York,Less than 10 Years,Jan 6 – Dec 31 2019,4387
,, 2020,4343
,, 2021,4750
,, 2022,4919
,, 2023,5091
,, 2024,5609
,,Jan 1 – Mar 26 2025,2712
,≥ 10 and < 15 Years,Jan 6 – Dec 31 2019,2202
,, 2020,2170
,, 2021,2536
,, 2022,2549
,, 2023,2514
,, 2024,2810
,,Jan 1 – Mar 26 2025,1237
,≥ 15 and < 20 Years,Jan 6 – Dec 31 2019,2396
,, 2020,2449
,, 2021,2945
,, 2022,3042
,, 2023,3017
,, 2024,3526
,,Jan 1 – Mar 26 2025,1483
,≥ 20 and < 40 Years,Jan 6 – Dec 31 2019,10807
,, 2020,11799
,, 2021,14268
,, 2022,14114
,, 2023,15045
,, 2024,16753
,,Jan 1 – Mar 26 2025,8209
,≥ 40 and < 65 Years,Jan 6 – Dec 31 2019,16310
,, 2020,17756
,, 2021,20755
,, 2022,20648
,, 2023,21225
,, 2024,22741
,,Jan 1 – Mar 26 2025,13384
,65 Years or more,Jan 6 – Dec 31 2019,10770
,, 2020,12161
,, 2021,14416
,, 2022,15034
,, 2023,15895
,, 2024,17891
,,Jan 1 – Mar 26 2025,11807
,No value,Jan 6 – Dec 31 2019,112510
,, 2020,108800
,, 2021,100009
,, 2022,99449
,, 2023,96948
,, 2024,90698
,,Jan 1 – Mar 26 2025,119795
,"Total: Total includes all data under the New York bucket, including data from rows not currently displayed.",Jan 6 – Dec 31 2019,158481
,, 2020,158481
,, 2021,158481
,, 2022,158481
,, 2023,158481
,, 2024,158481
,,Jan 1 – Mar 26 2025,158481
Massachusetts,Less than 10 Years,Jan 6 – Dec 31 2019,2546
,, 2020,2351
,, 2021,2594
,, 2022,2819
,, 2023,2780
,, 2024,3815
,,Jan 1 – Mar 26 2025,2081
,≥ 10 and < 15 Years,Jan 6 – Dec 31 2019,1270
,, 2020,1197
,, 2021,1424
,, 2022,1446
,, 2023,1340
,, 2024,1809
,,Jan 1 – Mar 26 2025,922
,≥ 15 and < 20 Years,Jan 6 – Dec 31 2019,1561
,, 2020,1558
,, 2021,1837
,, 2022,1712
,, 2023,1682
,, 2024,2129
,,Jan 1 – Mar 26 2025,1083
,≥ 20 and < 40 Years,Jan 6 – Dec 31 2019,7414
,, 2020,8192
,, 2021,9162
,, 2022,8421
,, 2023,8560
,, 2024,9255
,,Jan 1 – Mar 26 2025,4895
,≥ 40 and < 65 Years,Jan 6 – Dec 31 2019,10815
,, 2020,10995
,, 2021,12166
,, 2022,11490
,, 2023,11513
,, 2024,12051
,,Jan 1 – Mar 26 2025,7784
,65 Years or more,Jan 6 – Dec 31 2019,6397
,, 2020,6514
,, 2021,7370
,, 2022,7537
,, 2023,7715
,, 2024,8296
,,Jan 1 – Mar 26 2025,5904
,No value,Jan 6 – Dec 31 2019,47347
,, 2020,46565
,, 2021,42901
,, 2022,44073
,, 2023,43911
,, 2024,40145
,,Jan 1 – Mar 26 2025,54131
,"Total: Total includes all data under the Massachusetts bucket, including data from rows not currently displayed.",Jan 6 – Dec 31 2019,76714
,, 2020,76714
,, 2021,76714
,, 2022,76714
,, 2023,76714
,, 2024,76714
,,Jan 1 – Mar 26 2025,76714
Virginia,Less than 10 Years,Jan 6 – Dec 31 2019,3442
,, 2020,2860
,, 2021,3208
,, 2022,3778
,, 2023,4105
,, 2024,4132
,,Jan 1 – Mar 26 2025,1725
,≥ 10 and < 15 Years,Jan 6 – Dec 31 2019,1433
,, 2020,1228
,, 2021,1514
,, 2022,1671
,, 2023,1918
,, 2024,1990
,,Jan 1 – Mar 26 2025,822
,≥ 15 and < 20 Years,Jan 6 – Dec 31 2019,1735
,, 2020,1626
,, 2021,2003
,, 2022,2080
,, 2023,2246
,, 2024,2347
,,Jan 1 – Mar 26 2025,954
,≥ 20 and < 40 Years,Jan 6 – Dec 31 2019,8188
,, 2020,8364
,, 2021,9613
,, 2022,9429
,, 2023,10678
,, 2024,10694
,,Jan 1 – Mar 26 2025,5266
,≥ 40 and < 65 Years,Jan 6 – Dec 31 2019,12869
,, 2020,13051
,, 2021,14484
,, 2022,14322
,, 2023,15920
,, 2024,15851
,,Jan 1 – Mar 26 2025,9446
,65 Years or more,Jan 6 – Dec 31 2019,8044
,, 2020,8469
,, 2021,9325
,, 2022,9692
,, 2023,10784
,, 2024,11102
,,Jan 1 – Mar 26 2025,7788
,No value,Jan 6 – Dec 31 2019,75335
,, 2020,75509
,, 2021,71106
,, 2022,70308
,, 2023,65669
,, 2024,65273
,,Jan 1 – Mar 26 2025,84499
,"Total: Total includes all data under the Virginia bucket, including data from rows not currently displayed.",Jan 6 – Dec 31 2019,110417
,, 2020,110417
,, 2021,110417
,, 2022,110417
,, 2023,110417
,, 2024,110417
,,Jan 1 – Mar 26 2025,110417
Minnesota,Less than 10 Years,Jan 6 – Dec 31 2019,2867
,, 2020,2645
,, 2021,2820
,, 2022,2980
,, 2023,2949
,, 2024,2942
,,Jan 1 – Mar 26 2025,1535
,≥ 10 and < 15 Years,Jan 6 – Dec 31 2019,1287
,, 2020,1240
,, 2021,1498
,, 2022,1417
,, 2023,1398
,, 2024,1434
,,Jan 1 – Mar 26 2025,647
,≥ 15 and < 20 Years,Jan 6 – Dec 31 2019,1337
,, 2020,1349
,, 2021,1646
,, 2022,1528
,, 2023,1546
,, 2024,1598
,,Jan 1 – Mar 26 2025,766
,≥ 20 and < 40 Years,Jan 6 – Dec 31 2019,5723
,, 2020,6152
,, 2021,7569
,, 2022,6262
,, 2023,6521
,, 2024,6257
,,Jan 1 – Mar 26 2025,3207
,≥ 40 and < 65 Years,Jan 6 – Dec 31 2019,7595
,, 2020,7579
,, 2021,9763
,, 2022,7917
,, 2023,8135
,, 2024,7891
,,Jan 1 – Mar 26 2025,4838
,65 Years or more,Jan 6 – Dec 31 2019,4998
,, 2020,5127
,, 2021,7188
,, 2022,5653
,, 2023,5892
,, 2024,6162
,,Jan 1 – Mar 26 2025,4151
,No value,Jan 6 – Dec 31 2019,41083
,, 2020,40800
,, 2021,34462
,, 2022,39252
,, 2023,38569
,, 2024,38712
,,Jan 1 – Mar 26 2025,49248
,"Total: Total includes all data under the Minnesota bucket, including data from rows not currently displayed.",Jan 6 – Dec 31 2019,64343
,, 2020,64343
,, 2021,64343
,, 2022,64343
,, 2023,64343
,, 2024,64343
,,Jan 1 – Mar 26 2025,64343
South Carolina,Less than 10 Years,Jan 6 – Dec 31 2019,2430
,, 2020,2423
,, 2021,2704
,, 2022,3265
,, 2023,3466
,, 2024,3675
,,Jan 1 – Mar 26 2025,2116
,≥ 10 and < 15 Years,Jan 6 – Dec 31 2019,1164
,, 2020,1196
,, 2021,1352
,, 2022,1617
,, 2023,1646
,, 2024,1684
,,Jan 1 – Mar 26 2025,880
,≥ 15 and < 20 Years,Jan 6 – Dec 31 2019,1116
,, 2020,1210
,, 2021,1465
,, 2022,1753
,, 2023,1798
,, 2024,1920
,,Jan 1 – Mar 26 2025,922
,≥ 20 and < 40 Years,Jan 6 – Dec 31 2019,4073
,, 2020,4798
,, 2021,5254
,, 2022,6739
,, 2023,7249
,, 2024,8046
,,Jan 1 – Mar 26 2025,3996
,≥ 40 and < 65 Years,Jan 6 – Dec 31 2019,6341
,, 2020,6835
,, 2021,7634
,, 2022,9591
,, 2023,9846
,, 2024,10845
,,Jan 1 – Mar 26 2025,7809
,65 Years or more,Jan 6 – Dec 31 2019,4243
,, 2020,4617
,, 2021,5187
,, 2022,6826
,, 2023,7357
,, 2024,8141
,,Jan 1 – Mar 26 2025,6364
,No value,Jan 6 – Dec 31 2019,40390
,, 2020,38715
,, 2021,36229
,, 2022,30266
,, 2023,28726
,, 2024,25829
,,Jan 1 – Mar 26 2025,37296
,"Total: Total includes all data under the South Carolina bucket, including data from rows not currently displayed.",Jan 6 – Dec 31 2019,59312
,, 2020,59312
,, 2021,59312
,, 2022,59312
,, 2023,59312
,, 2024,59312
,,Jan 1 – Mar 26 2025,59312
Wisconsin,Less than 10 Years,Jan 6 – Dec 31 2019,3769
,, 2020,3688
,, 2021,3821
,, 2022,3897
,, 2023,3924
,, 2024,4023
,,Jan 1 – Mar 26 2025,2292
,≥ 10 and < 15 Years,Jan 6 – Dec 31 2019,1877
,, 2020,1858
,, 2021,2027
,, 2022,2073
,, 2023,2030
,, 2024,2109
,,Jan 1 – Mar 26 2025,1025
,≥ 15 and < 20 Years,Jan 6 – Dec 31 2019,1780
,, 2020,1918
,, 2021,2102
,, 2022,2028
,, 2023,2028
,, 2024,2090
,,Jan 1 – Mar 26 2025,1005
,≥ 20 and < 40 Years,Jan 6 – Dec 31 2019,6638
,, 2020,7385
,, 2021,7815
,, 2022,7586
,, 2023,7577
,, 2024,7752
,,Jan 1 – Mar 26 2025,3891
,≥ 40 and < 65 Years,Jan 6 – Dec 31 2019,9057
,, 2020,9377
,, 2021,9998
,, 2022,9531
,, 2023,9556
,, 2024,9516
,,Jan 1 – Mar 26 2025,5937
,65 Years or more,Jan 6 – Dec 31 2019,5158
,, 2020,5430
,, 2021,6121
,, 2022,6014
,, 2023,6329
,, 2024,6575
,,Jan 1 – Mar 26 2025,4660
,No value,Jan 6 – Dec 31 2019,41573
,, 2020,40259
,, 2021,38198
,, 2022,38910
,, 2023,38596
,, 2024,38035
,,Jan 1 – Mar 26 2025,50355
,"Total: Total includes all data under the Wisconsin bucket, including data from rows not currently displayed.",Jan 6 – Dec 31 2019,69080
,, 2020,69080
,, 2021,69080
,, 2022,69080
,, 2023,69080
,, 2024,69080
,,Jan 1 – Mar 26 2025,69080
Georgia,Less than 10 Years,Jan 6 – Dec 31 2019,4268
,, 2020,3570
,, 2021,4016
,, 2022,4455
,, 2023,4551
,, 2024,4671
,,Jan 1 – Mar 26 2025,2152
,≥ 10 and < 15 Years,Jan 6 – Dec 31 2019,1847
,, 2020,1657
,, 2021,1848
,, 2022,1898
,, 2023,1992
,, 2024,2070
,,Jan 1 – Mar 26 2025,903
,≥ 15 and < 20 Years,Jan 6 – Dec 31 2019,1675
,, 2020,1717
,, 2021,1911
,, 2022,1929
,, 2023,2060
,, 2024,2213
,,Jan 1 – Mar 26 2025,911
,≥ 20 and < 40 Years,Jan 6 – Dec 31 2019,5291
,, 2020,5615
,, 2021,6213
,, 2022,6201
,, 2023,6637
,, 2024,7036
,,Jan 1 – Mar 26 2025,3246
,≥ 40 and < 65 Years,Jan 6 – Dec 31 2019,8163
,, 2020,8715
,, 2021,9575
,, 2022,9460
,, 2023,10268
,, 2024,10715
,,Jan 1 – Mar 26 2025,6177
,65 Years or more,Jan 6 – Dec 31 2019,5062
,, 2020,5324
,, 2021,6077
,, 2022,6218
,, 2023,6880
,, 2024,7264
,,Jan 1 – Mar 26 2025,4911
,No value,Jan 6 – Dec 31 2019,63969
,, 2020,63628
,, 2021,60672
,, 2022,60219
,, 2023,58062
,, 2024,56466
,,Jan 1 – Mar 26 2025,71556
,"Total: Total includes all data under the Georgia bucket, including data from rows not currently displayed.",Jan 6 – Dec 31 2019,89797
,, 2020,89797
,, 2021,89797
,, 2022,89797
,, 2023,89797
,, 2024,89797
,,Jan 1 – Mar 26 2025,89797
Connecticut,Less than 10 Years,Jan 6 – Dec 31 2019,2028
,, 2020,2039
,, 2021,2375
,, 2022,2361
,, 2023,2212
,, 2024,2313
,,Jan 1 – Mar 26 2025,1181
,≥ 10 and < 15 Years,Jan 6 – Dec 31 2019,1066
,, 2020,1050
,, 2021,1310
,, 2022,1136
,, 2023,1121
,, 2024,1175
,,Jan 1 – Mar 26 2025,571
,≥ 15 and < 20 Years,Jan 6 – Dec 31 2019,1271
,, 2020,1334
,, 2021,1623
,, 2022,1398
,, 2023,1293
,, 2024,1376
,,Jan 1 – Mar 26 2025,651
,≥ 20 and < 40 Years,Jan 6 – Dec 31 2019,4610
,, 2020,5274
,, 2021,6097
,, 2022,5553
,, 2023,5535
,, 2024,5687
,,Jan 1 – Mar 26 2025,3223
,≥ 40 and < 65 Years,Jan 6 – Dec 31 2019,7613
,, 2020,8012
,, 2021,8856
,, 2022,8229
,, 2023,8119
,, 2024,8199
,,Jan 1 – Mar 26 2025,5561
,65 Years or more,Jan 6 – Dec 31 2019,4815
,, 2020,5058
,, 2021,5520
,, 2022,5507
,, 2023,5677
,, 2024,5877
,,Jan 1 – Mar 26 2025,4588
,No value,Jan 6 – Dec 31 2019,26503
,, 2020,25185
,, 2021,22330
,, 2022,23850
,, 2023,24051
,, 2024,23395
,,Jan 1 – Mar 26 2025,31712
,"Total: Total includes all data under the Connecticut bucket, including data from rows not currently displayed.",Jan 6 – Dec 31 2019,47434
,, 2020,47434
,, 2021,47434
,, 2022,47434
,, 2023,47434
,, 2024,47434
,,Jan 1 – Mar 26 2025,47434
Indiana,Less than 10 Years,Jan 6 – Dec 31 2019,2753
,, 2020,2735
,, 2021,3017
,, 2022,3111
,, 2023,3189
,, 2024,3250
,,Jan 1 – Mar 26 2025,1716
,≥ 10 and < 15 Years,Jan 6 – Dec 31 2019,1277
,, 2020,1280
,, 2021,1464
,, 2022,1501
,, 2023,1466
,, 2024,1465
,,Jan 1 – Mar 26 2025,673
,≥ 15 and < 20 Years,Jan 6 – Dec 31 2019,1310
,, 2020,1372
,, 2021,1541
,, 2022,1590
,, 2023,1637
,, 2024,1684
,,Jan 1 – Mar 26 2025,774
,≥ 20 and < 40 Years,Jan 6 – Dec 31 2019,5204
,, 2020,5506
,, 2021,6095
,, 2022,6103
,, 2023,6231
,, 2024,6329
,,Jan 1 – Mar 26 2025,3263
,≥ 40 and < 65 Years,Jan 6 – Dec 31 2019,7598
,, 2020,7898
,, 2021,8407
,, 2022,8447
,, 2023,8460
,, 2024,8552
,,Jan 1 – Mar 26 2025,5457
,65 Years or more,Jan 6 – Dec 31 2019,4623
,, 2020,4971
,, 2021,5281
,, 2022,5608
,, 2023,5771
,, 2024,6001
,,Jan 1 – Mar 26 2025,4133
,No value,Jan 6 – Dec 31 2019,38760
,, 2020,37808
,, 2021,35843
,, 2022,35326
,, 2023,34954
,, 2024,34445
,,Jan 1 – Mar 26 2025,45091
,"Total: Total includes all data under the Indiana bucket, including data from rows not currently displayed.",Jan 6 – Dec 31 2019,61035
,, 2020,61035
,, 2021,61035
,, 2022,61035
,, 2023,61035
,, 2024,61035
,,Jan 1 – Mar 26 2025,61035
Kentucky,Less than 10 Years,Jan 6 – Dec 31 2019,2129
,, 2020,2007
,, 2021,2593
,, 2022,2854
,, 2023,2952
,, 2024,3033
,,Jan 1 – Mar 26 2025,1561
,≥ 10 and < 15 Years,Jan 6 – Dec 31 2019,922
,, 2020,892
,, 2021,1204
,, 2022,1325
,, 2023,1289
,, 2024,1450
,,Jan 1 – Mar 26 2025,705
,≥ 15 and < 20 Years,Jan 6 – Dec 31 2019,972
,, 2020,962
,, 2021,1280
,, 2022,1384
,, 2023,1416
,, 2024,1456
,,Jan 1 – Mar 26 2025,698
,≥ 20 and < 40 Years,Jan 6 – Dec 31 2019,4118
,, 2020,4288
,, 2021,5482
,, 2022,5382
,, 2023,5571
,, 2024,5684
,,Jan 1 – Mar 26 2025,3081
,≥ 40 and < 65 Years,Jan 6 – Dec 31 2019,6369
,, 2020,6489
,, 2021,7803
,, 2022,7740
,, 2023,7937
,, 2024,7835
,,Jan 1 – Mar 26 2025,5087
,65 Years or more,Jan 6 – Dec 31 2019,3809
,, 2020,3890
,, 2021,4783
,, 2022,4894
,, 2023,5154
,, 2024,5198
,,Jan 1 – Mar 26 2025,3850
,No value,Jan 6 – Dec 31 2019,30553
,, 2020,30361
,, 2021,25883
,, 2022,25512
,, 2023,24794
,, 2024,24482
,,Jan 1 – Mar 26 2025,33565
,"Total: Total includes all data under the Kentucky bucket, including data from rows not currently displayed.",Jan 6 – Dec 31 2019,48488
,, 2020,48488
,, 2021,48488
,, 2022,48488
,, 2023,48488
,, 2024,48488
,,Jan 1 – Mar 26 2025,48488
Louisiana,Less than 10 Years,Jan 6 – Dec 31 2019,1964
,, 2020,1886
,, 2021,2290
,, 2022,2678
,, 2023,2858
,, 2024,2838
,,Jan 1 – Mar 26 2025,1465
,≥ 10 and < 15 Years,Jan 6 – Dec 31 2019,942
,, 2020,896
,, 2021,1146
,, 2022,1260
,, 2023,1248
,, 2024,1267
,,Jan 1 – Mar 26 2025,643
,≥ 15 and < 20 Years,Jan 6 – Dec 31 2019,909
,, 2020,872
,, 2021,1162
,, 2022,1257
,, 2023,1418
,, 2024,1480
,,Jan 1 – Mar 26 2025,736
,≥ 20 and < 40 Years,Jan 6 – Dec 31 2019,3626
,, 2020,4156
,, 2021,5246
,, 2022,5333
,, 2023,5691
,, 2024,5699
,,Jan 1 – Mar 26 2025,2992
,≥ 40 and < 65 Years,Jan 6 – Dec 31 2019,5181
,, 2020,5574
,, 2021,6801
,, 2022,7159
,, 2023,7481
,, 2024,7773
,,Jan 1 – Mar 26 2025,4800
,65 Years or more,Jan 6 – Dec 31 2019,3343
,, 2020,3570
,, 2021,4184
,, 2022,4612
,, 2023,4871
,, 2024,5247
,,Jan 1 – Mar 26 2025,3892
,No value,Jan 6 – Dec 31 2019,29394
,, 2020,28419
,, 2021,24656
,, 2022,23249
,, 2023,22038
,, 2024,21322
,,Jan 1 – Mar 26 2025,30546
,"Total: Total includes all data under the Louisiana bucket, including data from rows not currently displayed.",Jan 6 – Dec 31 2019,45021
,, 2020,45021
,, 2021,45021
,, 2022,45021
,, 2023,45021
,, 2024,45021
,,Jan 1 – Mar 26 2025,45021
Iowa,Less than 10 Years,Jan 6 – Dec 31 2019,2026
,, 2020,2500
,, 2021,2827
,, 2022,2845
,, 2023,2900
,, 2024,2849
,,Jan 1 – Mar 26 2025,1423
,≥ 10 and < 15 Years,Jan 6 – Dec 31 2019,942
,, 2020,1109
,, 2021,1322
,, 2022,1292
,, 2023,1382
,, 2024,1419
,,Jan 1 – Mar 26 2025,602
,≥ 15 and < 20 Years,Jan 6 – Dec 31 2019,930
,, 2020,1073
,, 2021,1274
,, 2022,1245
,, 2023,1385
,, 2024,1428
,,Jan 1 – Mar 26 2025,635
,≥ 20 and < 40 Years,Jan 6 – Dec 31 2019,3376
,, 2020,4144
,, 2021,4703
,, 2022,4421
,, 2023,4646
,, 2024,4563
,,Jan 1 – Mar 26 2025,2263
,≥ 40 and < 65 Years,Jan 6 – Dec 31 2019,4243
,, 2020,5297
,, 2021,5968
,, 2022,5889
,, 2023,6111
,, 2024,6143
,,Jan 1 – Mar 26 2025,3336
,65 Years or more,Jan 6 – Dec 31 2019,2698
,, 2020,3463
,, 2021,4041
,, 2022,4067
,, 2023,4248
,, 2024,4667
,,Jan 1 – Mar 26 2025,2678
,No value,Jan 6 – Dec 31 2019,28789
,, 2020,25403
,, 2021,22979
,, 2022,23349
,, 2023,22456
,, 2024,22135
,,Jan 1 – Mar 26 2025,31745
,"Total: Total includes all data under the Iowa bucket, including data from rows not currently displayed.",Jan 6 – Dec 31 2019,42638
,, 2020,42638
,, 2021,42638
,, 2022,42638
,, 2023,42638
,, 2024,42638
,,Jan 1 – Mar 26 2025,42638
Colorado,Less than 10 Years,Jan 6 – Dec 31 2019,2804
,, 2020,2923
,, 2021,3357
,, 2022,3516
,, 2023,3630
,, 2024,3765
,,Jan 1 – Mar 26 2025,1648
,≥ 10 and < 15 Years,Jan 6 – Dec 31 2019,1313
,, 2020,1452
,, 2021,1768
,, 2022,1640
,, 2023,1701
,, 2024,1732
,,Jan 1 – Mar 26 2025,714
,≥ 15 and < 20 Years,Jan 6 – Dec 31 2019,1210
,, 2020,1467
,, 2021,1911
,, 2022,1648
,, 2023,1762
,, 2024,1899
,,Jan 1 – Mar 26 2025,779
,≥ 20 and < 40 Years,Jan 6 – Dec 31 2019,4888
,, 2020,6302
,, 2021,7887
,, 2022,6875
,, 2023,7456
,, 2024,8140
,,Jan 1 – Mar 26 2025,3648
,≥ 40 and < 65 Years,Jan 6 – Dec 31 2019,5398
,, 2020,6543
,, 2021,8210
,, 2022,7402
,, 2023,8002
,, 2024,9328
,,Jan 1 – Mar 26 2025,4827
,65 Years or more,Jan 6 – Dec 31 2019,3040
,, 2020,3390
,, 2021,4516
,, 2022,4367
,, 2023,4747
,, 2024,6224
,,Jan 1 – Mar 26 2025,3584
,No value,Jan 6 – Dec 31 2019,50418
,, 2020,47082
,, 2021,41613
,, 2022,43804
,, 2023,41982
,, 2024,38314
,,Jan 1 – Mar 26 2025,53551
,"Total: Total includes all data under the Colorado bucket, including data from rows not currently displayed.",Jan 6 – Dec 31 2019,68699
,, 2020,68699
,, 2021,68699
,, 2022,68699
,, 2023,68699
,, 2024,68699
,,Jan 1 – Mar 26 2025,68699
New Jersey,Less than 10 Years,Jan 6 – Dec 31 2019,1173
,, 2020,1088
,, 2021,1412
,, 2022,1759
,, 2023,2128
,, 2024,2709
,,Jan 1 – Mar 26 2025,1211
,≥ 10 and < 15 Years,Jan 6 – Dec 31 2019,514
,, 2020,502
,, 2021,797
,, 2022,836
,, 2023,951
,, 2024,1170
,,Jan 1 – Mar 26 2025,501
,≥ 15 and < 20 Years,Jan 6 – Dec 31 2019,665
,, 2020,670
,, 2021,1001
,, 2022,1141
,, 2023,1254
,, 2024,1400
,,Jan 1 – Mar 26 2025,622
,≥ 20 and < 40 Years,Jan 6 – Dec 31 2019,3399
,, 2020,3729
,, 2021,5092
,, 2022,5167
,, 2023,5969
,, 2024,6766
,,Jan 1 – Mar 26 2025,3566
,≥ 40 and < 65 Years,Jan 6 – Dec 31 2019,5583
,, 2020,5831
,, 2021,7874
,, 2022,8097
,, 2023,9012
,, 2024,9831
,,Jan 1 – Mar 26 2025,6064
,65 Years or more,Jan 6 – Dec 31 2019,3710
,, 2020,3960
,, 2021,5322
,, 2022,5707
,, 2023,6670
,, 2024,7296
,,Jan 1 – Mar 26 2025,5068
,No value,Jan 6 – Dec 31 2019,44446
,, 2020,43725
,, 2021,38112
,, 2022,36955
,, 2023,33756
,, 2024,30589
,,Jan 1 – Mar 26 2025,42248
,"Total: Total includes all data under the New Jersey bucket, including data from rows not currently displayed.",Jan 6 – Dec 31 2019,59223
,, 2020,59223
,, 2021,59223
,, 2022,59223
,, 2023,59223
,, 2024,59223
,,Jan 1 – Mar 26 2025,59223
Maryland,Less than 10 Years,Jan 6 – Dec 31 2019,1282
,, 2020,1087
,, 2021,1284
,, 2022,1527
,, 2023,1516
,, 2024,1492
,,Jan 1 – Mar 26 2025,619
,≥ 10 and < 15 Years,Jan 6 – Dec 31 2019,564
,, 2020,464
,, 2021,607
,, 2022,559
,, 2023,560
,, 2024,548
,,Jan 1 – Mar 26 2025,258
,≥ 15 and < 20 Years,Jan 6 – Dec 31 2019,704
,, 2020,699
,, 2021,933
,, 2022,819
,, 2023,765
,, 2024,824
,,Jan 1 – Mar 26 2025,387
,≥ 20 and < 40 Years,Jan 6 – Dec 31 2019,3494
,, 2020,4087
,, 2021,5146
,, 2022,4542
,, 2023,4476
,, 2024,4610
,,Jan 1 – Mar 26 2025,2099
,≥ 40 and < 65 Years,Jan 6 – Dec 31 2019,5302
,, 2020,5670
,, 2021,7204
,, 2022,6223
,, 2023,6107
,, 2024,6290
,,Jan 1 – Mar 26 2025,3729
,65 Years or more,Jan 6 – Dec 31 2019,3363
,, 2020,3543
,, 2021,4376
,, 2022,4117
,, 2023,4168
,, 2024,4382
,,Jan 1 – Mar 26 2025,2933
,No value,Jan 6 – Dec 31 2019,34287
,, 2020,33491
,, 2021,29548
,, 2022,31337
,, 2023,31510
,, 2024,30984
,,Jan 1 – Mar 26 2025,38793
,"Total: Total includes all data under the Maryland bucket, including data from rows not currently displayed.",Jan 6 – Dec 31 2019,48781
,, 2020,48781
,, 2021,48781
,, 2022,48781
,, 2023,48781
,, 2024,48781
,,Jan 1 – Mar 26 2025,48781
Oregon,Less than 10 Years,Jan 6 – Dec 31 2019,1659
,, 2020,1550
,, 2021,1814
,, 2022,1988
,, 2023,1887
,, 2024,1871
,,Jan 1 – Mar 26 2025,891
,≥ 10 and < 15 Years,Jan 6 – Dec 31 2019,805
,, 2020,750
,, 2021,1049
,, 2022,1049
,, 2023,951
,, 2024,956
,,Jan 1 – Mar 26 2025,436
,≥ 15 and < 20 Years,Jan 6 – Dec 31 2019,788
,, 2020,789
,, 2021,1062
,, 2022,910
,, 2023,967
,, 2024,1045
,,Jan 1 – Mar 26 2025,466
,≥ 20 and < 40 Years,Jan 6 – Dec 31 2019,2941
,, 2020,3535
,, 2021,4430
,, 2022,3731
,, 2023,3745
,, 2024,3962
,,Jan 1 – Mar 26 2025,1992
,≥ 40 and < 65 Years,Jan 6 – Dec 31 2019,3920
,, 2020,4260
,, 2021,5384
,, 2022,4649
,, 2023,4546
,, 2024,4703
,,Jan 1 – Mar 26 2025,2741
,65 Years or more,Jan 6 – Dec 31 2019,2480
,, 2020,2689
,, 2021,3245
,, 2022,3052
,, 2023,3268
,, 2024,3396
,,Jan 1 – Mar 26 2025,2276
,No value,Jan 6 – Dec 31 2019,30155
,, 2020,29176
,, 2021,25833
,, 2022,27431
,, 2023,27490
,, 2024,26890
,,Jan 1 – Mar 26 2025,33715
,"Total: Total includes all data under the Oregon bucket, including data from rows not currently displayed.",Jan 6 – Dec 31 2019,42480
,, 2020,42480
,, 2021,42480
,, 2022,42480
,, 2023,42480
,, 2024,42480
,,Jan 1 – Mar 26 2025,42480
Mississippi,Less than 10 Years,Jan 6 – Dec 31 2019,1598
,, 2020,1510
,, 2021,1761
,, 2022,1834
,, 2023,1849
,, 2024,1876
,,Jan 1 – Mar 26 2025,947
,≥ 10 and < 15 Years,Jan 6 – Dec 31 2019,752
,, 2020,787
,, 2021,875
,, 2022,848
,, 2023,752
,, 2024,772
,,Jan 1 – Mar 26 2025,369
,≥ 15 and < 20 Years,Jan 6 – Dec 31 2019,724
,, 2020,789
,, 2021,892
,, 2022,910
,, 2023,992
,, 2024,1001
,,Jan 1 – Mar 26 2025,457
,≥ 20 and < 40 Years,Jan 6 – Dec 31 2019,2983
,, 2020,3282
,, 2021,3738
,, 2022,3661
,, 2023,3604
,, 2024,3610
,,Jan 1 – Mar 26 2025,1886
,≥ 40 and < 65 Years,Jan 6 – Dec 31 2019,4637
,, 2020,4801
,, 2021,5432
,, 2022,5553
,, 2023,5610
,, 2024,5657
,,Jan 1 – Mar 26 2025,3635
,65 Years or more,Jan 6 – Dec 31 2019,3183
,, 2020,3147
,, 2021,3610
,, 2022,3758
,, 2023,3944
,, 2024,4175
,,Jan 1 – Mar 26 2025,3030
,No value,Jan 6 – Dec 31 2019,21765
,, 2020,21371
,, 2021,19384
,, 2022,19178
,, 2023,18989
,, 2024,18676
,,Jan 1 – Mar 26 2025,25108
,"Total: Total includes all data under the Mississippi bucket, including data from rows not currently displayed.",Jan 6 – Dec 31 2019,35391
,, 2020,35391
,, 2021,35391
,, 2022,35391
,, 2023,35391
,, 2024,35391
,,Jan 1 – Mar 26 2025,35391
Washington,Less than 10 Years,Jan 6 – Dec 31 2019,1347
,, 2020,1215
,, 2021,1262
,, 2022,1495
,, 2023,1602
,, 2024,1632
,,Jan 1 – Mar 26 2025,719
,≥ 10 and < 15 Years,Jan 6 – Dec 31 2019,551
,, 2020,528
,, 2021,611
,, 2022,626
,, 2023,726
,, 2024,772
,,Jan 1 – Mar 26 2025,335
,≥ 15 and < 20 Years,Jan 6 – Dec 31 2019,673
,, 2020,716
,, 2021,760
,, 2022,788
,, 2023,815
,, 2024,882
,,Jan 1 – Mar 26 2025,374
,≥ 20 and < 40 Years,Jan 6 – Dec 31 2019,3224
,, 2020,3676
,, 2021,3917
,, 2022,3991
,, 2023,4507
,, 2024,4731
,,Jan 1 – Mar 26 2025,2262
,≥ 40 and < 65 Years,Jan 6 – Dec 31 2019,4079
,, 2020,4370
,, 2021,4503
,, 2022,4832
,, 2023,5560
,, 2024,5709
,,Jan 1 – Mar 26 2025,3196
,65 Years or more,Jan 6 – Dec 31 2019,2444
,, 2020,2608
,, 2021,2848
,, 2022,3068
,, 2023,3619
,, 2024,3796
,,Jan 1 – Mar 26 2025,2425
,No value,Jan 6 – Dec 31 2019,32293
,, 2020,31522
,, 2021,30746
,, 2022,29867
,, 2023,27890
,, 2024,27206
,,Jan 1 – Mar 26 2025,35121
,"Total: Total includes all data under the Washington bucket, including data from rows not currently displayed.",Jan 6 – Dec 31 2019,44409
,, 2020,44409
,, 2021,44409
,, 2022,44409
,, 2023,44409
,, 2024,44409
,,Jan 1 – Mar 26 2025,44409
Oklahoma,Less than 10 Years,Jan 6 – Dec 31 2019,870
,, 2020,839
,, 2021,868
,, 2022,1117
,, 2023,1626
,, 2024,1804
,,Jan 1 – Mar 26 2025,896
,≥ 10 and < 15 Years,Jan 6 – Dec 31 2019,359
,, 2020,381
,, 2021,375
,, 2022,498
,, 2023,663
,, 2024,801
,,Jan 1 – Mar 26 2025,342
,≥ 15 and < 20 Years,Jan 6 – Dec 31 2019,380
,, 2020,427
,, 2021,445
,, 2022,524
,, 2023,720
,, 2024,781
,,Jan 1 – Mar 26 2025,357
,≥ 20 and < 40 Years,Jan 6 – Dec 31 2019,1643
,, 2020,1843
,, 2021,1956
,, 2022,2186
,, 2023,2542
,, 2024,2851
,,Jan 1 – Mar 26 2025,1348
,≥ 40 and < 65 Years,Jan 6 – Dec 31 2019,2355
,, 2020,2460
,, 2021,2712
,, 2022,2880
,, 2023,3613
,, 2024,4043
,,Jan 1 – Mar 26 2025,2271
,65 Years or more,Jan 6 – Dec 31 2019,1722
,, 2020,1773
,, 2021,1893
,, 2022,1959
,, 2023,2727
,, 2024,3102
,,Jan 1 – Mar 26 2025,1953
,No value,Jan 6 – Dec 31 2019,18706
,, 2020,18333
,, 2021,17826
,, 2022,16891
,, 2023,14244
,, 2024,12805
,,Jan 1 – Mar 26 2025,18752
,"Total: Total includes all data under the Oklahoma bucket, including data from rows not currently displayed.",Jan 6 – Dec 31 2019,25897
,, 2020,25897
,, 2021,25897
,, 2022,25897
,, 2023,25897
,, 2024,25897
,,Jan 1 – Mar 26 2025,25897
Tennessee,Less than 10 Years,Jan 6 – Dec 31 2019,827
,, 2020,836
,, 2021,1043
,, 2022,1134
,, 2023,1219
,, 2024,1281
,,Jan 1 – Mar 26 2025,578
,≥ 10 and < 15 Years,Jan 6 – Dec 31 2019,341
,, 2020,345
,, 2021,432
,, 2022,454
,, 2023,443
,, 2024,487
,,Jan 1 – Mar 26 2025,216
,≥ 15 and < 20 Years,Jan 6 – Dec 31 2019,431
,, 2020,442
,, 2021,594
,, 2022,562
,, 2023,577
,, 2024,611
,,Jan 1 – Mar 26 2025,247
,≥ 20 and < 40 Years,Jan 6 – Dec 31 2019,1985
,, 2020,2418
,, 2021,2790
,, 2022,2641
,, 2023,2665
,, 2024,2864
,,Jan 1 – Mar 26 2025,1427
,≥ 40 and < 65 Years,Jan 6 – Dec 31 2019,3059
,, 2020,3446
,, 2021,3893
,, 2022,3907
,, 2023,4016
,, 2024,4337
,,Jan 1 – Mar 26 2025,2620
,65 Years or more,Jan 6 – Dec 31 2019,2074
,, 2020,2241
,, 2021,2719
,, 2022,2822
,, 2023,3011
,, 2024,3404
,,Jan 1 – Mar 26 2025,2251
,No value,Jan 6 – Dec 31 2019,21723
,, 2020,20716
,, 2021,19013
,, 2022,18996
,, 2023,18558
,, 2024,17530
,,Jan 1 – Mar 26 2025,22987
,"Total: Total includes all data under the Tennessee bucket, including data from rows not currently displayed.",Jan 6 – Dec 31 2019,30299
,, 2020,30299
,, 2021,30299
,, 2022,30299
,, 2023,30299
,, 2024,30299
,,Jan 1 – Mar 26 2025,30299
Missouri,Less than 10 Years,Jan 6 – Dec 31 2019,679
,, 2020,739
,, 2021,906
,, 2022,1064
,, 2023,1141
,, 2024,1120
,,Jan 1 – Mar 26 2025,472
,≥ 10 and < 15 Years,Jan 6 – Dec 31 2019,306
,, 2020,371
,, 2021,480
,, 2022,498
,, 2023,579
,, 2024,559
,,Jan 1 – Mar 26 2025,206
,≥ 15 and < 20 Years,Jan 6 – Dec 31 2019,427
,, 2020,443
,, 2021,503
,, 2022,564
,, 2023,705
,, 2024,702
,,Jan 1 – Mar 26 2025,264
,≥ 20 and < 40 Years,Jan 6 – Dec 31 2019,1861
,, 2020,2201
,, 2021,2507
,, 2022,2439
,, 2023,3053
,, 2024,2814
,,Jan 1 – Mar 26 2025,1398
,≥ 40 and < 65 Years,Jan 6 – Dec 31 2019,2804
,, 2020,3032
,, 2021,3316
,, 2022,3345
,, 2023,3808
,, 2024,3604
,,Jan 1 – Mar 26 2025,2076
,65 Years or more,Jan 6 – Dec 31 2019,1992
,, 2020,2099
,, 2021,2429
,, 2022,2464
,, 2023,2686
,, 2024,2621
,,Jan 1 – Mar 26 2025,1797
,No value,Jan 6 – Dec 31 2019,18215
,, 2020,17418
,, 2021,16192
,, 2022,15998
,, 2023,14390
,, 2024,14965
,,Jan 1 – Mar 26 2025,19954
,"Total: Total includes all data under the Missouri bucket, including data from rows not currently displayed.",Jan 6 – Dec 31 2019,26139
,, 2020,26139
,, 2021,26139
,, 2022,26139
,, 2023,26139
,, 2024,26139
,,Jan 1 – Mar 26 2025,26139
Arizona,Less than 10 Years,Jan 6 – Dec 31 2019,585
,, 2020,863
,, 2021,1008
,, 2022,1080
,, 2023,1146
,, 2024,1297
,,Jan 1 – Mar 26 2025,597
,≥ 10 and < 15 Years,Jan 6 – Dec 31 2019,203
,, 2020,479
,, 2021,573
,, 2022,586
,, 2023,615
,, 2024,719
,,Jan 1 – Mar 26 2025,339
,≥ 15 and < 20 Years,Jan 6 – Dec 31 2019,292
,, 2020,481
,, 2021,582
,, 2022,615
,, 2023,734
,, 2024,898
,,Jan 1 – Mar 26 2025,370
,≥ 20 and < 40 Years,Jan 6 – Dec 31 2019,1634
,, 2020,2328
,, 2021,2714
,, 2022,2729
,, 2023,3327
,, 2024,4154
,,Jan 1 – Mar 26 2025,1695
,≥ 40 and < 65 Years,Jan 6 – Dec 31 2019,2617
,, 2020,3308
,, 2021,3890
,, 2022,3797
,, 2023,4320
,, 2024,4928
,,Jan 1 – Mar 26 2025,2472
,65 Years or more,Jan 6 – Dec 31 2019,1967
,, 2020,2294
,, 2021,2940
,, 2022,2947
,, 2023,3388
,, 2024,3697
,,Jan 1 – Mar 26 2025,2232
,No value,Jan 6 – Dec 31 2019,34764
,, 2020,32339
,, 2021,30478
,, 2022,30395
,, 2023,28670
,, 2024,26565
,,Jan 1 – Mar 26 2025,34278
,"Total: Total includes all data under the Arizona bucket, including data from rows not currently displayed.",Jan 6 – Dec 31 2019,41961
,, 2020,41961
,, 2021,41961
,, 2022,41961
,, 2023,41961
,, 2024,41961
,,Jan 1 – Mar 26 2025,41961
Arkansas,Less than 10 Years,Jan 6 – Dec 31 2019,1315
,, 2020,1244
,, 2021,1439
,, 2022,1591
,, 2023,1662
,, 2024,1716
,,Jan 1 – Mar 26 2025,841
,≥ 10 and < 15 Years,Jan 6 – Dec 31 2019,538
,, 2020,492
,, 2021,679
,, 2022,652
,, 2023,661
,, 2024,659
,,Jan 1 – Mar 26 2025,301
,≥ 15 and < 20 Years,Jan 6 – Dec 31 2019,521
,, 2020,589
,, 2021,750
,, 2022,705
,, 2023,666
,, 2024,705
,,Jan 1 – Mar 26 2025,308
,≥ 20 and < 40 Years,Jan 6 – Dec 31 2019,1715
,, 2020,2038
,, 2021,2421
,, 2022,2186
,, 2023,2059
,, 2024,2165
,,Jan 1 – Mar 26 2025,1050
,≥ 40 and < 65 Years,Jan 6 – Dec 31 2019,2642
,, 2020,2886
,, 2021,3313
,, 2022,3099
,, 2023,3107
,, 2024,3149
,,Jan 1 – Mar 26 2025,1806
,65 Years or more,Jan 6 – Dec 31 2019,1782
,, 2020,1861
,, 2021,2161
,, 2022,2100
,, 2023,2223
,, 2024,2378
,,Jan 1 – Mar 26 2025,1528
,No value,Jan 6 – Dec 31 2019,18023
,, 2020,17471
,, 2021,15840
,, 2022,16284
,, 2023,16229
,, 2024,15843
,,Jan 1 – Mar 26 2025,20575
,"Total: Total includes all data under the Arkansas bucket, including data from rows not currently displayed.",Jan 6 – Dec 31 2019,26384
,, 2020,26384
,, 2021,26384
,, 2022,26384
,, 2023,26384
,, 2024,26384
,,Jan 1 – Mar 26 2025,26384
Nevada,Less than 10 Years,Jan 6 – Dec 31 2019,778
,, 2020,841
,, 2021,833
,, 2022,915
,, 2023,933
,, 2024,932
,,Jan 1 – Mar 26 2025,414
,≥ 10 and < 15 Years,Jan 6 – Dec 31 2019,321
,, 2020,433
,, 2021,468
,, 2022,455
,, 2023,448
,, 2024,461
,,Jan 1 – Mar 26 2025,188
,≥ 15 and < 20 Years,Jan 6 – Dec 31 2019,372
,, 2020,582
,, 2021,629
,, 2022,505
,, 2023,518
,, 2024,550
,,Jan 1 – Mar 26 2025,202
,≥ 20 and < 40 Years,Jan 6 – Dec 31 2019,1848
,, 2020,3328
,, 2021,3179
,, 2022,2454
,, 2023,2443
,, 2024,2482
,,Jan 1 – Mar 26 2025,1050
,≥ 40 and < 65 Years,Jan 6 – Dec 31 2019,2120
,, 2020,3430
,, 2021,3487
,, 2022,2904
,, 2023,2897
,, 2024,3100
,,Jan 1 – Mar 26 2025,1610
,65 Years or more,Jan 6 – Dec 31 2019,1251
,, 2020,1557
,, 2021,3169
,, 2022,1723
,, 2023,1769
,, 2024,1849
,,Jan 1 – Mar 26 2025,1053
,No value,Jan 6 – Dec 31 2019,21740
,, 2020,18281
,, 2021,16717
,, 2022,19540
,, 2023,19487
,, 2024,19125
,,Jan 1 – Mar 26 2025,23831
,"Total: Total includes all data under the Nevada bucket, including data from rows not currently displayed.",Jan 6 – Dec 31 2019,28341
,, 2020,28341
,, 2021,28341
,, 2022,28341
,, 2023,28341
,, 2024,28341
,,Jan 1 – Mar 26 2025,28341
Kansas,Less than 10 Years,Jan 6 – Dec 31 2019,580
,, 2020,599
,, 2021,609
,, 2022,630
,, 2023,830
,, 2024,729
,,Jan 1 – Mar 26 2025,349
,≥ 10 and < 15 Years,Jan 6 – Dec 31 2019,287
,, 2020,267
,, 2021,324
,, 2022,307
,, 2023,435
,, 2024,391
,,Jan 1 – Mar 26 2025,131
,≥ 15 and < 20 Years,Jan 6 – Dec 31 2019,392
,, 2020,388
,, 2021,438
,, 2022,410
,, 2023,509
,, 2024,499
,,Jan 1 – Mar 26 2025,226
,≥ 20 and < 40 Years,Jan 6 – Dec 31 2019,1636
,, 2020,1806
,, 2021,2037
,, 2022,1817
,, 2023,2477
,, 2024,2197
,,Jan 1 – Mar 26 2025,1153
,≥ 40 and < 65 Years,Jan 6 – Dec 31 2019,2375
,, 2020,2528
,, 2021,2770
,, 2022,2519
,, 2023,3216
,, 2024,3043
,,Jan 1 – Mar 26 2025,1860
,65 Years or more,Jan 6 – Dec 31 2019,1764
,, 2020,1864
,, 2021,2167
,, 2022,1974
,, 2023,2391
,, 2024,2363
,,Jan 1 – Mar 26 2025,1749
,No value,Jan 6 – Dec 31 2019,15785
,, 2020,15382
,, 2021,14509
,, 2022,15184
,, 2023,13016
,, 2024,13669
,,Jan 1 – Mar 26 2025,17228
,"Total: Total includes all data under the Kansas bucket, including data from rows not currently displayed.",Jan 6 – Dec 31 2019,22677
,, 2020,22677
,, 2021,22677
,, 2022,22677
,, 2023,22677
,, 2024,22677
,,Jan 1 – Mar 26 2025,22677
Idaho,Less than 10 Years,Jan 6 – Dec 31 2019,991
,, 2020,1061
,, 2021,1067
,, 2022,1156
,, 2023,1119
,, 2024,1156
,,Jan 1 – Mar 26 2025,591
,≥ 10 and < 15 Years,Jan 6 – Dec 31 2019,415
,, 2020,471
,, 2021,512
,, 2022,522
,, 2023,544
,, 2024,578
,,Jan 1 – Mar 26 2025,259
,≥ 15 and < 20 Years,Jan 6 – Dec 31 2019,425
,, 2020,545
,, 2021,537
,, 2022,550
,, 2023,594
,, 2024,585
,,Jan 1 – Mar 26 2025,280
,≥ 20 and < 40 Years,Jan 6 – Dec 31 2019,1533
,, 2020,1912
,, 2021,2069
,, 2022,2092
,, 2023,2117
,, 2024,2173
,,Jan 1 – Mar 26 2025,1148
,≥ 40 and < 65 Years,Jan 6 – Dec 31 2019,2318
,, 2020,2538
,, 2021,2762
,, 2022,2775
,, 2023,2818
,, 2024,2796
,,Jan 1 – Mar 26 2025,1741
,65 Years or more,Jan 6 – Dec 31 2019,1554
,, 2020,1702
,, 2021,1884
,, 2022,2014
,, 2023,2025
,, 2024,2145
,,Jan 1 – Mar 26 2025,1545
,No value,Jan 6 – Dec 31 2019,11126
,, 2020,10147
,, 2021,9581
,, 2022,9325
,, 2023,9185
,, 2024,9003
,,Jan 1 – Mar 26 2025,12656
,"Total: Total includes all data under the Idaho bucket, including data from rows not currently displayed.",Jan 6 – Dec 31 2019,18206
,, 2020,18206
,, 2021,18206
,, 2022,18206
,, 2023,18206
,, 2024,18206
,,Jan 1 – Mar 26 2025,18206
West Virginia,Less than 10 Years,Jan 6 – Dec 31 2019,641
,, 2020,688
,, 2021,775
,, 2022,859
,, 2023,955
,, 2024,1120
,,Jan 1 – Mar 26 2025,653
,≥ 10 and < 15 Years,Jan 6 – Dec 31 2019,340
,, 2020,365
,, 2021,408
,, 2022,417
,, 2023,472
,, 2024,526
,,Jan 1 – Mar 26 2025,266
,≥ 15 and < 20 Years,Jan 6 – Dec 31 2019,357
,, 2020,389
,, 2021,464
,, 2022,484
,, 2023,542
,, 2024,593
,,Jan 1 – Mar 26 2025,289
,≥ 20 and < 40 Years,Jan 6 – Dec 31 2019,1288
,, 2020,1547
,, 2021,1738
,, 2022,1676
,, 2023,1827
,, 2024,2052
,,Jan 1 – Mar 26 2025,1170
,≥ 40 and < 65 Years,Jan 6 – Dec 31 2019,2196
,, 2020,2402
,, 2021,2645
,, 2022,2565
,, 2023,2984
,, 2024,3323
,,Jan 1 – Mar 26 2025,2142
,65 Years or more,Jan 6 – Dec 31 2019,1425
,, 2020,1588
,, 2021,1856
,, 2022,1868
,, 2023,2305
,, 2024,2591
,,Jan 1 – Mar 26 2025,1924
,No value,Jan 6 – Dec 31 2019,12616
,, 2020,11889
,, 2021,11003
,, 2022,11042
,, 2023,9870
,, 2024,8769
,,Jan 1 – Mar 26 2025,12285
,"Total: Total includes all data under the West Virginia bucket, including data from rows not currently displayed.",Jan 6 – Dec 31 2019,18712
,, 2020,18712
,, 2021,18712
,, 2022,18712
,, 2023,18712
,, 2024,18712
,,Jan 1 – Mar 26 2025,18712
North Dakota,Less than 10 Years,Jan 6 – Dec 31 2019,737
,, 2020,718
,, 2021,727
,, 2022,751
,, 2023,791
,, 2024,849
,,Jan 1 – Mar 26 2025,535
,≥ 10 and < 15 Years,Jan 6 – Dec 31 2019,327
,, 2020,322
,, 2021,354
,, 2022,342
,, 2023,339
,, 2024,410
,,Jan 1 – Mar 26 2025,253
,≥ 15 and < 20 Years,Jan 6 – Dec 31 2019,327
,, 2020,325
,, 2021,345
,, 2022,370
,, 2023,337
,, 2024,388
,,Jan 1 – Mar 26 2025,208
,≥ 20 and < 40 Years,Jan 6 – Dec 31 2019,1335
,, 2020,1465
,, 2021,1497
,, 2022,1480
,, 2023,1506
,, 2024,1599
,,Jan 1 – Mar 26 2025,1033
,≥ 40 and < 65 Years,Jan 6 – Dec 31 2019,1366
,, 2020,1413
,, 2021,1502
,, 2022,1539
,, 2023,1564
,, 2024,1745
,,Jan 1 – Mar 26 2025,1236
,65 Years or more,Jan 6 – Dec 31 2019,872
,, 2020,923
,, 2021,1008
,, 2022,1059
,, 2023,1033
,, 2024,1155
,,Jan 1 – Mar 26 2025,929
,No value,Jan 6 – Dec 31 2019,5066
,, 2020,4907
,, 2021,4678
,, 2022,4543
,, 2023,4481
,, 2024,3977
,,Jan 1 – Mar 26 2025,5749
,"Total: Total includes all data under the North Dakota bucket, including data from rows not currently displayed.",Jan 6 – Dec 31 2019,9924
,, 2020,9924
,, 2021,9924
,, 2022,9924
,, 2023,9924
,, 2024,9924
,,Jan 1 – Mar 26 2025,9924
Maine,Less than 10 Years,Jan 6 – Dec 31 2019,607
,, 2020,561
,, 2021,616
,, 2022,682
,, 2023,613
,, 2024,633
,,Jan 1 – Mar 26 2025,337
,≥ 10 and < 15 Years,Jan 6 – Dec 31 2019,331
,, 2020,331
,, 2021,386
,, 2022,364
,, 2023,328
,, 2024,351
,,Jan 1 – Mar 26 2025,188
,≥ 15 and < 20 Years,Jan 6 – Dec 31 2019,353
,, 2020,340
,, 2021,399
,, 2022,438
,, 2023,385
,, 2024,385
,,Jan 1 – Mar 26 2025,213
,≥ 20 and < 40 Years,Jan 6 – Dec 31 2019,1309
,, 2020,1366
,, 2021,1634
,, 2022,1660
,, 2023,1541
,, 2024,1646
,,Jan 1 – Mar 26 2025,867
,≥ 40 and < 65 Years,Jan 6 – Dec 31 2019,2278
,, 2020,2194
,, 2021,2526
,, 2022,2492
,, 2023,2305
,, 2024,2445
,,Jan 1 – Mar 26 2025,1562
,65 Years or more,Jan 6 – Dec 31 2019,1748
,, 2020,1770
,, 2021,2051
,, 2022,2093
,, 2023,2021
,, 2024,2171
,,Jan 1 – Mar 26 2025,1550
,No value,Jan 6 – Dec 31 2019,8417
,, 2020,8487
,, 2021,7493
,, 2022,7370
,, 2023,7883
,, 2024,7456
,,Jan 1 – Mar 26 2025,10190
,"Total: Total includes all data under the Maine bucket, including data from rows not currently displayed.",Jan 6 – Dec 31 2019,14890
,, 2020,14890
,, 2021,14890
,, 2022,14890
,, 2023,14890
,, 2024,14890
,,Jan 1 – Mar 26 2025,14890
Nebraska,Less than 10 Years,Jan 6 – Dec 31 2019,531
,, 2020,475
,, 2021,538
,, 2022,543
,, 2023,587
,, 2024,604
,,Jan 1 – Mar 26 2025,260
,≥ 10 and < 15 Years,Jan 6 – Dec 31 2019,208
,, 2020,215
,, 2021,265
,, 2022,266
,, 2023,266
,, 2024,285
,,Jan 1 – Mar 26 2025,118
,≥ 15 and < 20 Years,Jan 6 – Dec 31 2019,338
,, 2020,338
,, 2021,369
,, 2022,384
,, 2023,403
,, 2024,416
,,Jan 1 – Mar 26 2025,181
,≥ 20 and < 40 Years,Jan 6 – Dec 31 2019,1369
,, 2020,1496
,, 2021,1703
,, 2022,1773
,, 2023,1818
,, 2024,2122
,,Jan 1 – Mar 26 2025,1349
,≥ 40 and < 65 Years,Jan 6 – Dec 31 2019,1831
,, 2020,1886
,, 2021,2128
,, 2022,2167
,, 2023,2238
,, 2024,2606
,,Jan 1 – Mar 26 2025,1665
,65 Years or more,Jan 6 – Dec 31 2019,1355
,, 2020,1397
,, 2021,1555
,, 2022,1662
,, 2023,1760
,, 2024,2050
,,Jan 1 – Mar 26 2025,1464
,No value,Jan 6 – Dec 31 2019,11270
,, 2020,11107
,, 2021,10388
,, 2022,10155
,, 2023,9872
,, 2024,8913
,,Jan 1 – Mar 26 2025,11793
,"Total: Total includes all data under the Nebraska bucket, including data from rows not currently displayed.",Jan 6 – Dec 31 2019,16812
,, 2020,16812
,, 2021,16812
,, 2022,16812
,, 2023,16812
,, 2024,16812
,,Jan 1 – Mar 26 2025,16812
Alabama,Less than 10 Years,Jan 6 – Dec 31 2019,358
,, 2020,356
,, 2021,417
,, 2022,446
,, 2023,481
,, 2024,463
,,Jan 1 – Mar 26 2025,181
,≥ 10 and < 15 Years,Jan 6 – Dec 31 2019,137
,, 2020,161
,, 2021,219
,, 2022,202
,, 2023,205
,, 2024,212
,,Jan 1 – Mar 26 2025,74
,≥ 15 and < 20 Years,Jan 6 – Dec 31 2019,172
,, 2020,178
,, 2021,239
,, 2022,233
,, 2023,239
,, 2024,226
,,Jan 1 – Mar 26 2025,89
,≥ 20 and < 40 Years,Jan 6 – Dec 31 2019,887
,, 2020,986
,, 2021,1242
,, 2022,1253
,, 2023,1237
,, 2024,1214
,,Jan 1 – Mar 26 2025,473
,≥ 40 and < 65 Years,Jan 6 – Dec 31 2019,1782
,, 2020,1883
,, 2021,2213
,, 2022,2157
,, 2023,2139
,, 2024,2148
,,Jan 1 – Mar 26 2025,1148
,65 Years or more,Jan 6 – Dec 31 2019,1209
,, 2020,1267
,, 2021,1572
,, 2022,1557
,, 2023,1649
,, 2024,1726
,,Jan 1 – Mar 26 2025,1082
,No value,Jan 6 – Dec 31 2019,10795
,, 2020,10509
,, 2021,9448
,, 2022,9534
,, 2023,9419
,, 2024,9397
,,Jan 1 – Mar 26 2025,12231
,"Total: Total includes all data under the Alabama bucket, including data from rows not currently displayed.",Jan 6 – Dec 31 2019,15269
,, 2020,15269
,, 2021,15269
,, 2022,15269
,, 2023,15269
,, 2024,15269
,,Jan 1 – Mar 26 2025,15269
New Hampshire,Less than 10 Years,Jan 6 – Dec 31 2019,584
,, 2020,548
,, 2021,577
,, 2022,561
,, 2023,595
,, 2024,602
,,Jan 1 – Mar 26 2025,325
,≥ 10 and < 15 Years,Jan 6 – Dec 31 2019,303
,, 2020,288
,, 2021,292
,, 2022,292
,, 2023,285
,, 2024,310
,,Jan 1 – Mar 26 2025,139
,≥ 15 and < 20 Years,Jan 6 – Dec 31 2019,333
,, 2020,356
,, 2021,345
,, 2022,345
,, 2023,340
,, 2024,337
,,Jan 1 – Mar 26 2025,167
,≥ 20 and < 40 Years,Jan 6 – Dec 31 2019,1162
,, 2020,1251
,, 2021,1280
,, 2022,1307
,, 2023,1301
,, 2024,1204
,,Jan 1 – Mar 26 2025,658
,≥ 40 and < 65 Years,Jan 6 – Dec 31 2019,1968
,, 2020,2025
,, 2021,2106
,, 2022,2053
,, 2023,1986
,, 2024,1912
,,Jan 1 – Mar 26 2025,1245
,65 Years or more,Jan 6 – Dec 31 2019,1262
,, 2020,1481
,, 2021,1439
,, 2022,1499
,, 2023,1560
,, 2024,1585
,,Jan 1 – Mar 26 2025,1108
,No value,Jan 6 – Dec 31 2019,8287
,, 2020,7942
,, 2021,7848
,, 2022,7855
,, 2023,7822
,, 2024,7942
,,Jan 1 – Mar 26 2025,10118
,"Total: Total includes all data under the New Hampshire bucket, including data from rows not currently displayed.",Jan 6 – Dec 31 2019,13742
,, 2020,13742
,, 2021,13742
,, 2022,13742
,, 2023,13742
,, 2024,13742
,,Jan 1 – Mar 26 2025,13742
Delaware,Less than 10 Years,Jan 6 – Dec 31 2019,704
,, 2020,658
,, 2021,731
,, 2022,796
,, 2023,822
,, 2024,865
,,Jan 1 – Mar 26 2025,474
,≥ 10 and < 15 Years,Jan 6 – Dec 31 2019,322
,, 2020,322
,, 2021,357
,, 2022,366
,, 2023,357
,, 2024,327
,,Jan 1 – Mar 26 2025,171
,≥ 15 and < 20 Years,Jan 6 – Dec 31 2019,313
,, 2020,338
,, 2021,368
,, 2022,352
,, 2023,376
,, 2024,356
,,Jan 1 – Mar 26 2025,193
,≥ 20 and < 40 Years,Jan 6 – Dec 31 2019,649
,, 2020,752
,, 2021,874
,, 2022,904
,, 2023,938
,, 2024,999
,,Jan 1 – Mar 26 2025,458
,≥ 40 and < 65 Years,Jan 6 – Dec 31 2019,999
,, 2020,1146
,, 2021,1359
,, 2022,1198
,, 2023,1178
,, 2024,1236
,,Jan 1 – Mar 26 2025,734
,65 Years or more,Jan 6 – Dec 31 2019,743
,, 2020,856
,, 2021,1033
,, 2022,1014
,, 2023,1066
,, 2024,1152
,,Jan 1 – Mar 26 2025,814
,No value,Jan 6 – Dec 31 2019,7499
,, 2020,7139
,, 2021,6541
,, 2022,6629
,, 2023,6535
,, 2024,6343
,,Jan 1 – Mar 26 2025,8306
,"Total: Total includes all data under the Delaware bucket, including data from rows not currently displayed.",Jan 6 – Dec 31 2019,11141
,, 2020,11141
,, 2021,11141
,, 2022,11141
,, 2023,11141
,, 2024,11141
,,Jan 1 – Mar 26 2025,11141
South Dakota,Less than 10 Years,Jan 6 – Dec 31 2019,535
,, 2020,504
,, 2021,564
,, 2022,543
,, 2023,591
,, 2024,575
,,Jan 1 – Mar 26 2025,338
,≥ 10 and < 15 Years,Jan 6 – Dec 31 2019,253
,, 2020,276
,, 2021,293
,, 2022,292
,, 2023,277
,, 2024,291
,,Jan 1 – Mar 26 2025,144
,≥ 15 and < 20 Years,Jan 6 – Dec 31 2019,231
,, 2020,256
,, 2021,293
,, 2022,302
,, 2023,315
,, 2024,297
,,Jan 1 – Mar 26 2025,155
,≥ 20 and < 40 Years,Jan 6 – Dec 31 2019,902
,, 2020,1074
,, 2021,1182
,, 2022,1081
,, 2023,1017
,, 2024,1063
,,Jan 1 – Mar 26 2025,628
,≥ 40 and < 65 Years,Jan 6 – Dec 31 2019,1152
,, 2020,1257
,, 2021,1362
,, 2022,1273
,, 2023,1260
,, 2024,1294
,,Jan 1 – Mar 26 2025,846
,65 Years or more,Jan 6 – Dec 31 2019,723
,, 2020,812
,, 2021,936
,, 2022,910
,, 2023,946
,, 2024,951
,,Jan 1 – Mar 26 2025,660
,No value,Jan 6 – Dec 31 2019,5233
,, 2020,4887
,, 2021,4431
,, 2022,4645
,, 2023,4655
,, 2024,4584
,,Jan 1 – Mar 26 2025,6185
,"Total: Total includes all data under the South Dakota bucket, including data from rows not currently displayed.",Jan 6 – Dec 31 2019,8946
,, 2020,8946
,, 2021,8946
,, 2022,8946
,, 2023,8946
,, 2024,8946
,,Jan 1 – Mar 26 2025,8946
Hawaii,Less than 10 Years,Jan 6 – Dec 31 2019,518
,, 2020,448
,, 2021,564
,, 2022,629
,, 2023,570
,, 2024,573
,,Jan 1 – Mar 26 2025,220
,≥ 10 and < 15 Years,Jan 6 – Dec 31 2019,195
,, 2020,173
,, 2021,259
,, 2022,257
,, 2023,244
,, 2024,275
,,Jan 1 – Mar 26 2025,93
,≥ 15 and < 20 Years,Jan 6 – Dec 31 2019,204
,, 2020,189
,, 2021,263
,, 2022,268
,, 2023,238
,, 2024,226
,,Jan 1 – Mar 26 2025,96
,≥ 20 and < 40 Years,Jan 6 – Dec 31 2019,697
,, 2020,719
,, 2021,992
,, 2022,903
,, 2023,835
,, 2024,872
,,Jan 1 – Mar 26 2025,366
,≥ 40 and < 65 Years,Jan 6 – Dec 31 2019,1177
,, 2020,1177
,, 2021,1432
,, 2022,1279
,, 2023,1286
,, 2024,1396
,,Jan 1 – Mar 26 2025,651
,65 Years or more,Jan 6 – Dec 31 2019,801
,, 2020,819
,, 2021,1100
,, 2022,1015
,, 2023,1041
,, 2024,1102
,,Jan 1 – Mar 26 2025,683
,No value,Jan 6 – Dec 31 2019,10372
,, 2020,10447
,, 2021,9381
,, 2022,9630
,, 2023,9778
,, 2024,9550
,,Jan 1 – Mar 26 2025,11816
,"Total: Total includes all data under the Hawaii bucket, including data from rows not currently displayed.",Jan 6 – Dec 31 2019,13910
,, 2020,13910
,, 2021,13910
,, 2022,13910
,, 2023,13910
,, 2024,13910
,,Jan 1 – Mar 26 2025,13910
Vermont,Less than 10 Years,Jan 6 – Dec 31 2019,242
,, 2020,337
,, 2021,419
,, 2022,378
,, 2023,348
,, 2024,351
,,Jan 1 – Mar 26 2025,175
,≥ 10 and < 15 Years,Jan 6 – Dec 31 2019,126
,, 2020,158
,, 2021,189
,, 2022,158
,, 2023,147
,, 2024,185
,,Jan 1 – Mar 26 2025,84
,≥ 15 and < 20 Years,Jan 6 – Dec 31 2019,148
,, 2020,203
,, 2021,246
,, 2022,209
,, 2023,196
,, 2024,221
,,Jan 1 – Mar 26 2025,102
,≥ 20 and < 40 Years,Jan 6 – Dec 31 2019,568
,, 2020,906
,, 2021,933
,, 2022,860
,, 2023,892
,, 2024,961
,,Jan 1 – Mar 26 2025,472
,≥ 40 and < 65 Years,Jan 6 – Dec 31 2019,1111
,, 2020,1457
,, 2021,1487
,, 2022,1424
,, 2023,1448
,, 2024,1478
,,Jan 1 – Mar 26 2025,884
,65 Years or more,Jan 6 – Dec 31 2019,862
,, 2020,1040
,, 2021,1058
,, 2022,1079
,, 2023,1172
,, 2024,1240
,,Jan 1 – Mar 26 2025,855
,No value,Jan 6 – Dec 31 2019,5327
,, 2020,4313
,, 2021,4092
,, 2022,4301
,, 2023,4216
,, 2024,4005
,,Jan 1 – Mar 26 2025,5753
,"Total: Total includes all data under the Vermont bucket, including data from rows not currently displayed.",Jan 6 – Dec 31 2019,8321
,, 2020,8321
,, 2021,8321
,, 2022,8321
,, 2023,8321
,, 2024,8321
,,Jan 1 – Mar 26 2025,8321
Utah,Less than 10 Years,Jan 6 – Dec 31 2019,780
,, 2020,846
,, 2021,859
,, 2022,859
,, 2023,911
,, 2024,878
,,Jan 1 – Mar 26 2025,384
,≥ 10 and < 15 Years,Jan 6 – Dec 31 2019,354
,, 2020,440
,, 2021,471
,, 2022,418
,, 2023,433
,, 2024,456
,,Jan 1 – Mar 26 2025,216
,≥ 15 and < 20 Years,Jan 6 – Dec 31 2019,375
,, 2020,469
,, 2021,542
,, 2022,431
,, 2023,485
,, 2024,507
,,Jan 1 – Mar 26 2025,194
,≥ 20 and < 40 Years,Jan 6 – Dec 31 2019,1377
,, 2020,1997
,, 2021,2542
,, 2022,1709
,, 2023,1844
,, 2024,1928
,,Jan 1 – Mar 26 2025,928
,≥ 40 and < 65 Years,Jan 6 – Dec 31 2019,1592
,, 2020,1917
,, 2021,2270
,, 2022,1763
,, 2023,1898
,, 2024,1942
,,Jan 1 – Mar 26 2025,1153
,65 Years or more,Jan 6 – Dec 31 2019,890
,, 2020,910
,, 2021,1080
,, 2022,1000
,, 2023,1101
,, 2024,1136
,,Jan 1 – Mar 26 2025,704
,No value,Jan 6 – Dec 31 2019,17403
,, 2020,16212
,, 2021,15084
,, 2022,16614
,, 2023,16148
,, 2024,15976
,,Jan 1 – Mar 26 2025,19106
,"Total: Total includes all data under the Utah bucket, including data from rows not currently displayed.",Jan 6 – Dec 31 2019,22675
,, 2020,22675
,, 2021,22675
,, 2022,22675
,, 2023,22675
,, 2024,22675
,,Jan 1 – Mar 26 2025,22675
New Mexico,Less than 10 Years,Jan 6 – Dec 31 2019,161
,, 2020,138
,, 2021,146
,, 2022,231
,, 2023,217
,, 2024,205
,,Jan 1 – Mar 26 2025,74
,≥ 10 and < 15 Years,Jan 6 – Dec 31 2019,61
,, 2020,60
,, 2021,57
,, 2022,100
,, 2023,84
,, 2024,93
,,Jan 1 – Mar 26 2025,29
,≥ 15 and < 20 Years,Jan 6 – Dec 31 2019,94
,, 2020,103
,, 2021,82
,, 2022,105
,, 2023,121
,, 2024,115
,,Jan 1 – Mar 26 2025,34
,≥ 20 and < 40 Years,Jan 6 – Dec 31 2019,483
,, 2020,591
,, 2021,633
,, 2022,686
,, 2023,658
,, 2024,651
,,Jan 1 – Mar 26 2025,267
,≥ 40 and < 65 Years,Jan 6 – Dec 31 2019,719
,, 2020,853
,, 2021,835
,, 2022,1023
,, 2023,988
,, 2024,1036
,,Jan 1 – Mar 26 2025,489
,65 Years or more,Jan 6 – Dec 31 2019,598
,, 2020,633
,, 2021,736
,, 2022,831
,, 2023,846
,, 2024,902
,,Jan 1 – Mar 26 2025,501
,No value,Jan 6 – Dec 31 2019,6562
,, 2020,6298
,, 2021,6200
,, 2022,5709
,, 2023,5781
,, 2024,5690
,,Jan 1 – Mar 26 2025,7258
,"Total: Total includes all data under the New Mexico bucket, including data from rows not currently displayed.",Jan 6 – Dec 31 2019,8648
,, 2020,8648
,, 2021,8648
,, 2022,8648
,, 2023,8648
,, 2024,8648
,,Jan 1 – Mar 26 2025,8648
Rhode Island,Less than 10 Years,Jan 6 – Dec 31 2019,43
,, 2020,35
,, 2021,35
,, 2022,186
,, 2023,178
,, 2024,204
,,Jan 1 – Mar 26 2025,127
,≥ 10 and < 15 Years,Jan 6 – Dec 31 2019,27
,, 2020,19
,, 2021,26
,, 2022,74
,, 2023,88
,, 2024,100
,,Jan 1 – Mar 26 2025,60
,≥ 15 and < 20 Years,Jan 6 – Dec 31 2019,45
,, 2020,32
,, 2021,39
,, 2022,93
,, 2023,120
,, 2024,122
,,Jan 1 – Mar 26 2025,59
,≥ 20 and < 40 Years,Jan 6 – Dec 31 2019,261
,, 2020,263
,, 2021,306
,, 2022,480
,, 2023,518
,, 2024,524
,,Jan 1 – Mar 26 2025,268
,≥ 40 and < 65 Years,Jan 6 – Dec 31 2019,411
,, 2020,372
,, 2021,403
,, 2022,532
,, 2023,555
,, 2024,590
,,Jan 1 – Mar 26 2025,343
,65 Years or more,Jan 6 – Dec 31 2019,256
,, 2020,233
,, 2021,324
,, 2022,346
,, 2023,360
,, 2024,402
,,Jan 1 – Mar 26 2025,259
,No value,Jan 6 – Dec 31 2019,3082
,, 2020,3164
,, 2021,2997
,, 2022,2421
,, 2023,2333
,, 2024,2211
,,Jan 1 – Mar 26 2025,2992
,"Total: Total includes all data under the Rhode Island bucket, including data from rows not currently displayed.",Jan 6 – Dec 31 2019,4105
,, 2020,4105
,, 2021,4105
,, 2022,4105
,, 2023,4105
,, 2024,4105
,,Jan 1 – Mar 26 2025,4105
Montana,Less than 10 Years,Jan 6 – Dec 31 2019,227
,, 2020,215
,, 2021,257
,, 2022,302
,, 2023,368
,, 2024,414
,,Jan 1 – Mar 26 2025,142
,≥ 10 and < 15 Years,Jan 6 – Dec 31 2019,91
,, 2020,100
,, 2021,117
,, 2022,132
,, 2023,162
,, 2024,181
,,Jan 1 – Mar 26 2025,46
,≥ 15 and < 20 Years,Jan 6 – Dec 31 2019,105
,, 2020,90
,, 2021,146
,, 2022,154
,, 2023,192
,, 2024,221
,,Jan 1 – Mar 26 2025,63
,≥ 20 and < 40 Years,Jan 6 – Dec 31 2019,451
,, 2020,519
,, 2021,733
,, 2022,813
,, 2023,1045
,, 2024,1003
,,Jan 1 – Mar 26 2025,372
,≥ 40 and < 65 Years,Jan 6 – Dec 31 2019,532
,, 2020,592
,, 2021,758
,, 2022,862
,, 2023,1024
,, 2024,1130
,,Jan 1 – Mar 26 2025,499
,65 Years or more,Jan 6 – Dec 31 2019,331
,, 2020,354
,, 2021,459
,, 2022,534
,, 2023,719
,, 2024,805
,,Jan 1 – Mar 26 2025,403
,No value,Jan 6 – Dec 31 2019,6044
,, 2020,5912
,, 2021,5329
,, 2022,5004
,, 2023,4308
,, 2024,4090
,,Jan 1 – Mar 26 2025,6230
,"Total: Total includes all data under the Montana bucket, including data from rows not currently displayed.",Jan 6 – Dec 31 2019,7750
,, 2020,7750
,, 2021,7750
,, 2022,7750
,, 2023,7750
,, 2024,7750
,,Jan 1 – Mar 26 2025,7750
Wyoming,Less than 10 Years,Jan 6 – Dec 31 2019,186
,, 2020,174
,, 2021,189
,, 2022,205
,, 2023,202
,, 2024,199
,,Jan 1 – Mar 26 2025,78
,≥ 10 and < 15 Years,Jan 6 – Dec 31 2019,81
,, 2020,71
,, 2021,61
,, 2022,93
,, 2023,89
,, 2024,86
,,Jan 1 – Mar 26 2025,36
,≥ 15 and < 20 Years,Jan 6 – Dec 31 2019,95
,, 2020,86
,, 2021,97
,, 2022,85
,, 2023,105
,, 2024,100
,,Jan 1 – Mar 26 2025,37
,≥ 20 and < 40 Years,Jan 6 – Dec 31 2019,333
,, 2020,331
,, 2021,380
,, 2022,344
,, 2023,390
,, 2024,361
,,Jan 1 – Mar 26 2025,166
,≥ 40 and < 65 Years,Jan 6 – Dec 31 2019,464
,, 2020,463
,, 2021,509
,, 2022,479
,, 2023,551
,, 2024,536
,,Jan 1 – Mar 26 2025,277
,65 Years or more,Jan 6 – Dec 31 2019,307
,, 2020,305
,, 2021,353
,, 2022,392
,, 2023,430
,, 2024,446
,,Jan 1 – Mar 26 2025,310
,No value,Jan 6 – Dec 31 2019,3555
,, 2020,3590
,, 2021,3440
,, 2022,3439
,, 2023,3271
,, 2024,3299
,,Jan 1 – Mar 26 2025,4093
,"Total: Total includes all data under the Wyoming bucket, including data from rows not currently displayed.",Jan 6 – Dec 31 2019,4995
,, 2020,4995
,, 2021,4995
,, 2022,4995
,, 2023,4995
,, 2024,4995
,,Jan 1 – Mar 26 2025,4995
Puerto Rico,Less than 10 Years,Jan 6 – Dec 31 2019,10 or fewer
,, 2020,10 or fewer
,, 2021,10 or fewer
,, 2022,100
,, 2023,120
,, 2024,116
,,Jan 1 – Mar 26 2025,46
,≥ 10 and < 15 Years,Jan 6 – Dec 31 2019,10 or fewer
,, 2020,10 or fewer
,, 2021,10 or fewer
,, 2022,72
,, 2023,82
,, 2024,59
,,Jan 1 – Mar 26 2025,33
,≥ 15 and < 20 Years,Jan 6 – Dec 31 2019,10 or fewer
,, 2020,10 or fewer
,, 2021,10 or fewer
,, 2022,71
,, 2023,94
,, 2024,90
,,Jan 1 – Mar 26 2025,34
,≥ 20 and < 40 Years,Jan 6 – Dec 31 2019,15
,, 2020,12
,, 2021,19
,, 2022,249
,, 2023,283
,, 2024,268
,,Jan 1 – Mar 26 2025,116
,≥ 40 and < 65 Years,Jan 6 – Dec 31 2019,38
,, 2020,45
,, 2021,60
,, 2022,304
,, 2023,345
,, 2024,339
,,Jan 1 – Mar 26 2025,168
,65 Years or more,Jan 6 – Dec 31 2019,24
,, 2020,21
,, 2021,25
,, 2022,169
,, 2023,192
,, 2024,213
,,Jan 1 – Mar 26 2025,109
,No value,Jan 6 – Dec 31 2019,2043
,, 2020,2043
,, 2021,2011
,, 2022,1174
,, 2023,1034
,, 2024,1062
,,Jan 1 – Mar 26 2025,1621
,"Total: Total includes all data under the Puerto Rico bucket, including data from rows not currently displayed.",Jan 6 – Dec 31 2019,2125
,, 2020,2125
,, 2021,2125
,, 2022,2125
,, 2023,2125
,, 2024,2125
,,Jan 1 – Mar 26 2025,2125
District of Columbia,Less than 10 Years,Jan 6 – Dec 31 2019,54
,, 2020,38
,, 2021,45
,, 2022,37
,, 2023,24
,, 2024,25
,,Jan 1 – Mar 26 2025,10 or fewer
,≥ 10 and < 15 Years,Jan 6 – Dec 31 2019,10 or fewer
,, 2020,10 or fewer
,, 2021,16
,, 2022,17
,, 2023,11
,, 2024,16
,,Jan 1 – Mar 26 2025,10 or fewer
,≥ 15 and < 20 Years,Jan 6 – Dec 31 2019,31
,, 2020,24
,, 2021,54
,, 2022,21
,, 2023,24
,, 2024,36
,,Jan 1 – Mar 26 2025,12
,≥ 20 and < 40 Years,Jan 6 – Dec 31 2019,525
,, 2020,563
,, 2021,863
,, 2022,520
,, 2023,468
,, 2024,809
,,Jan 1 – Mar 26 2025,361
,≥ 40 and < 65 Years,Jan 6 – Dec 31 2019,416
,, 2020,412
,, 2021,657
,, 2022,463
,, 2023,431
,, 2024,587
,,Jan 1 – Mar 26 2025,329
,65 Years or more,Jan 6 – Dec 31 2019,184
,, 2020,193
,, 2021,361
,, 2022,248
,, 2023,252
,, 2024,288
,,Jan 1 – Mar 26 2025,178
,No value,Jan 6 – Dec 31 2019,3110
,, 2020,3090
,, 2021,2338
,, 2022,3023
,, 2023,3120
,, 2024,2579
,,Jan 1 – Mar 26 2025,3426
,"Total: Total includes all data under the District of Columbia bucket, including data from rows not currently displayed.",Jan 6 – Dec 31 2019,4314
,, 2020,4314
,, 2021,4314
,, 2022,4314
,, 2023,4314
,, 2024,4314
,,Jan 1 – Mar 26 2025,4314
Virgin Islands,Less than 10 Years,Jan 6 – Dec 31 2019,10 or fewer
,, 2020,10 or fewer
,, 2021,10 or fewer
,, 2022,10 or fewer
,, 2023,10 or fewer
,, 2024,10 or fewer
,,Jan 1 – Mar 26 2025,10 or fewer
,≥ 10 and < 15 Years,Jan 6 – Dec 31 2019,10 or fewer
,, 2020,10 or fewer
,, 2021,10 or fewer
,, 2022,10 or fewer
,, 2023,10 or fewer
,, 2024,10 or fewer
,,Jan 1 – Mar 26 2025,10 or fewer
,≥ 15 and < 20 Years,Jan 6 – Dec 31 2019,10 or fewer
,, 2020,10 or fewer
,, 2021,10 or fewer
,, 2022,10 or fewer
,, 2023,10 or fewer
,, 2024,10 or fewer
,,Jan 1 – Mar 26 2025,10 or fewer
,≥ 20 and < 40 Years,Jan 6 – Dec 31 2019,10 or fewer
,, 2020,10 or fewer
,, 2021,10 or fewer
,, 2022,10 or fewer
,, 2023,10 or fewer
,, 2024,10 or fewer
,,Jan 1 – Mar 26 2025,10 or fewer
,≥ 40 and < 65 Years,Jan 6 – Dec 31 2019,11
,, 2020,10 or fewer
,, 2021,13
,, 2022,25
,, 2023,17
,, 2024,24
,,Jan 1 – Mar 26 2025,10 or fewer
,65 Years or more,Jan 6 – Dec 31 2019,10 or fewer
,, 2020,10 or fewer
,, 2021,13
,, 2022,10 or fewer
,, 2023,14
,, 2024,14
,,Jan 1 – Mar 26 2025,11
,No value,Jan 6 – Dec 31 2019,174
,, 2020,184
,, 2021,167
,, 2022,163
,, 2023,169
,, 2024,156
,,Jan 1 – Mar 26 2025,183
,"Total: Total includes all data under the Virgin Islands bucket, including data from rows not currently displayed.",Jan 6 – Dec 31 2019,201
,, 2020,201
,, 2021,201
,, 2022,201
,, 2023,201
,, 2024,201
,,Jan 1 – Mar 26 2025,201
Alaska,Less than 10 Years,Jan 6 – Dec 31 2019,17
,, 2020,13
,, 2021,12
,, 2022,18
,, 2023,10 or fewer
,, 2024,14
,,Jan 1 – Mar 26 2025,10 or fewer
,≥ 10 and < 15 Years,Jan 6 – Dec 31 2019,10 or fewer
,, 2020,10 or fewer
,, 2021,10 or fewer
,, 2022,10 or fewer
,, 2023,10 or fewer
,, 2024,10 or fewer
,,Jan 1 – Mar 26 2025,10 or fewer
,≥ 15 and < 20 Years,Jan 6 – Dec 31 2019,10 or fewer
,, 2020,11
,, 2021,14
,, 2022,10 or fewer
,, 2023,10 or fewer
,, 2024,11
,,Jan 1 – Mar 26 2025,10 or fewer
,≥ 20 and < 40 Years,Jan 6 – Dec 31 2019,49
,, 2020,47
,, 2021,39
,, 2022,46
,, 2023,34
,, 2024,40
,,Jan 1 – Mar 26 2025,21
,≥ 40 and < 65 Years,Jan 6 – Dec 31 2019,36
,, 2020,47
,, 2021,44
,, 2022,47
,, 2023,40
,, 2024,35
,,Jan 1 – Mar 26 2025,19
,65 Years or more,Jan 6 – Dec 31 2019,39
,, 2020,35
,, 2021,38
,, 2022,33
,, 2023,49
,, 2024,45
,,Jan 1 – Mar 26 2025,23
,No value,Jan 6 – Dec 31 2019,633
,, 2020,627
,, 2021,632
,, 2022,628
,, 2023,639
,, 2024,638
,,Jan 1 – Mar 26 2025,711
,"Total: Total includes all data under the Alaska bucket, including data from rows not currently displayed.",Jan 6 – Dec 31 2019,784
,, 2020,784
,, 2021,784
,, 2022,784
,, 2023,784
,, 2024,784
,,Jan 1 – Mar 26 2025,784
None of the above,Less than 10 Years,Jan 6 – Dec 31 2019,1388
,, 2020,1405
,, 2021,1521
,, 2022,1674
,, 2023,1701
,, 2024,1870
,,Jan 1 – Mar 26 2025,583
,≥ 10 and < 15 Years,Jan 6 – Dec 31 2019,431
,, 2020,429
,, 2021,477
,, 2022,422
,, 2023,473
,, 2024,515
,,Jan 1 – Mar 26 2025,155
,≥ 15 and < 20 Years,Jan 6 – Dec 31 2019,572
,, 2020,564
,, 2021,683
,, 2022,681
,, 2023,701
,, 2024,705
,,Jan 1 – Mar 26 2025,223
,≥ 20 and < 40 Years,Jan 6 – Dec 31 2019,3021
,, 2020,3455
,, 2021,3912
,, 2022,3744
,, 2023,3825
,, 2024,4014
,,Jan 1 – Mar 26 2025,1447
,≥ 40 and < 65 Years,Jan 6 – Dec 31 2019,3191
,, 2020,3322
,, 2021,3737
,, 2022,3697
,, 2023,3927
,, 2024,4094
,,Jan 1 – Mar 26 2025,1587
,65 Years or more,Jan 6 – Dec 31 2019,1997
,, 2020,2065
,, 2021,2261
,, 2022,2321
,, 2023,2561
,, 2024,2726
,,Jan 1 – Mar 26 2025,1074
,No value,Jan 6 – Dec 31 2019,62684
,, 2020,62063
,, 2021,60744
,, 2022,60758
,, 2023,60128
,, 2024,59365
,,Jan 1 – Mar 26 2025,68129
,"Total: Total includes all data under the None of the above bucket, including data from rows not currently displayed.",Jan 6 – Dec 31 2019,73189
,, 2020,73189
,, 2021,73189
,, 2022,73189
,, 2023,73189
,, 2024,73189
,,Jan 1 – Mar 26 2025,73189
Total,Less than 10 Years,Jan 6 – Dec 31 2019,109153
,, 2020,106690
,, 2021,120827
,, 2022,132370
,, 2023,138395
,, 2024,144571
,,Jan 1 – Mar 26 2025,71338
,≥ 10 and < 15 Years,Jan 6 – Dec 31 2019,49729
,, 2020,50599
,, 2021,60771
,, 2022,62439
,, 2023,64178
,, 2024,68449
,,Jan 1 – Mar 26 2025,30390
,≥ 15 and < 20 Years,Jan 6 – Dec 31 2019,52795
,, 2020,56272
,, 2021,69352
,, 2022,68142
,, 2023,71198
,, 2024,75922
,,Jan 1 – Mar 26 2025,33751
,≥ 20 and < 40 Years,Jan 6 – Dec 31 2019,215633
,, 2020,247333
,, 2021,293774
,, 2022,278306
,, 2023,294300
,, 2024,312907
,,Jan 1 – Mar 26 2025,155873
,≥ 40 and < 65 Years,Jan 6 – Dec 31 2019,311691
,, 2020,338364
,, 2021,393907
,, 2022,380794
,, 2023,399090
,, 2024,419421
,,Jan 1 – Mar 26 2025,253919
,65 Years or more,Jan 6 – Dec 31 2019,198116
,, 2020,214130
,, 2021,259621
,, 2022,257969
,, 2023,277670
,, 2024,299118
,,Jan 1 – Mar 26 2025,206909
,No value,Jan 6 – Dec 31 2019,2063286
,, 2020,1988836
,, 2021,1808563
,, 2022,1828089
,, 2023,1764414
,, 2024,1691371
,,Jan 1 – Mar 26 2025,2232250
,"Total: Total includes all data under the Total bucket, including data from rows not currently displayed.",Jan 6 – Dec 31 2019,2981790
,, 2020,2981790
,, 2021,2981790
,, 2022,2981790
,, 2023,2981790
,, 2024,2981790
,,Jan 1 – Mar 26 2025,2981790
