"Age Group","Year","Sex","Estimated Number","Population","Crude Rate","Age-Adjusted Rate","Cases (Sample)","Standard Error","CV","Lower 95% CI","Upper 95% CI"
"10 to 14","2023","Males","12,794","10,667,918","119.93","--","493","2,181","17.0%","8,520","17,068"
"10 to 14","2023","Females","60,596","10,166,646","596.03","--","2,276","10,948","18.1%","39,138","82,055"
"10 to 14","2022","Males","14,311","10,835,340","132.08","--","520","2,664","18.6%","9,090","19,532"
"10 to 14","2022","Females","64,620","10,317,654","626.31","--","2,502","12,214","18.9%","40,682","88,559"
"10 to 14","2021","Males","10,621","10,996,920","96.58","--","329","1,982","18.7%","6,735","14,506"
"10 to 14","2021","Females","61,594","10,467,654","588.42","--","1,871","9,480","15.4%","43,014","80,175"
"10 to 14","2020","Males","7,701","11,109,121","69.32","--","276","1,646","21.4%","4,475","10,927"
"10 to 14","2020","Females","45,248","10,585,215","427.46","--","1,484","6,468","14.3%","32,571","57,925"
"10 to 14","2019","Males","8,744","10,629,162","82.26","--","323","1,389","15.9%","6,021","11,467"
"10 to 14","2019","Females","39,111","10,190,891","383.78","--","1,329","5,247","13.4%","28,827","49,395"
"10 to 14","2018","Males","9,121","10,663,948","85.53","--","295","1,554","17.0%","6,074","12,168"
"10 to 14","2018","Females","35,133","10,223,894","343.64","--","1,168","5,431","15.5%","24,488","45,779"
"10 to 14","2017","Males","6,570","10,609,152","61.93","--","241","1,301","19.8%","4,019","9,121"
"10 to 14","2017","Females","34,545","10,174,304","339.53","--","1,119","4,494","13.0%","25,738","43,352"
"10 to 14","2016","Males","5,386","10,529,234","51.15","--","190","1,076","20.0%","3,277","7,494"
"10 to 14","2016","Females","31,133","10,104,766","308.10","--","927","3,965","12.7%","23,362","38,904"
"10 to 14","2015","Males","4,642","10,517,252","44.14","--","180","1,081","23.3%","2,523","6,761"
"10 to 14","2015","Females","32,095","10,097,361","317.86","--","1,033","3,820","11.9%","24,608","39,582"
"10 to 14","2014","Males","4,904","10,551,032","46.48","--","175","1,020","20.8%","2,904","6,904"
"10 to 14","2014","Females","31,878","10,122,728","314.92","--","973","4,969","15.6%","22,139","41,617"
"10 to 14","2013","Males","6,079","10,547,243","57.64","--","158","1,118","18.4%","3,889","8,270"
"10 to 14","2013","Females","28,160","10,109,744","278.55","--","673","4,170","14.8%","19,988","36,333"
"10 to 14","2012","Males","4,281","10,562,254","40.53","--","118","706","16.5%","2,898","5,665"
"10 to 14","2012","Females","20,302","10,111,589","200.77","--","534","2,525","12.4%","15,352","25,251"
"10 to 14","2011","Males","4,647","10,587,916","43.89","--","130","754","16.2%","3,170","6,124"
"10 to 14","2011","Females","18,454","10,127,110","182.23","--","424","2,565","13.9%","13,427","23,481"
"10 to 14","2010","Males","5,212","10,579,975","49.26","--","127","1,107","21.2%","3,042","7,383"
"10 to 14","2010","Females","15,598","10,097,402","154.47","--","350","2,452","15.7%","10,791","20,404"
"10 to 14","2009","Males","2,734","10,571,832","25.86","--","76","506","18.5%","1,742","3,726"
"10 to 14","2009","Females","11,080","10,088,732","109.82","--","324","2,092","18.9%","6,979","15,181"
"10 to 14","2008","Males","3,037","10,598,181","28.66","--","87","570","18.8%","1,919","4,155"
"10 to 14","2008","Females","12,368","10,108,474","122.35","--","291","1,762","14.2%","8,914","15,822"
"10 to 14","2007","Males","4,464","10,670,960","41.83","--","91","879","19.7%","2,741","6,186"
"10 to 14","2007","Females","15,614","10,170,082","153.53","--","306","2,117","13.6%","11,465","19,764"
"10 to 14","2006","Males","4,399","10,771,194","40.84","--","91","874","19.9%","2,686","6,112"
"10 to 14","2006","Females","15,378","10,261,944","149.85","--","311","2,316","15.1%","10,839","19,917"
"10 to 14","2005","Males","5,310","10,864,197","48.87","--","109","1,114","21.0%","3,127","7,493"
"10 to 14","2005","Females","13,339","10,348,382","128.90","--","339","1,634","12.2%","10,137","16,542"
"10 to 14","2004","Males","5,674","10,967,974","51.74","--","124","1,025","18.1%","3,666","7,683"
"10 to 14","2004","Females","17,115","10,443,706","163.88","--","364","2,173","12.7%","12,857","21,374"
"10 to 14","2003","Males","4,192","10,970,478","38.21","--","88","960","22.9%","2,311","6,074"
"10 to 14","2003","Females","15,617","10,444,875","149.52","--","326","2,219","14.2%","11,268","19,965"
"10 to 14","2002","Males","4,661","10,889,999","42.80","--","97","899","19.3%","2,899","6,423"
"10 to 14","2002","Females","12,812","10,371,422","123.53","--","307","2,022","15.8%","8,848","16,776"
"10 to 14","2001","Males","3,640","10,747,209","33.87","--","93","687","18.9%","2,293","4,987"
"10 to 14","2001","Females","12,218","10,231,469","119.42","--","286","2,126","17.4%","8,051","16,385"
"15 to 19","2023","Males","31,167","11,296,635","275.90","--","901","4,279","13.7%","22,780","39,554"
"15 to 19","2023","Females","73,971","10,778,845","686.26","--","2,295","10,572","14.3%","53,250","94,692"
"15 to 19","2022","Males","35,029","11,167,267","313.67","--","974","5,757","16.4%","23,746","46,312"
"15 to 19","2022","Females","92,376","10,666,036","866.07","--","2,774","13,124","14.2%","66,652","118,099"
"15 to 19","2021","Males","29,225","11,030,293","264.96","--","661","4,346","14.9%","20,707","37,744"
"15 to 19","2021","Females","83,092","10,549,032","787.67","--","2,145","10,258","12.3%","62,987","103,197"
"15 to 19","2020","Males","29,627","11,008,738","269.13","--","656","4,500","15.2%","20,807","38,447"
"15 to 19","2020","Females","69,293","10,533,347","657.84","--","1,770","9,824","14.2%","50,038","88,547"
"15 to 19","2019","Males","28,136","10,752,848","261.66","--","614","3,569","12.7%","21,140","35,132"
"15 to 19","2019","Females","71,133","10,313,575","689.70","--","1,646","6,510","9.2%","58,374","83,892"
"15 to 19","2018","Males","27,330","10,762,990","253.93","--","582","3,468","12.7%","20,534","34,126"
"15 to 19","2018","Females","70,779","10,314,076","686.24","--","1,587","7,659","10.8%","55,768","85,790"
"15 to 19","2017","Males","23,469","10,783,133","217.64","--","560","2,475","10.5%","18,618","28,320"
"15 to 19","2017","Females","68,065","10,322,453","659.39","--","1,543","7,014","10.3%","54,317","81,813"
"15 to 19","2016","Males","25,796","10,804,809","238.74","--","496","3,233","12.5%","19,459","32,133"
"15 to 19","2016","Females","71,346","10,335,334","690.31","--","1,532","7,826","11.0%","56,008","86,684"
"15 to 19","2015","Males","27,696","10,787,033","256.75","--","531","3,300","11.9%","21,228","34,164"
"15 to 19","2015","Females","65,212","10,303,239","632.93","--","1,356","6,602","10.1%","52,272","78,152"
"15 to 19","2014","Males","24,051","10,778,182","223.15","--","467","3,630","15.1%","16,937","31,165"
"15 to 19","2014","Females","60,081","10,282,180","584.33","--","1,272","5,957","9.9%","48,406","71,757"
"15 to 19","2013","Males","23,465","10,850,915","216.25","--","495","3,354","14.3%","16,890","30,039"
"15 to 19","2013","Females","58,507","10,332,561","566.24","--","1,239","7,111","12.2%","44,569","72,444"
"15 to 19","2012","Males","25,679","10,962,987","234.23","--","488","3,043","11.9%","19,714","31,643"
"15 to 19","2012","Females","56,730","10,411,033","544.91","--","1,165","5,691","10.0%","45,576","67,884"
"15 to 19","2011","Males","24,653","11,121,013","221.68","--","450","3,282","13.3%","18,221","31,084"
"15 to 19","2011","Females","55,588","10,540,730","527.36","--","1,070","6,359","11.4%","43,125","68,051"
"15 to 19","2010","Males","22,806","11,304,511","201.74","--","357","3,160","13.9%","16,612","29,000"
"15 to 19","2010","Females","48,838","10,737,036","454.85","--","902","5,896","12.1%","37,282","60,394"
"15 to 19","2009","Males","19,133","11,388,239","168.01","--","361","2,738","14.3%","13,767","24,498"
"15 to 19","2009","Females","41,839","10,804,571","387.23","--","892","5,426","13.0%","31,203","52,475"
"15 to 19","2008","Males","20,692","11,405,732","181.42","--","375","2,812","13.6%","15,180","26,204"
"15 to 19","2008","Females","43,786","10,805,148","405.24","--","893","5,047","11.5%","33,894","53,679"
"15 to 19","2007","Males","23,733","11,336,490","209.35","--","416","3,030","12.8%","17,793","29,673"
"15 to 19","2007","Females","45,572","10,731,326","424.67","--","880","4,982","10.9%","35,808","55,337"
"15 to 19","2006","Males","25,788","11,210,416","230.03","--","415","3,290","12.8%","19,340","32,235"
"15 to 19","2006","Females","46,026","10,597,293","434.32","--","774","6,220","13.5%","33,835","58,216"
"15 to 19","2005","Males","21,739","11,051,425","196.71","--","397","2,686","12.4%","16,476","27,003"
"15 to 19","2005","Females","45,590","10,434,789","436.90","--","847","4,863","10.7%","36,059","55,121"
"15 to 19","2004","Males","24,591","10,859,759","226.44","--","444","2,985","12.1%","18,740","30,442"
"15 to 19","2004","Females","52,219","10,242,793","509.81","--","898","6,200","11.9%","40,067","64,371"
"15 to 19","2003","Males","22,269","10,710,599","207.92","--","367","2,782","12.5%","16,817","27,721"
"15 to 19","2003","Females","44,720","10,086,567","443.36","--","763","5,541","12.4%","33,859","55,580"
"15 to 19","2002","Males","23,019","10,628,491","216.58","--","428","2,730","11.9%","17,667","28,370"
"15 to 19","2002","Females","35,090","9,981,879","351.54","--","728","4,418","12.6%","26,430","43,750"
"15 to 19","2001","Males","22,543","10,547,387","213.73","--","387","3,307","14.7%","16,061","29,026"
"15 to 19","2001","Females","38,572","9,908,897","389.26","--","725","5,946","15.4%","26,918","50,225"
"20 to 24","2023","Males","23,093","11,126,811","207.55","--","579","2,527","10.9%","18,141","28,046"
"20 to 24","2023","Females","33,724","10,684,361","315.64","--","861","3,108","9.2%","27,633","39,816"
"20 to 24","2022","Males","26,387","11,041,722","238.98","--","579","3,121","11.8%","20,269","32,505"
"20 to 24","2022","Females","41,967","10,610,958","395.51","--","938","4,601","11.0%","32,950","50,985"
"20 to 24","2021","Males","25,477","10,982,855","231.97","--","404","3,696","14.5%","18,233","32,720"
"20 to 24","2021","Females","41,323","10,559,874","391.32","--","724","5,230","12.7%","31,071","51,575"
"20 to 24","2020","Males","27,479","10,948,667","250.98","--","436","4,153","15.1%","19,339","35,619"
"20 to 24","2020","Females","44,875","10,524,958","426.37","--","609","6,674","14.9%","31,794","57,956"
"20 to 24","2019","Males","29,040","11,066,850","262.41","--","424","3,283","11.3%","22,605","35,475"
"20 to 24","2019","Females","41,275","10,577,124","390.23","--","602","4,112","10.0%","33,216","49,335"
"20 to 24","2018","Males","27,884","11,172,233","249.59","--","404","3,069","11.0%","21,869","33,900"
"20 to 24","2018","Females","37,971","10,652,877","356.44","--","540","3,830","10.1%","30,465","45,477"
"20 to 24","2017","Males","27,337","11,314,113","241.62","--","410","3,217","11.8%","21,032","33,642"
"20 to 24","2017","Females","39,891","10,747,498","371.17","--","590","3,734","9.4%","32,572","47,211"
"20 to 24","2016","Males","27,017","11,486,770","235.20","--","355","2,648","9.8%","21,827","32,207"
"20 to 24","2016","Females","40,043","10,880,883","368.01","--","554","3,004","7.5%","34,155","45,930"
"20 to 24","2015","Males","28,445","11,646,473","244.24","--","407","3,206","11.3%","22,161","34,730"
"20 to 24","2015","Females","38,331","11,043,025","347.11","--","556","3,541","9.2%","31,391","45,271"
"20 to 24","2014","Males","25,227","11,734,876","214.97","--","426","3,430","13.6%","18,504","31,949"
"20 to 24","2014","Females","36,740","11,157,116","329.30","--","556","4,245","11.6%","28,419","45,061"
"20 to 24","2013","Males","28,739","11,687,700","245.89","--","456","3,375","11.7%","22,124","35,353"
"20 to 24","2013","Females","36,531","11,139,145","327.95","--","617","3,848","10.5%","28,988","44,074"
"20 to 24","2012","Males","27,617","11,547,696","239.15","--","434","2,513","9.1%","22,692","32,541"
"20 to 24","2012","Females","40,363","11,048,703","365.32","--","624","4,678","11.6%","31,194","49,531"
"20 to 24","2011","Males","30,378","11,306,266","268.68","--","440","3,732","12.3%","23,063","37,692"
"20 to 24","2011","Females","40,310","10,858,603","371.23","--","627","5,243","13.0%","30,034","50,585"
"20 to 24","2010","Males","30,553","11,015,251","277.37","--","443","4,228","13.8%","22,265","38,840"
"20 to 24","2010","Females","34,173","10,572,322","323.23","--","523","4,281","12.5%","25,782","42,564"
"20 to 24","2009","Males","25,733","10,924,709","235.55","--","424","3,678","14.3%","18,524","32,942"
"20 to 24","2009","Females","30,681","10,459,413","293.33","--","491","4,029","13.1%","22,784","38,577"
"20 to 24","2008","Males","22,885","10,841,046","211.10","--","390","2,836","12.4%","17,326","28,445"
"20 to 24","2008","Females","32,098","10,339,566","310.43","--","516","3,956","12.3%","24,344","39,851"
"20 to 24","2007","Males","26,086","10,807,836","241.36","--","398","3,396","13.0%","19,429","32,743"
"20 to 24","2007","Females","33,876","10,270,163","329.85","--","529","3,499","10.3%","27,019","40,734"
"20 to 24","2006","Males","26,523","10,797,351","245.64","--","387","3,939","14.9%","18,803","34,243"
"20 to 24","2006","Females","31,058","10,238,784","303.34","--","474","3,965","12.8%","23,288","38,829"
"20 to 24","2005","Males","29,313","10,737,149","273.00","--","457","3,493","11.9%","22,466","36,160"
"20 to 24","2005","Females","27,151","10,222,806","265.59","--","436","3,176","11.7%","20,926","33,375"
"20 to 24","2004","Males","27,295","10,654,919","256.17","--","407","4,459","16.3%","18,555","36,034"
"20 to 24","2004","Females","33,974","10,190,641","333.39","--","483","4,880","14.4%","24,410","43,539"
"20 to 24","2003","Males","28,849","10,497,965","274.80","--","382","3,951","13.7%","21,104","36,593"
"20 to 24","2003","Females","29,925","10,093,723","296.47","--","402","4,088","13.7%","21,912","37,937"
"20 to 24","2002","Males","21,493","10,327,520","208.11","--","329","2,848","13.3%","15,910","27,075"
"20 to 24","2002","Females","27,312","9,916,245","275.42","--","450","4,213","15.4%","19,054","35,570"
"20 to 24","2001","Males","24,266","10,080,336","240.73","--","350","3,737","15.4%","16,942","31,591"
"20 to 24","2001","Females","22,059","9,676,950","227.96","--","355","3,787","17.2%","14,637","29,481"
"25 to 29","2023","Males","22,143","11,175,898","198.13","--","531","2,434","11.0%","17,371","26,914"
"25 to 29","2023","Females","23,677","10,842,462","218.37","--","576","2,160","9.1%","19,443","27,911"
"25 to 29","2022","Males","25,710","11,250,667","228.52","--","576","2,724","10.6%","20,371","31,050"
"25 to 29","2022","Females","26,794","10,900,421","245.81","--","573","2,687","10.0%","21,528","32,060"
"25 to 29","2021","Males","23,750","11,384,636","208.61","--","414","2,912","12.3%","18,043","29,457"
"25 to 29","2021","Females","23,925","11,021,072","217.08","--","431","2,912","12.2%","18,218","29,632"
"25 to 29","2020","Males","22,724","11,578,669","196.25","--","373","3,144","13.8%","16,561","28,886"
"25 to 29","2020","Females","27,029","11,222,830","240.84","--","412","3,284","12.1%","20,593","33,465"
"25 to 29","2019","Males","25,628","12,020,738","213.20","--","406","2,801","10.9%","20,138","31,118"
"25 to 29","2019","Females","28,475","11,518,714","247.20","--","432","3,691","13.0%","21,239","35,710"
"25 to 29","2018","Males","26,515","12,011,397","220.75","--","414","3,389","12.8%","19,873","33,157"
"25 to 29","2018","Females","33,370","11,535,821","289.27","--","455","3,967","11.9%","25,595","41,144"
"25 to 29","2017","Males","28,991","11,897,087","243.68","--","425","2,836","9.8%","23,432","34,551"
"25 to 29","2017","Females","26,116","11,463,708","227.81","--","406","2,338","9.0%","21,532","30,699"
"25 to 29","2016","Males","25,231","11,668,343","216.24","--","391","2,757","10.9%","19,827","30,635"
"25 to 29","2016","Females","26,384","11,271,329","234.08","--","345","2,321","8.8%","21,834","30,933"
"25 to 29","2015","Males","27,254","11,402,007","239.02","--","425","3,645","13.4%","20,110","34,398"
"25 to 29","2015","Females","26,716","11,029,349","242.23","--","376","2,845","10.6%","21,141","32,292"
"25 to 29","2014","Males","20,965","11,154,019","187.96","--","356","3,063","14.6%","14,962","26,968"
"25 to 29","2014","Females","28,126","10,814,504","260.08","--","445","4,138","14.7%","20,016","36,236"
"25 to 29","2013","Males","24,045","10,940,347","219.78","--","423","3,270","13.6%","17,636","30,454"
"25 to 29","2013","Females","26,746","10,642,006","251.33","--","457","3,428","12.8%","20,027","33,466"
"25 to 29","2012","Males","24,670","10,825,742","227.89","--","403","3,337","13.5%","18,131","31,210"
"25 to 29","2012","Females","26,391","10,567,537","249.74","--","416","2,984","11.3%","20,542","32,240"
"25 to 29","2011","Males","26,379","10,746,888","245.46","--","391","4,641","17.6%","17,284","35,475"
"25 to 29","2011","Females","29,986","10,538,326","284.54","--","460","3,837","12.8%","22,467","37,506"
"25 to 29","2010","Males","26,068","10,636,515","245.08","--","377","3,915","15.0%","18,395","33,740"
"25 to 29","2010","Females","31,242","10,466,592","298.49","--","461","3,658","11.7%","24,072","38,411"
"25 to 29","2009","Males","21,300","10,611,357","200.72","--","351","2,635","12.4%","16,135","26,464"
"25 to 29","2009","Females","24,260","10,466,871","231.78","--","400","3,299","13.6%","17,794","30,726"
"25 to 29","2008","Males","20,683","10,509,136","196.81","--","308","2,871","13.9%","15,057","26,310"
"25 to 29","2008","Females","25,184","10,393,532","242.30","--","420","3,324","13.2%","18,668","31,699"
"25 to 29","2007","Males","21,517","10,313,439","208.63","--","339","2,209","10.3%","17,187","25,846"
"25 to 29","2007","Females","25,595","10,229,259","250.22","--","382","2,443","9.5%","20,808","30,383"
"25 to 29","2006","Males","18,411","10,095,589","182.37","--","289","2,971","16.1%","12,587","24,235"
"25 to 29","2006","Females","24,520","10,014,422","244.85","--","372","2,932","12.0%","18,775","30,266"
"25 to 29","2005","Males","19,568","9,822,166","199.22","--","315","2,789","14.3%","14,101","25,034"
"25 to 29","2005","Females","22,334","9,712,544","229.95","--","360","2,597","11.6%","17,244","27,424"
"25 to 29","2004","Males","20,083","9,627,975","208.59","--","303","2,372","11.8%","15,433","24,733"
"25 to 29","2004","Females","25,932","9,479,080","273.57","--","365","3,645","14.1%","18,787","33,076"
"25 to 29","2003","Males","20,865","9,464,481","220.46","--","273","3,049","14.6%","14,888","26,842"
"25 to 29","2003","Females","24,645","9,307,104","264.80","--","347","2,921","11.9%","18,920","30,370"
"25 to 29","2002","Males","16,298","9,442,754","172.60","--","243","2,430","14.9%","11,535","21,062"
"25 to 29","2002","Females","21,043","9,248,586","227.53","--","342","2,386","11.3%","16,366","25,720"
"25 to 29","2001","Males","15,540","9,516,234","163.30","--","220","2,588","16.7%","10,467","20,613"
"25 to 29","2001","Females","18,370","9,303,113","197.46","--","286","3,077","16.7%","12,339","24,401"
"30 to 34","2023","Males","22,147","11,883,289","186.37","--","552","2,578","11.6%","17,094","27,201"
"30 to 34","2023","Females","21,142","11,640,867","181.62","--","501","2,371","11.2%","16,495","25,789"
"30 to 34","2022","Males","24,270","11,806,283","205.57","--","551","2,875","11.8%","18,636","29,905"
"30 to 34","2022","Females","21,434","11,573,839","185.19","--","436","2,491","11.6%","16,551","26,317"
"30 to 34","2021","Males","21,125","11,679,196","180.88","--","375","2,964","14.0%","15,315","26,935"
"30 to 34","2021","Females","20,028","11,435,087","175.15","--","325","2,734","13.6%","14,670","25,386"
"30 to 34","2020","Males","23,591","11,571,842","203.87","--","370","3,193","13.5%","17,332","29,850"
"30 to 34","2020","Females","20,485","11,303,167","181.23","--","316","2,275","11.1%","16,026","24,944"
"30 to 34","2019","Males","21,808","11,370,500","191.80","--","347","2,745","12.6%","16,428","27,189"
"30 to 34","2019","Females","23,290","11,093,732","209.94","--","322","3,275","14.1%","16,872","29,709"
"30 to 34","2018","Males","26,799","11,186,277","239.57","--","373","3,282","12.2%","20,366","33,231"
"30 to 34","2018","Females","21,981","10,945,565","200.82","--","320","3,187","14.5%","15,735","28,228"
"30 to 34","2017","Males","20,874","11,081,933","188.36","--","328","2,577","12.3%","15,823","25,925"
"30 to 34","2017","Females","24,513","10,877,130","225.36","--","345","2,090","8.5%","20,416","28,610"
"30 to 34","2016","Males","21,063","10,997,952","191.52","--","300","2,288","10.9%","16,578","25,549"
"30 to 34","2016","Females","22,893","10,837,503","211.24","--","309","2,538","11.1%","17,918","27,868"
"30 to 34","2015","Males","23,045","10,875,937","211.89","--","325","2,604","11.3%","17,941","28,150"
"30 to 34","2015","Females","24,735","10,765,946","229.75","--","367","2,849","11.5%","19,151","30,319"
"30 to 34","2014","Males","21,046","10,796,288","194.93","--","336","2,879","13.7%","15,403","26,689"
"30 to 34","2014","Females","26,738","10,711,000","249.63","--","400","3,035","11.4%","20,789","32,687"
"30 to 34","2013","Males","21,379","10,668,769","200.39","--","410","3,107","14.5%","15,290","27,468"
"30 to 34","2013","Females","25,039","10,603,284","236.15","--","404","2,879","11.5%","19,397","30,681"
"30 to 34","2012","Males","22,836","10,480,606","217.88","--","375","3,057","13.4%","16,844","28,827"
"30 to 34","2012","Females","26,543","10,430,149","254.48","--","421","2,757","10.4%","21,138","31,947"
"30 to 34","2011","Males","24,189","10,274,014","235.44","--","342","3,915","16.2%","16,516","31,863"
"30 to 34","2011","Females","26,797","10,241,721","261.64","--","398","2,933","10.9%","21,048","32,546"
"30 to 34","2010","Males","20,591","9,997,129","205.97","--","298","3,286","16.0%","14,150","27,032"
"30 to 34","2010","Females","25,297","9,965,895","253.83","--","352","2,904","11.5%","19,605","30,988"
"30 to 34","2009","Males","16,916","9,844,555","171.83","--","265","2,782","16.4%","11,463","22,368"
"30 to 34","2009","Females","22,647","9,800,559","231.08","--","350","3,074","13.6%","16,623","28,672"
"30 to 34","2008","Males","15,141","9,678,926","156.44","--","247","2,149","14.2%","10,930","19,353"
"30 to 34","2008","Females","22,333","9,625,879","232.01","--","327","2,645","11.8%","17,150","27,516"
"30 to 34","2007","Males","16,078","9,611,431","167.28","--","256","1,837","11.4%","12,479","19,678"
"30 to 34","2007","Females","20,547","9,559,334","214.94","--","319","2,597","12.6%","15,456","25,637"
"30 to 34","2006","Males","17,510","9,673,250","181.02","--","275","2,707","15.5%","12,204","22,817"
"30 to 34","2006","Females","20,159","9,611,918","209.73","--","283","2,569","12.7%","15,124","25,194"
"30 to 34","2005","Males","18,781","9,888,783","189.93","--","268","3,090","16.5%","12,724","24,839"
"30 to 34","2005","Females","19,650","9,835,154","199.79","--","313","2,674","13.6%","14,409","24,891"
"30 to 34","2004","Males","22,718","10,118,356","224.52","--","315","3,073","13.5%","16,694","28,741"
"30 to 34","2004","Females","23,893","10,041,145","237.95","--","348","3,315","13.9%","17,396","30,389"
"30 to 34","2003","Males","21,098","10,278,392","205.27","--","285","2,774","13.1%","15,661","26,536"
"30 to 34","2003","Females","26,422","10,193,818","259.19","--","368","3,813","14.4%","18,948","33,895"
"30 to 34","2002","Males","17,704","10,388,113","170.43","--","274","2,720","15.4%","12,373","23,035"
"30 to 34","2002","Females","19,454","10,270,193","189.42","--","312","2,731","14.0%","14,100","24,807"
"30 to 34","2001","Males","17,990","10,388,245","173.18","--","269","2,778","15.4%","12,546","23,434"
"30 to 34","2001","Females","21,631","10,263,930","210.74","--","328","4,449","20.6%","12,910","30,352"
"35 to 39","2023","Males","18,837","11,364,080","165.76","--","483","2,342","12.4%","14,246","23,427"
"35 to 39","2023","Females","19,081","11,142,564","171.24","--","418","1,855","9.7%","15,445","22,716"
"35 to 39","2022","Males","19,474","11,301,271","172.32","--","439","2,353","12.1%","14,861","24,087"
"35 to 39","2022","Females","17,765","11,071,034","160.47","--","377","2,069","11.6%","13,709","21,821"
"35 to 39","2021","Males","17,307","11,269,599","153.57","--","312","2,703","15.6%","12,009","22,605"
"35 to 39","2021","Females","15,728","11,041,312","142.45","--","263","2,187","13.9%","11,441","20,015"
"35 to 39","2020","Males","17,691","11,226,435","157.58","--","289","2,365","13.4%","13,055","22,326"
"35 to 39","2020","Females","15,597","11,006,385","141.71","--","248","2,177","14.0%","11,330","19,863"
"35 to 39","2019","Males","18,631","10,892,543","171.05","--","318","2,493","13.4%","13,744","23,518"
"35 to 39","2019","Females","20,969","10,861,340","193.06","--","311","2,422","11.6%","16,221","25,717"
"35 to 39","2018","Males","20,952","10,781,732","194.33","--","311","2,950","14.1%","15,170","26,735"
"35 to 39","2018","Females","18,676","10,767,228","173.45","--","274","2,214","11.9%","14,337","23,015"
"35 to 39","2017","Males","19,864","10,596,983","187.45","--","305","2,691","13.5%","14,590","25,138"
"35 to 39","2017","Females","19,729","10,594,335","186.22","--","291","1,856","9.4%","16,092","23,366"
"35 to 39","2016","Males","20,811","10,385,679","200.38","--","284","3,090","14.8%","14,755","26,867"
"35 to 39","2016","Females","19,528","10,399,494","187.77","--","270","2,328","11.9%","14,965","24,090"
"35 to 39","2015","Males","19,240","10,142,245","189.70","--","301","2,682","13.9%","13,983","24,497"
"35 to 39","2015","Females","20,176","10,166,224","198.46","--","275","2,722","13.5%","14,841","25,510"
"35 to 39","2014","Males","15,660","9,913,940","157.96","--","282","1,944","12.4%","11,850","19,471"
"35 to 39","2014","Females","18,103","9,959,734","181.76","--","304","2,389","13.2%","13,421","22,784"
"35 to 39","2013","Males","18,418","9,772,347","188.47","--","317","2,631","14.3%","13,261","23,574"
"35 to 39","2013","Females","21,422","9,832,348","217.88","--","349","2,633","12.3%","16,261","26,584"
"35 to 39","2012","Males","16,823","9,704,768","173.35","--","296","2,167","12.9%","12,576","21,070"
"35 to 39","2012","Females","23,614","9,785,513","241.31","--","375","2,960","12.5%","17,813","29,414"
"35 to 39","2011","Males","20,221","9,755,172","207.29","--","300","3,125","15.5%","14,097","26,346"
"35 to 39","2011","Females","22,793","9,843,250","231.56","--","346","2,239","9.8%","18,404","27,181"
"35 to 39","2010","Males","18,940","10,042,579","188.59","--","279","3,360","17.7%","12,355","25,525"
"35 to 39","2010","Females","22,783","10,137,913","224.73","--","329","2,489","10.9%","17,904","27,663"
"35 to 39","2009","Males","14,570","10,215,627","142.62","--","263","1,968","13.5%","10,713","18,426"
"35 to 39","2009","Females","20,172","10,292,169","196.00","--","322","2,638","13.1%","15,002","25,343"
"35 to 39","2008","Males","15,150","10,379,654","145.96","--","256","1,672","11.0%","11,873","18,427"
"35 to 39","2008","Females","21,657","10,437,809","207.48","--","330","2,706","12.5%","16,353","26,960"
"35 to 39","2007","Males","18,305","10,461,052","174.98","--","287","2,510","13.7%","13,385","23,225"
"35 to 39","2007","Females","22,628","10,502,839","215.45","--","337","2,159","9.5%","18,398","26,859"
"35 to 39","2006","Males","17,760","10,451,785","169.93","--","284","2,656","15.0%","12,554","22,967"
"35 to 39","2006","Females","22,826","10,489,448","217.61","--","319","2,012","8.8%","18,882","26,770"
"35 to 39","2005","Males","15,118","10,387,033","145.54","--","246","2,062","13.6%","11,077","19,159"
"35 to 39","2005","Females","24,146","10,411,620","231.91","--","370","2,435","10.1%","19,373","28,919"
"35 to 39","2004","Males","19,580","10,421,329","187.88","--","294","2,834","14.5%","14,026","25,134"
"35 to 39","2004","Females","22,488","10,453,320","215.13","--","312","2,672","11.9%","17,251","27,724"
"35 to 39","2003","Males","21,738","10,604,058","205.00","--","286","3,180","14.6%","15,506","27,970"
"35 to 39","2003","Females","24,768","10,660,101","232.35","--","343","3,200","12.9%","18,496","31,040"
"35 to 39","2002","Males","15,927","10,847,772","146.82","--","268","2,605","16.4%","10,822","21,032"
"35 to 39","2002","Females","20,853","10,903,446","191.25","--","319","2,888","13.8%","15,193","26,513"
"35 to 39","2001","Males","18,791","11,094,408","169.37","--","247","3,298","17.6%","12,327","25,255"
"35 to 39","2001","Females","20,796","11,141,510","186.66","--","310","3,623","17.4%","13,694","27,898"
"40 to 44","2023","Males","15,177","10,998,156","138.00","--","379","1,508","9.9%","12,222","18,132"
"40 to 44","2023","Females","16,416","10,885,893","150.81","--","369","2,277","13.9%","11,953","20,880"
"40 to 44","2022","Males","17,078","10,802,588","158.09","--","382","1,712","10.0%","13,722","20,433"
"40 to 44","2022","Females","14,142","10,703,670","132.12","--","308","1,592","11.3%","11,021","17,263"
"40 to 44","2021","Males","13,936","10,595,871","131.53","--","258","2,089","15.0%","9,841","18,032"
"40 to 44","2021","Females","12,891","10,514,402","122.60","--","204","1,829","14.2%","9,307","16,475"
"40 to 44","2020","Males","16,625","10,369,063","160.33","--","252","1,986","11.9%","12,733","20,517"
"40 to 44","2020","Females","18,371","10,301,552","178.33","--","249","2,400","13.1%","13,666","23,076"
"40 to 44","2019","Males","13,438","9,906,220","135.65","--","198","1,748","13.0%","10,012","16,864"
"40 to 44","2019","Females","17,134","10,014,341","171.09","--","237","2,156","12.6%","12,908","21,359"
"40 to 44","2018","Males","14,925","9,781,751","152.58","--","208","2,908","19.5%","9,226","20,624"
"40 to 44","2018","Females","14,501","9,901,383","146.45","--","208","1,532","10.6%","11,498","17,504"
"40 to 44","2017","Males","15,077","9,718,987","155.12","--","228","2,072","13.7%","11,016","19,137"
"40 to 44","2017","Females","17,166","9,857,600","174.14","--","237","1,437","8.4%","14,349","19,982"
"40 to 44","2016","Males","15,368","9,768,609","157.32","--","214","1,701","11.1%","12,034","18,702"
"40 to 44","2016","Females","17,023","9,910,118","171.78","--","237","1,857","10.9%","13,383","20,663"
"40 to 44","2015","Males","16,344","9,989,891","163.60","--","255","2,091","12.8%","12,245","20,442"
"40 to 44","2015","Females","17,731","10,142,266","174.83","--","275","1,870","10.5%","14,067","21,396"
"40 to 44","2014","Males","19,437","10,187,508","190.80","--","305","2,473","12.7%","14,589","24,285"
"40 to 44","2014","Females","20,960","10,342,116","202.67","--","315","2,181","10.4%","16,685","25,235"
"40 to 44","2013","Males","18,525","10,347,955","179.02","--","330","2,917","15.7%","12,807","24,243"
"40 to 44","2013","Females","22,703","10,493,518","216.35","--","365","2,147","9.5%","18,494","26,911"
"40 to 44","2012","Males","18,721","10,448,571","179.17","--","309","2,262","12.1%","14,287","23,155"
"40 to 44","2012","Females","21,915","10,572,858","207.27","--","338","2,618","11.9%","16,784","27,046"
"40 to 44","2011","Males","18,384","10,457,765","175.79","--","287","2,937","16.0%","12,627","24,141"
"40 to 44","2011","Females","24,084","10,577,594","227.69","--","370","2,865","11.9%","18,469","29,700"
"40 to 44","2010","Males","22,046","10,394,559","212.09","--","310","3,698","16.8%","14,799","29,293"
"40 to 44","2010","Females","24,015","10,497,275","228.77","--","341","2,860","11.9%","18,409","29,620"
"40 to 44","2009","Males","16,594","10,430,574","159.09","--","273","2,239","13.5%","12,205","20,982"
"40 to 44","2009","Females","18,954","10,549,441","179.67","--","288","2,347","12.4%","14,355","23,553"
"40 to 44","2008","Males","15,753","10,617,099","148.38","--","261","2,368","15.0%","11,112","20,395"
"40 to 44","2008","Females","19,928","10,757,924","185.24","--","317","2,244","11.3%","15,529","24,326"
"40 to 44","2007","Males","18,300","10,833,176","168.92","--","290","2,511","13.7%","13,378","23,222"
"40 to 44","2007","Females","23,558","10,999,163","214.18","--","353","3,124","13.3%","17,436","29,681"
"40 to 44","2006","Males","17,895","11,064,405","161.74","--","288","2,478","13.8%","13,040","22,751"
"40 to 44","2006","Females","24,586","11,238,163","218.77","--","367","2,850","11.6%","18,999","30,172"
"40 to 44","2005","Males","17,820","11,253,162","158.35","--","265","2,196","12.3%","13,515","22,124"
"40 to 44","2005","Females","21,830","11,453,723","190.59","--","334","2,531","11.6%","16,870","26,791"
"40 to 44","2004","Males","21,589","11,363,212","189.99","--","290","2,582","12.0%","16,529","26,650"
"40 to 44","2004","Females","27,983","11,562,414","242.02","--","390","3,712","13.3%","20,708","35,258"
"40 to 44","2003","Males","21,639","11,343,445","190.76","--","297","3,249","15.0%","15,272","28,006"
"40 to 44","2003","Females","26,192","11,546,602","226.84","--","372","3,062","11.7%","20,191","32,193"
"40 to 44","2002","Males","14,847","11,353,422","130.77","--","227","2,654","17.9%","9,644","20,049"
"40 to 44","2002","Females","18,526","11,536,009","160.59","--","287","2,249","12.1%","14,117","22,934"
"40 to 44","2001","Males","17,504","11,314,915","154.70","--","266","3,463","19.8%","10,716","24,293"
"40 to 44","2001","Females","17,187","11,500,919","149.44","--","256","2,652","15.4%","11,989","22,384"
"45 to 49","2023","Males","10,808","9,886,355","109.32","--","299","1,381","12.8%","8,100","13,515"
"45 to 49","2023","Females","10,771","9,930,655","108.46","--","254","1,291","12.0%","8,240","13,302"
"45 to 49","2022","Males","10,524","9,809,355","107.29","--","249","1,378","13.1%","7,823","13,226"
"45 to 49","2022","Females","12,013","9,857,618","121.87","--","249","1,384","11.5%","9,301","14,725"
"45 to 49","2021","Males","11,992","9,878,986","121.39","--","207","1,921","16.0%","8,228","15,757"
"45 to 49","2021","Females","13,363","9,909,040","134.86","--","207","1,799","13.5%","9,838","16,888"
"45 to 49","2020","Males","13,394","10,158,030","131.85","--","215","2,680","20.0%","8,141","18,646"
"45 to 49","2020","Females","13,880","10,159,661","136.62","--","198","2,105","15.2%","9,753","18,006"
"45 to 49","2019","Males","16,356","10,082,635","162.22","--","233","2,558","15.6%","11,343","21,370"
"45 to 49","2019","Females","13,049","10,307,804","126.60","--","182","1,709","13.1%","9,700","16,398"
"45 to 49","2018","Males","13,097","10,249,333","127.78","--","189","1,496","11.4%","10,164","16,030"
"45 to 49","2018","Females","15,306","10,466,104","146.25","--","205","1,411","9.2%","12,541","18,072"
"45 to 49","2017","Males","16,971","10,349,982","163.97","--","265","2,496","14.7%","12,078","21,863"
"45 to 49","2017","Females","16,375","10,547,318","155.25","--","231","1,676","10.2%","13,090","19,661"
"45 to 49","2016","Males","17,752","10,356,168","171.41","--","236","2,188","12.3%","13,463","22,040"
"45 to 49","2016","Females","20,626","10,550,885","195.49","--","252","1,460","7.1%","17,764","23,488"
"45 to 49","2015","Males","18,274","10,288,356","177.62","--","288","3,402","18.6%","11,607","24,942"
"45 to 49","2015","Females","21,412","10,473,254","204.44","--","286","2,665","12.4%","16,188","26,636"
"45 to 49","2014","Males","16,547","10,310,760","160.48","--","271","2,496","15.1%","11,654","21,440"
"45 to 49","2014","Females","17,654","10,509,217","167.99","--","271","1,771","10.0%","14,184","21,125"
"45 to 49","2013","Males","20,495","10,491,199","195.36","--","367","2,441","11.9%","15,711","25,279"
"45 to 49","2013","Females","22,540","10,711,713","210.42","--","355","2,499","11.1%","17,641","27,438"
"45 to 49","2012","Males","18,740","10,719,658","174.82","--","314","2,349","12.5%","14,135","23,345"
"45 to 49","2012","Females","23,798","10,964,652","217.04","--","367","2,632","11.1%","18,640","28,956"
"45 to 49","2011","Males","20,243","10,950,307","184.86","--","313","3,053","15.1%","14,259","26,228"
"45 to 49","2011","Females","24,923","11,211,705","222.29","--","349","2,972","11.9%","19,099","30,747"
"45 to 49","2010","Males","19,829","11,209,686","176.89","--","293","3,413","17.2%","13,139","26,518"
"45 to 49","2010","Females","26,614","11,499,777","231.43","--","341","2,756","10.4%","21,212","32,017"
"45 to 49","2009","Males","16,438","11,285,671","145.66","--","256","3,665","22.3%","9,256","23,621"
"45 to 49","2009","Females","18,626","11,576,574","160.89","--","294","2,858","15.3%","13,025","24,227"
"45 to 49","2008","Males","15,184","11,263,990","134.80","--","256","2,061","13.6%","11,144","19,223"
"45 to 49","2008","Females","20,129","11,556,983","174.17","--","305","2,883","14.3%","14,477","25,780"
"45 to 49","2007","Males","13,862","11,257,548","123.14","--","217","1,818","13.1%","10,300","17,424"
"45 to 49","2007","Females","18,565","11,542,213","160.84","--","277","2,293","12.3%","14,071","23,058"
"45 to 49","2006","Males","15,203","11,209,831","135.62","--","221","2,388","15.7%","10,523","19,882"
"45 to 49","2006","Females","18,738","11,505,455","162.86","--","270","2,191","11.7%","14,444","23,032"
"45 to 49","2005","Males","12,915","11,060,083","116.77","--","213","1,882","14.6%","9,227","16,602"
"45 to 49","2005","Females","16,378","11,357,088","144.21","--","264","1,527","9.3%","13,385","19,372"
"45 to 49","2004","Males","15,136","10,880,756","139.10","--","225","1,704","11.3%","11,795","18,476"
"45 to 49","2004","Females","19,107","11,184,506","170.83","--","265","2,398","12.6%","14,406","23,807"
"45 to 49","2003","Males","17,780","10,705,411","166.08","--","238","2,621","14.7%","12,643","22,917"
"45 to 49","2003","Females","17,947","11,017,265","162.90","--","235","2,453","13.7%","13,140","22,754"
"45 to 49","2002","Males","11,534","10,466,497","110.20","--","166","1,859","16.1%","7,890","15,178"
"45 to 49","2002","Females","13,208","10,785,791","122.46","--","210","1,658","12.5%","9,959","16,457"
"45 to 49","2001","Males","10,770","10,193,034","105.66","--","144","2,231","20.7%","6,397","15,143"
"45 to 49","2001","Females","10,828","10,505,949","103.06","--","158","1,769","16.3%","7,361","14,295"
"50 to 54","2023","Males","10,032","10,300,754","97.39","--","255","1,498","14.9%","7,096","12,968"
"50 to 54","2023","Females","11,052","10,376,017","106.51","--","256","1,341","12.1%","8,423","13,681"
"50 to 54","2022","Males","10,707","10,405,981","102.89","--","227","1,368","12.8%","8,026","13,387"
"50 to 54","2022","Females","12,823","10,454,128","122.66","--","255","1,448","11.3%","9,985","15,661"
"50 to 54","2021","Males","11,439","10,434,910","109.62","--","190","1,995","17.4%","7,528","15,349"
"50 to 54","2021","Females","9,399","10,470,344","89.77","--","152","1,067","11.4%","7,307","11,492"
"50 to 54","2020","Males","10,938","10,369,182","105.48","--","182","1,473","13.5%","8,050","13,825"
"50 to 54","2020","Females","11,367","10,409,203","109.20","--","159","1,150","10.1%","9,112","13,621"
"50 to 54","2019","Males","14,284","10,082,296","141.67","--","220","1,970","13.8%","10,422","18,145"
"50 to 54","2019","Females","12,476","10,387,588","120.10","--","178","1,501","12.0%","9,534","15,417"
"50 to 54","2018","Males","11,732","10,262,878","114.31","--","185","1,841","15.7%","8,125","15,339"
"50 to 54","2018","Females","15,191","10,593,345","143.40","--","205","1,510","9.9%","12,230","18,151"
"50 to 54","2017","Males","13,982","10,485,450","133.35","--","228","1,886","13.5%","10,286","17,679"
"50 to 54","2017","Females","16,609","10,844,299","153.16","--","242","1,844","11.1%","12,994","20,223"
"50 to 54","2016","Males","17,270","10,708,723","161.27","--","239","1,946","11.3%","13,455","21,085"
"50 to 54","2016","Females","16,800","11,087,512","151.52","--","235","2,194","13.1%","12,499","21,101"
"50 to 54","2015","Males","19,997","10,921,871","183.09","--","292","2,910","14.6%","14,294","25,700"
"50 to 54","2015","Females","21,460","11,329,624","189.41","--","301","3,097","14.4%","15,390","27,530"
"50 to 54","2014","Males","17,075","11,045,022","154.59","--","294","2,510","14.7%","12,155","21,994"
"50 to 54","2014","Females","17,917","11,464,466","156.28","--","282","2,183","12.2%","13,638","22,195"
"50 to 54","2013","Males","17,235","11,060,993","155.82","--","295","1,962","11.4%","13,389","21,082"
"50 to 54","2013","Females","23,104","11,485,360","201.16","--","364","2,393","10.4%","18,413","27,795"
"50 to 54","2012","Males","16,761","11,072,956","151.37","--","292","2,068","12.3%","12,707","20,815"
"50 to 54","2012","Females","20,925","11,498,699","181.98","--","334","2,641","12.6%","15,749","26,101"
"50 to 54","2011","Males","14,609","11,065,703","132.02","--","242","2,694","18.4%","9,329","19,888"
"50 to 54","2011","Females","17,782","11,498,174","154.65","--","294","2,576","14.5%","12,733","22,831"
"50 to 54","2010","Males","15,515","10,933,752","141.90","--","228","3,048","19.6%","9,541","21,488"
"50 to 54","2010","Females","16,244","11,365,056","142.93","--","241","2,041","12.6%","12,243","20,245"
"50 to 54","2009","Males","11,888","10,783,563","110.24","--","197","1,665","14.0%","8,625","15,150"
"50 to 54","2009","Females","13,606","11,221,280","121.25","--","229","1,617","11.9%","10,437","16,774"
"50 to 54","2008","Males","11,189","10,598,921","105.57","--","166","1,921","17.2%","7,424","14,954"
"50 to 54","2008","Females","11,250","11,040,553","101.90","--","183","1,421","12.6%","8,465","14,036"
"50 to 54","2007","Males","9,686","10,344,429","93.63","--","148","1,585","16.4%","6,580","12,791"
"50 to 54","2007","Females","13,046","10,795,749","120.85","--","196","1,814","13.9%","9,490","16,603"
"50 to 54","2006","Males","9,433","10,064,753","93.73","--","133","1,472","15.6%","6,547","12,319"
"50 to 54","2006","Females","11,609","10,506,120","110.50","--","165","1,455","12.5%","8,758","14,461"
"50 to 54","2005","Males","9,539","9,821,292","97.12","--","140","1,695","17.8%","6,216","12,861"
"50 to 54","2005","Females","9,920","10,257,441","96.71","--","167","1,254","12.6%","7,462","12,378"
"50 to 54","2004","Males","11,422","9,565,045","119.42","--","155","1,573","13.8%","8,340","14,505"
"50 to 54","2004","Females","8,839","9,999,623","88.39","--","138","1,560","17.7%","5,780","11,897"
"50 to 54","2003","Males","10,155","9,337,624","108.75","--","127","1,864","18.4%","6,501","13,808"
"50 to 54","2003","Females","10,122","9,759,654","103.71","--","138","1,586","15.7%","7,014","13,230"
"50 to 54","2002","Males","6,611","9,168,094","72.11","--","120","1,463","22.1%","3,744","9,478"
"50 to 54","2002","Females","6,937","9,571,812","72.47","--","117","1,030","14.8%","4,919","8,956"
"50 to 54","2001","Males","5,607","9,146,153","61.31","--","97","1,358","24.2%","2,946","8,268"
"50 to 54","2001","Females","8,400","9,541,132","88.04","--","114","1,628","19.4%","5,210","11,590"
"55 to 59","2023","Males","9,922","10,166,391","97.59","--","248","1,343","13.5%","7,289","12,554"
"55 to 59","2023","Females","8,154","10,439,866","78.11","--","169","1,123","13.8%","5,954","10,354"
"55 to 59","2022","Males","10,403","10,378,600","100.24","--","235","1,444","13.9%","7,574","13,233"
"55 to 59","2022","Females","8,988","10,679,509","84.16","--","186","1,162","12.9%","6,709","11,266"
"55 to 59","2021","Males","8,827","10,629,037","83.05","--","158","1,480","16.8%","5,927","11,727"
"55 to 59","2021","Females","10,034","10,937,467","91.74","--","146","1,486","14.8%","7,121","12,948"
"55 to 59","2020","Males","9,249","10,853,835","85.22","--","152","1,444","15.6%","6,420","12,079"
"55 to 59","2020","Females","8,417","11,172,928","75.34","--","125","1,076","12.8%","6,308","10,526"
"55 to 59","2019","Males","9,822","10,639,047","92.32","--","162","1,502","15.3%","6,878","12,766"
"55 to 59","2019","Females","10,112","11,232,044","90.03","--","149","1,282","12.7%","7,599","12,626"
"55 to 59","2018","Males","10,209","10,658,259","95.78","--","165","1,400","13.7%","7,465","12,953"
"55 to 59","2018","Females","12,235","11,257,833","108.68","--","176","1,498","12.2%","9,298","15,172"
"55 to 59","2017","Males","11,827","10,670,828","110.84","--","194","1,885","15.9%","8,132","15,522"
"55 to 59","2017","Females","12,425","11,274,831","110.20","--","171","1,346","10.8%","9,787","15,063"
"55 to 59","2016","Males","12,542","10,663,988","117.61","--","164","1,291","10.3%","10,012","15,072"
"55 to 59","2016","Females","13,419","11,276,769","118.99","--","180","1,426","10.6%","10,624","16,214"
"55 to 59","2015","Males","13,469","10,559,735","127.55","--","189","2,296","17.0%","8,969","17,969"
"55 to 59","2015","Females","11,420","11,173,781","102.20","--","162","1,471","12.9%","8,536","14,303"
"55 to 59","2014","Males","9,790","10,416,082","93.99","--","176","1,852","18.9%","6,161","13,420"
"55 to 59","2014","Females","9,999","11,042,238","90.55","--","144","1,759","17.6%","6,551","13,447"
"55 to 59","2013","Males","10,471","10,268,546","101.98","--","194","1,577","15.1%","7,380","13,563"
"55 to 59","2013","Females","12,906","10,904,047","118.36","--","199","1,474","11.4%","10,016","15,795"
"55 to 59","2012","Males","10,494","10,063,422","104.28","--","167","1,514","14.4%","7,526","13,461"
"55 to 59","2012","Females","12,083","10,702,819","112.89","--","177","1,810","15.0%","8,534","15,631"
"55 to 59","2011","Males","9,576","9,813,835","97.58","--","150","1,519","15.9%","6,599","12,553"
"55 to 59","2011","Females","12,365","10,442,727","118.41","--","174","1,501","12.1%","9,423","15,308"
"55 to 59","2010","Males","9,099","9,523,938","95.54","--","135","1,597","17.5%","5,970","12,228"
"55 to 59","2010","Females","10,479","10,141,286","103.33","--","151","2,010","19.2%","6,538","14,419"
"55 to 59","2009","Males","5,651","9,334,386","60.54","--","110","1,106","19.6%","3,483","7,820"
"55 to 59","2009","Females","6,172","9,946,217","62.05","--","103","1,030","16.7%","4,152","8,191"
"55 to 59","2008","Males","4,384","9,112,330","48.11","--","78","666","15.2%","3,077","5,690"
"55 to 59","2008","Females","8,205","9,702,238","84.57","--","122","1,124","13.7%","6,001","10,409"
"55 to 59","2007","Males","4,918","8,945,299","54.98","--","69","1,121","22.8%","2,721","7,115"
"55 to 59","2007","Females","6,232","9,509,473","65.53","--","101","1,156","18.6%","3,966","8,498"
"55 to 59","2006","Males","5,357","8,923,795","60.03","--","80","1,129","21.1%","3,144","7,571"
"55 to 59","2006","Females","6,989","9,473,065","73.78","--","102","996","14.2%","5,037","8,941"
"55 to 59","2005","Males","3,911","8,495,361","46.04","--","66","899","23.0%","2,150","5,673"
"55 to 59","2005","Females","5,312","9,007,859","58.97","--","73","934","17.6%","3,481","7,142"
"55 to 59","2004","Males","4,793","8,059,227","59.48","--","62","870","18.2%","3,088","6,499"
"55 to 59","2004","Females","5,654","8,547,949","66.14","--","70","1,048","18.5%","3,600","7,708"
"55 to 59","2003","Males","4,580","7,672,601","59.69","--","64","953","20.8%","2,712","6,447"
"55 to 59","2003","Females","4,651","8,141,956","57.13","--","65","972","20.9%","2,747","6,556"
"55 to 59","2002","Males","3,322","7,341,077","45.25","--","55","591","17.8%","2,164","4,479"
"55 to 59","2002","Females","4,977","7,801,990","63.79","--","68","949","19.1%","3,117","6,837"
"55 to 59","2001","Males","3,141","6,759,579","46.47","--","42","609","19.4%","1,948","4,335"
"55 to 59","2001","Females","2,734","7,209,396","37.92","--","34","754","27.6%","1,256","4,211"
"60 to 64","2023","Males","7,275","10,337,454","70.37","--","177","940","12.9%","5,432","9,118"
"60 to 64","2023","Females","5,675","10,910,700","52.01","--","127","708","12.5%","4,286","7,063"
"60 to 64","2022","Males","7,240","10,337,500","70.03","--","159","902","12.5%","5,472","9,008"
"60 to 64","2022","Females","5,746","10,912,423","52.65","--","123","970","16.9%","3,845","7,647"
"60 to 64","2021","Males","5,494","10,322,681","53.22","--","99","788","14.3%","3,949","7,039"
"60 to 64","2021","Females","5,233","10,895,989","48.03","--","84","845","16.2%","3,576","6,890"
"60 to 64","2020","Males","7,511","10,223,860","73.47","--","112","1,425","19.0%","4,718","10,304"
"60 to 64","2020","Females","5,818","10,800,673","53.86","--","74","1,338","23.0%","3,195","8,440"
"60 to 64","2019","Males","6,063","9,851,308","61.55","--","100","663","10.9%","4,763","7,363"
"60 to 64","2019","Females","6,636","10,708,826","61.97","--","103","1,005","15.1%","4,667","8,605"
"60 to 64","2018","Males","5,425","9,717,646","55.83","--","93","735","13.6%","3,983","6,867"
"60 to 64","2018","Females","6,553","10,585,539","61.91","--","90","1,206","18.4%","4,189","8,918"
"60 to 64","2017","Males","6,560","9,529,117","68.85","--","107","1,051","16.0%","4,500","8,621"
"60 to 64","2017","Females","7,417","10,398,926","71.32","--","102","750","10.1%","5,946","8,887"
"60 to 64","2016","Males","6,016","9,297,699","64.71","--","89","962","16.0%","4,130","7,903"
"60 to 64","2016","Females","7,460","10,153,415","73.47","--","93","1,013","13.6%","5,474","9,445"
"60 to 64","2015","Males","4,416","9,085,876","48.60","--","76","824","18.7%","2,800","6,031"
"60 to 64","2015","Females","6,987","9,926,854","70.38","--","96","916","13.1%","5,191","8,782"
"60 to 64","2014","Males","5,443","8,855,150","61.46","--","104","1,086","20.0%","3,313","7,572"
"60 to 64","2014","Females","5,919","9,672,090","61.20","--","84","1,059","17.9%","3,844","7,995"
"60 to 64","2013","Males","6,421","8,662,539","74.12","--","103","1,167","18.2%","4,135","8,707"
"60 to 64","2013","Females","7,761","9,444,556","82.17","--","115","1,007","13.0%","5,787","9,734"
"60 to 64","2012","Males","4,148","8,531,036","48.62","--","77","884","21.3%","2,415","5,881"
"60 to 64","2012","Females","6,686","9,278,588","72.06","--","104","980","14.7%","4,765","8,608"
"60 to 64","2011","Males","4,433","8,542,889","51.89","--","69","913","20.6%","2,644","6,222"
"60 to 64","2011","Females","6,758","9,269,182","72.91","--","88","1,333","19.7%","4,146","9,371"
"60 to 64","2010","Males","4,265","8,077,705","52.80","--","70","1,061","24.9%","2,186","6,345"
"60 to 64","2010","Females","4,777","8,740,562","54.65","--","78","768","16.1%","3,271","6,282"
"60 to 64","2009","Males","2,960","7,741,673","38.23","--","52","733","24.8%","1,523","4,396"
"60 to 64","2009","Females","3,423","8,383,324","40.84","--","58","659","19.3%","2,132","4,715"
"60 to 64","2008","Males","2,332","7,362,970","31.67","--","39","462","19.8%","1,427","3,236"
"60 to 64","2008","Females","3,538","7,979,525","44.34","--","57","654","18.5%","2,256","4,821"
"60 to 64","2007","Males","--","7,034,464","--","--","--","--","--","--","--"
"60 to 64","2007","Females","3,102","7,639,198","40.61","--","54","866","27.9%","1,406","4,799"
"60 to 64","2006","Males","3,287","6,474,264","50.77","--","45","661","20.1%","1,992","4,582"
"60 to 64","2006","Females","2,953","7,058,989","41.83","--","45","527","17.8%","1,920","3,985"
"60 to 64","2005","Males","1,966","6,277,726","31.31","--","30","446","22.7%","1,091","2,841"
"60 to 64","2005","Females","3,337","6,860,551","48.64","--","47","935","28.0%","1,505","5,169"
"60 to 64","2004","Males","2,641","6,060,330","43.58","--","37","547","20.7%","1,569","3,714"
"60 to 64","2004","Females","2,858","6,637,798","43.06","--","36","737","25.8%","1,414","4,303"
"60 to 64","2003","Males","2,389","5,816,925","41.07","--","29","647","27.1%","1,120","3,657"
"60 to 64","2003","Females","2,593","6,377,463","40.66","--","32","458","17.7%","1,695","3,491"
"60 to 64","2002","Males","1,386","5,508,597","25.17","--","26","383","27.6%","637","2,136"
"60 to 64","2002","Females","--","6,051,668","--","--","--","--","--","--","--"
"60 to 64","2001","Males","--","5,302,150","--","--","--","--","--","--","--"
"60 to 64","2001","Females","--","5,834,170","--","--","--","--","--","--","--"
"65 to 69","2023","Males","4,098","9,125,260","44.91","--","101","541","13.2%","3,038","5,158"
"65 to 69","2023","Females","4,908","10,025,468","48.95","--","109","578","11.8%","3,774","6,041"
"65 to 69","2022","Males","4,704","8,928,612","52.68","--","91","684","14.5%","3,363","6,045"
"65 to 69","2022","Females","4,671","9,837,549","47.48","--","94","827","17.7%","3,049","6,293"
"65 to 69","2021","Males","3,446","8,735,007","39.45","--","59","629","18.2%","2,214","4,679"
"65 to 69","2021","Females","2,963","9,636,480","30.75","--","46","427","14.4%","2,127","3,799"
"65 to 69","2020","Males","3,801","8,552,825","44.44","--","55","745","19.6%","2,340","5,262"
"65 to 69","2020","Females","2,961","9,441,471","31.36","--","44","573","19.3%","1,839","4,084"
"65 to 69","2019","Males","3,250","8,191,801","39.67","--","55","592","18.2%","2,089","4,411"
"65 to 69","2019","Females","3,511","9,252,566","37.95","--","53","779","22.2%","1,985","5,037"
"65 to 69","2018","Males","4,321","8,022,909","53.85","--","59","940","21.8%","2,478","6,163"
"65 to 69","2018","Females","3,164","9,041,390","35.00","--","46","608","19.2%","1,972","4,357"
"65 to 69","2017","Males","4,335","7,909,189","54.81","--","61","774","17.9%","2,818","5,853"
"65 to 69","2017","Females","3,100","8,884,407","34.89","--","43","731","23.6%","1,667","4,532"
"65 to 69","2016","Males","3,656","7,927,580","46.12","--","45","806","22.0%","2,076","5,236"
"65 to 69","2016","Females","5,247","8,874,413","59.13","--","56","1,220","23.2%","2,857","7,637"
"65 to 69","2015","Males","2,565","7,576,768","33.85","--","48","681","26.6%","1,230","3,900"
"65 to 69","2015","Females","3,683","8,454,324","43.57","--","42","988","26.8%","1,747","5,620"
"65 to 69","2014","Males","2,074","7,234,673","28.67","--","36","423","20.4%","1,244","2,904"
"65 to 69","2014","Females","3,414","8,062,323","42.35","--","56","622","18.2%","2,196","4,633"
"65 to 69","2013","Males","2,070","6,901,813","29.99","--","41","438","21.1%","1,212","2,928"
"65 to 69","2013","Females","2,683","7,690,162","34.89","--","43","445","16.6%","1,810","3,555"
"65 to 69","2012","Males","--","6,607,248","--","--","--","--","--","--","--"
"65 to 69","2012","Females","3,264","7,372,870","44.28","--","47","613","18.8%","2,062","4,467"
"65 to 69","2011","Males","1,802","6,073,218","29.67","--","31","403","22.4%","1,012","2,592"
"65 to 69","2011","Females","2,559","6,805,394","37.60","--","45","462","18.1%","1,653","3,465"
"65 to 69","2010","Males","2,159","5,852,722","36.89","--","27","542","25.1%","1,097","3,220"
"65 to 69","2010","Females","3,173","6,582,845","48.21","--","39","835","26.3%","1,538","4,809"
"65 to 69","2009","Males","--","5,684,499","--","--","--","--","--","--","--"
"65 to 69","2009","Females","1,894","6,407,878","29.56","--","31","489","25.8%","936","2,852"
"65 to 69","2008","Males","--","5,446,439","--","--","--","--","--","--","--"
"65 to 69","2008","Females","2,566","6,147,908","41.73","--","30","586","22.8%","1,417","3,715"
"65 to 69","2007","Males","1,537","5,145,430","29.88","--","24","405","26.3%","743","2,331"
"65 to 69","2007","Females","1,721","5,824,805","29.55","--","27","493","28.7%","754","2,688"
"65 to 69","2006","Males","1,480","4,943,999","29.93","--","21","359","24.2%","777","2,183"
"65 to 69","2006","Females","--","5,609,202","--","--","--","--","--","--","--"
"65 to 69","2005","Males","--","4,809,127","--","--","--","--","--","--","--"
"65 to 69","2005","Females","1,237","5,469,500","22.61","--","25","342","27.7%","566","1,908"
"65 to 69","2004","Males","--","4,703,011","--","--","--","--","--","--","--"
"65 to 69","2004","Females","2,404","5,370,418","44.77","--","31","696","28.9%","1,041","3,768"
"65 to 69","2003","Males","--","4,577,090","--","--","--","--","--","--","--"
"65 to 69","2003","Females","--","5,253,706","--","--","--","--","--","--","--"
"65 to 69","2002","Males","--","4,474,667","--","--","--","--","--","--","--"
"65 to 69","2002","Females","--","5,163,814","--","--","--","--","--","--","--"
"65 to 69","2001","Males","--","4,427,615","--","--","--","--","--","--","--"
"65 to 69","2001","Females","--","5,134,618","--","--","--","--","--","--","--"
"70 to 74","2023","Males","3,004","7,209,820","41.67","--","65","584","19.4%","1,859","4,149"
"70 to 74","2023","Females","2,972","8,324,736","35.70","--","62","655","22.1%","1,687","4,256"
"70 to 74","2022","Males","2,382","7,074,257","33.67","--","50","603","25.3%","1,201","3,563"
"70 to 74","2022","Females","2,696","8,159,422","33.04","--","60","488","18.1%","1,740","3,651"
"70 to 74","2021","Males","1,849","7,111,192","26.01","--","31","527","28.5%","817","2,882"
"70 to 74","2021","Females","1,959","8,150,199","24.03","--","33","385","19.7%","1,204","2,713"
"70 to 74","2020","Males","2,110","6,808,330","30.99","--","34","541","25.7%","1,048","3,171"
"70 to 74","2020","Females","--","7,766,655","--","--","--","--","--","--","--"
"70 to 74","2019","Males","1,493","6,499,159","22.98","--","24","403","27.0%","703","2,284"
"70 to 74","2019","Females","2,039","7,527,818","27.09","--","26","460","22.6%","1,138","2,941"
"70 to 74","2018","Males","2,613","6,200,020","42.15","--","29","628","24.0%","1,383","3,844"
"70 to 74","2018","Females","--","7,180,687","--","--","--","--","--","--","--"
"70 to 74","2017","Males","--","5,931,096","--","--","--","--","--","--","--"
"70 to 74","2017","Females","2,324","6,881,542","33.77","--","29","581","25.0%","1,184","3,463"
"70 to 74","2016","Males","--","5,444,125","--","--","--","--","--","--","--"
"70 to 74","2016","Females","1,870","6,347,009","29.46","--","26","384","20.5%","1,117","2,623"
"70 to 74","2015","Males","1,364","5,281,726","25.82","--","21","313","22.9%","750","1,977"
"70 to 74","2015","Females","--","6,175,400","--","--","--","--","--","--","--"
"70 to 74","2014","Males","--","5,091,435","--","--","--","--","--","--","--"
"70 to 74","2014","Females","--","5,967,007","--","--","--","--","--","--","--"
"70 to 74","2013","Males","--","4,878,749","--","--","--","--","--","--","--"
"70 to 74","2013","Females","1,361","5,723,763","23.79","--","28","320","23.5%","734","1,989"
"70 to 74","2012","Males","--","4,598,264","--","--","--","--","--","--","--"
"70 to 74","2012","Females","--","5,414,881","--","--","--","--","--","--","--"
"70 to 74","2011","Males","--","4,403,446","--","--","--","--","--","--","--"
"70 to 74","2011","Females","--","5,204,517","--","--","--","--","--","--","--"
"70 to 74","2010","Males","--","4,244,142","--","--","--","--","--","--","--"
"70 to 74","2010","Females","--","5,034,336","--","--","--","--","--","--","--"
"70 to 74","2009","Males","--","4,173,443","--","--","--","--","--","--","--"
"70 to 74","2009","Females","--","4,967,279","--","--","--","--","--","--","--"
"70 to 74","2008","Males","--","4,054,996","--","--","--","--","--","--","--"
"70 to 74","2008","Females","--","4,856,336","--","--","--","--","--","--","--"
"70 to 74","2007","Males","--","3,957,495","--","--","--","--","--","--","--"
"70 to 74","2007","Females","--","4,770,997","--","--","--","--","--","--","--"
"70 to 74","2006","Males","--","3,908,390","--","--","--","--","--","--","--"
"70 to 74","2006","Females","--","4,741,436","--","--","--","--","--","--","--"
"70 to 74","2005","Males","--","3,874,001","--","--","--","--","--","--","--"
"70 to 74","2005","Females","--","4,729,069","--","--","--","--","--","--","--"
"70 to 74","2004","Males","--","3,854,159","--","--","--","--","--","--","--"
"70 to 74","2004","Females","--","4,739,945","--","--","--","--","--","--","--"
"70 to 74","2003","Males","--","3,875,623","--","--","--","--","--","--","--"
"70 to 74","2003","Females","--","4,794,496","--","--","--","--","--","--","--"
"70 to 74","2002","Males","--","3,897,210","--","--","--","--","--","--","--"
"70 to 74","2002","Females","--","4,852,844","--","--","--","--","--","--","--"
"70 to 74","2001","Males","--","3,913,438","--","--","--","--","--","--","--"
"70 to 74","2001","Females","--","4,908,508","--","--","--","--","--","--","--"
"75 to 79","2023","Males","--","5,166,023","--","--","--","--","--","--","--"
"75 to 79","2023","Females","--","6,221,394","--","--","--","--","--","--","--"
"75 to 79","2022","Males","1,301","4,917,489","26.46","--","32","298","22.9%","716","1,886"
"75 to 79","2022","Females","--","5,936,838","--","--","--","--","--","--","--"
"75 to 79","2021","Males","--","4,465,975","--","--","--","--","--","--","--"
"75 to 79","2021","Females","--","5,436,501","--","--","--","--","--","--","--"
"75 to 79","2020","Males","--","4,359,121","--","--","--","--","--","--","--"
"75 to 79","2020","Females","1,854","5,302,206","34.97","--","24","496","26.7%","883","2,826"
"75 to 79","2019","Males","--","4,317,707","--","--","--","--","--","--","--"
"75 to 79","2019","Females","1,972","5,333,117","36.98","--","23","392","19.9%","1,204","2,740"
"75 to 79","2018","Males","--","4,134,784","--","--","--","--","--","--","--"
"75 to 79","2018","Females","--","5,115,395","--","--","--","--","--","--","--"
"75 to 79","2017","Males","--","3,889,506","--","--","--","--","--","--","--"
"75 to 79","2017","Females","1,699","4,833,186","35.16","--","22","500","29.5%","718","2,680"
"75 to 79","2016","Males","--","3,721,492","--","--","--","--","--","--","--"
"75 to 79","2016","Females","--","4,642,235","--","--","--","--","--","--","--"
"75 to 79","2015","Males","--","3,603,446","--","--","--","--","--","--","--"
"75 to 79","2015","Females","--","4,507,381","--","--","--","--","--","--","--"
"75 to 79","2014","Males","--","3,507,421","--","--","--","--","--","--","--"
"75 to 79","2014","Females","--","4,408,952","--","--","--","--","--","--","--"
"75 to 79","2013","Males","--","3,390,044","--","--","--","--","--","--","--"
"75 to 79","2013","Females","--","4,291,752","--","--","--","--","--","--","--"
"75 to 79","2012","Males","--","3,293,616","--","--","--","--","--","--","--"
"75 to 79","2012","Females","--","4,200,910","--","--","--","--","--","--","--"
"75 to 79","2011","Males","--","3,232,789","--","--","--","--","--","--","--"
"75 to 79","2011","Females","--","4,156,288","--","--","--","--","--","--","--"
"75 to 79","2010","Males","--","3,182,576","--","--","--","--","--","--","--"
"75 to 79","2010","Females","--","4,135,670","--","--","--","--","--","--","--"
"75 to 79","2009","Males","--","3,159,284","--","--","--","--","--","--","--"
"75 to 79","2009","Females","--","4,135,780","--","--","--","--","--","--","--"
"75 to 79","2008","Males","--","3,167,246","--","--","--","--","--","--","--"
"75 to 79","2008","Females","--","4,178,497","--","--","--","--","--","--","--"
"75 to 79","2007","Males","--","3,175,139","--","--","--","--","--","--","--"
"75 to 79","2007","Females","--","4,225,224","--","--","--","--","--","--","--"
"75 to 79","2006","Males","--","3,177,898","--","--","--","--","--","--","--"
"75 to 79","2006","Females","--","4,269,136","--","--","--","--","--","--","--"
"75 to 79","2005","Males","--","3,164,353","--","--","--","--","--","--","--"
"75 to 79","2005","Females","--","4,299,256","--","--","--","--","--","--","--"
"75 to 79","2004","Males","--","3,140,080","--","--","--","--","--","--","--"
"75 to 79","2004","Females","--","4,321,319","--","--","--","--","--","--","--"
"75 to 79","2003","Males","--","3,131,860","--","--","--","--","--","--","--"
"75 to 79","2003","Females","--","4,365,982","--","--","--","--","--","--","--"
"75 to 79","2002","Males","--","3,101,769","--","--","--","--","--","--","--"
"75 to 79","2002","Females","--","4,368,692","--","--","--","--","--","--","--"
"75 to 79","2001","Males","--","3,077,254","--","--","--","--","--","--","--"
"75 to 79","2001","Females","--","4,378,159","--","--","--","--","--","--","--"
"80 to 84","2023","Males","--","2,996,476","--","--","--","--","--","--","--"
"80 to 84","2023","Females","--","3,984,204","--","--","--","--","--","--","--"
"80 to 84","2022","Males","--","2,802,290","--","--","--","--","--","--","--"
"80 to 84","2022","Females","--","3,754,869","--","--","--","--","--","--","--"
"80 to 84","2021","Males","--","2,692,439","--","--","--","--","--","--","--"
"80 to 84","2021","Females","--","3,615,739","--","--","--","--","--","--","--"
"80 to 84","2020","Males","--","2,630,418","--","--","--","--","--","--","--"
"80 to 84","2020","Females","--","3,530,519","--","--","--","--","--","--","--"
"80 to 84","2019","Males","--","2,678,743","--","--","--","--","--","--","--"
"80 to 84","2019","Females","--","3,636,357","--","--","--","--","--","--","--"
"80 to 84","2018","Males","--","2,584,496","--","--","--","--","--","--","--"
"80 to 84","2018","Females","--","3,536,898","--","--","--","--","--","--","--"
"80 to 84","2017","Males","--","2,504,286","--","--","--","--","--","--","--"
"80 to 84","2017","Females","--","3,455,501","--","--","--","--","--","--","--"
"80 to 84","2016","Males","--","2,453,136","--","--","--","--","--","--","--"
"80 to 84","2016","Females","--","3,415,481","--","--","--","--","--","--","--"
"80 to 84","2015","Males","--","2,407,460","--","--","--","--","--","--","--"
"80 to 84","2015","Females","--","3,386,269","--","--","--","--","--","--","--"
"80 to 84","2014","Males","--","2,376,937","--","--","--","--","--","--","--"
"80 to 84","2014","Females","--","3,379,011","--","--","--","--","--","--","--"
"80 to 84","2013","Males","--","2,364,502","--","--","--","--","--","--","--"
"80 to 84","2013","Females","--","3,397,838","--","--","--","--","--","--","--"
"80 to 84","2012","Males","--","2,354,010","--","--","--","--","--","--","--"
"80 to 84","2012","Females","--","3,425,248","--","--","--","--","--","--","--"
"80 to 84","2011","Males","--","2,334,476","--","--","--","--","--","--","--"
"80 to 84","2011","Females","--","3,443,304","--","--","--","--","--","--","--"
"80 to 84","2010","Males","--","2,294,580","--","--","--","--","--","--","--"
"80 to 84","2010","Females","--","3,449,345","--","--","--","--","--","--","--"
"80 to 84","2009","Males","--","2,272,851","--","--","--","--","--","--","--"
"80 to 84","2009","Females","--","3,454,860","--","--","--","--","--","--","--"
"80 to 84","2008","Males","--","2,252,413","--","--","--","--","--","--","--"
"80 to 84","2008","Females","--","3,477,946","--","--","--","--","--","--","--"
"80 to 84","2007","Males","--","2,217,809","--","--","--","--","--","--","--"
"80 to 84","2007","Females","--","3,469,267","--","--","--","--","--","--","--"
"80 to 84","2006","Males","--","2,184,568","--","--","--","--","--","--","--"
"80 to 84","2006","Females","--","3,463,549","--","--","--","--","--","--","--"
"80 to 84","2005","Males","--","2,156,614","--","--","--","--","--","--","--"
"80 to 84","2005","Females","--","3,454,579","--","--","--","--","--","--","--"
"80 to 84","2004","Males","--","2,111,081","--","--","--","--","--","--","--"
"80 to 84","2004","Females","--","3,417,423","--","--","--","--","--","--","--"
"80 to 84","2003","Males","--","2,051,421","--","--","--","--","--","--","--"
"80 to 84","2003","Females","--","3,347,175","--","--","--","--","--","--","--"
"80 to 84","2002","Males","--","1,998,991","--","--","--","--","--","--","--"
"80 to 84","2002","Females","--","3,295,412","--","--","--","--","--","--","--"
"80 to 84","2001","Males","--","1,926,631","--","--","--","--","--","--","--"
"80 to 84","2001","Females","--","3,211,574","--","--","--","--","--","--","--"
"85+","2023","Males","--","2,283,961","--","--","--","--","--","--","--"
"85+","2023","Females","--","3,911,019","--","--","--","--","--","--","--"
"85+","2022","Males","--","2,209,209","--","--","--","--","--","--","--"
"85+","2022","Females","--","3,849,649","--","--","--","--","--","--","--"
"85+","2021","Males","--","2,186,277","--","--","--","--","--","--","--"
"85+","2021","Females","--","3,854,937","--","--","--","--","--","--","--"
"85+","2020","Males","--","2,176,431","--","--","--","--","--","--","--"
"85+","2020","Females","--","3,884,585","--","--","--","--","--","--","--"
"85+","2019","Males","--","2,374,207","--","--","--","--","--","--","--"
"85+","2019","Females","--","4,225,260","--","--","--","--","--","--","--"
"85+","2018","Males","--","2,332,518","--","--","--","--","--","--","--"
"85+","2018","Females","--","4,205,508","--","--","--","--","--","--","--"
"85+","2017","Males","--","2,287,279","--","--","--","--","--","--","--"
"85+","2017","Females","--","4,181,647","--","--","--","--","--","--","--"
"85+","2016","Males","--","2,234,625","--","--","--","--","--","--","--"
"85+","2016","Females","--","4,148,383","--","--","--","--","--","--","--"
"85+","2015","Males","--","2,169,767","--","--","--","--","--","--","--"
"85+","2015","Females","--","4,093,329","--","--","--","--","--","--","--"
"85+","2014","Males","--","2,099,470","--","--","--","--","--","--","--"
"85+","2014","Females","--","4,033,776","--","--","--","--","--","--","--"
"85+","2013","Males","--","2,029,069","--","--","--","--","--","--","--"
"85+","2013","Females","--","3,964,645","--","--","--","--","--","--","--"
"85+","2012","Males","--","1,962,734","--","--","--","--","--","--","--"
"85+","2012","Females","--","3,902,430","--","--","--","--","--","--","--"
"85+","2011","Males","--","1,883,056","--","--","--","--","--","--","--"
"85+","2011","Females","--","3,814,403","--","--","--","--","--","--","--"
"85+","2010","Males","--","1,790,030","--","--","--","--","--","--","--"
"85+","2010","Females","--","3,704,973","--","--","--","--","--","--","--"
"85+","2009","Males","--","1,735,347","--","--","--","--","--","--","--"
"85+","2009","Females","--","3,631,954","--","--","--","--","--","--","--"
"85+","2008","Males","--","1,662,814","--","--","--","--","--","--","--"
"85+","2008","Females","--","3,533,026","--","--","--","--","--","--","--"
"85+","2007","Males","--","1,593,236","--","--","--","--","--","--","--"
"85+","2007","Females","--","3,446,309","--","--","--","--","--","--","--"
"85+","2006","Males","--","1,518,390","--","--","--","--","--","--","--"
"85+","2006","Females","--","3,347,539","--","--","--","--","--","--","--"
"85+","2005","Males","--","1,443,844","--","--","--","--","--","--","--"
"85+","2005","Females","--","3,249,455","--","--","--","--","--","--","--"
"85+","2004","Males","--","1,379,299","--","--","--","--","--","--","--"
"85+","2004","Females","--","3,166,584","--","--","--","--","--","--","--"
"85+","2003","Males","--","1,338,201","--","--","--","--","--","--","--"
"85+","2003","Females","--","3,127,975","--","--","--","--","--","--","--"
"85+","2002","Males","--","1,291,362","--","--","--","--","--","--","--"
"85+","2002","Females","--","3,077,446","--","--","--","--","--","--","--"
"85+","2001","Males","--","1,261,064","--","--","--","--","--","--","--"
"85+","2001","Females","--","3,051,430","--","--","--","--","--","--","--"
"Total","","","10,266,654","6,270,054,078","163.74","170.82","185,262","578,215","5.6%","9.13 M","11.40 M"
"","","","","","","","","","","",""
"Injury Outcome: Nonfatal All Injuries","","","","","","","","","","",""
"Data Years: 2001 to 2023","","","","","","","","","","",""
"Geography: United States","","","","","","","","","","",""
"Disposition: All Cases","","","","","","","","","","",""
"Intent: Self-Harm","","","","","","","","","","",""
"Mechanism: All Causes","","","","","","","","","","",""
"Age: 10 to 14 through 85+","","","","","","","","","","",""
"Sex: Males, Females","","","","","","","","","","",""
"Race: All Races","","","","","","","","","","",""
"Ethnicity: All Ethnicities","","","","","","","","","","",""
"Year and Race Options: 2018 - 2021 by Single Race","","","","","","","","","","",""
"Notation: indicates suppressed value (based on <20 unweighted count, <1,200 weighted count, or coefficient of variation of the estimate >30%);","","","","","","","","","","",""
"--* indicates secondary suppression.","","","","","","","","","","",""
"ᵅ CDC does not recommend using NEISS-AIP data for nonfatal firearm injury prevalence estimates at this time. Firearm injuries have distinct geographic patterns, and estimates can be imprecise or change over time when based on a small number of facilities. CDC is working with CPSC to update and expand the NEISS hospital sample (Go to “About Nonfatal Injury Data” to learn more).","","","","","","","","","","",""
"Rows showing totals and sub-totals will not be available when only one row in the results table is suppressed.","","","","","","","","","","",""
"Data sources:","","","","","","","","","","",""
"National Center for Health Statistics-CDC annual mortality data files for WISQARS Fatal data.","","","","","","","","","","",""
"National Electronic Injury Surveillance System-All Injury Program for WISQARS Nonfatal data , an estimated number of hospital visits for injury care that start in an emergency department based on a U.S. nationally representative probability sample of hospitals.","","","","","","","","","","",""
"Produced by: National Center for Injury Prevention and Control, CDC.","","","","","","","","","","",""